0,0,0,0,0,0,0,0,0,0,0,0,0,0,0,0,0,0,0,0,0,0,0,0,0,0,0,0,0,0,0,0,0,0,0,0,0,0,0,0,0,0,0,0,0,0,0,0,0,0,0,0,0,0,0,0,0,0,0,0,0,0,0,0,0,0,0,0,0,0,0,0,0,4.94,10.34,15.74,21.14,26.54,31.94,37.34,42.74,48.14,53.54,58.94,64.34,69.74,75.14,80.54,85.94,89
0,0,0,0,0,0,0,0,0,0,0,0,0,0,0,0,0,0,0,0,0,0,0,0,0,0,0,0,0,0,0,0,0,0,0,0,0,0,0,0,0,0,0,0,0,0,0,0,0,0,0,0,0,0,0,0,0,0,0,0,0,0,0,0,0,0,0,0,0,0,0,0,4.4506,14.6002,24.1018,32.9554,41.161,48.7186,55.6282,61.8898,67.5034,72.469,76.7866,80.4562,83.4778,85.8514,87.577,88.6546,89.0046,89.04
0,0,0,0,0,0,0,0,0,0,0,0,0,0,0,0,0,0,0,0,0,0,0,0,0,0,0,0,0,0,0,0,0,0,0,0,0,0,0,0,0,0,0,0,0,0,0,0,0,0,0,0,0,0,0,0,0,0,0,0,0,0,0,0,0,0,0,0,0,0,0,3.96437,14.0531,27.4563,39.1531,49.2599,57.8934,65.1704,71.2073,76.1209,80.0278,83.0447,85.2881,86.8747,87.9212,88.5442,88.8603,88.9787,89.0444,89.0798
0,0,0,0,0,0,0,0,0,0,0,0,0,0,0,0,0,0,0,0,0,0,0,0,0,0,0,0,0,0,0,0,0,0,0,0,0,0,0,0,0,0,0,0,0,0,0,0,0,0,0,0,0,0,0,0,0,0,0,0,0,0,0,0,0,0,0,0,0,0,3.4813,13.5095,26.8323,41.5168,53.4082,62.8875,70.3078,75.9944,80.2443,83.3268,85.4829,86.9259,87.8409,88.3851,88.6877,88.8499,88.9436,89.0182,89.0839,89.1193
0,0,0,0,0,0,0,0,0,0,0,0,0,0,0,0,0,0,0,0,0,0,0,0,0,0,0,0,0,0,0,0,0,0,0,0,0,0,0,0,0,0,0,0,0,0,0,0,0,0,0,0,0,0,0,0,0,0,0,0,0,0,0,0,0,0,0,0,0,3.00137,12.9694,26.2123,40.8087,54.8337,65.3236,73,78.4788,82.2781,84.8272,86.4748,87.497,88.1064,88.4598,88.6673,88.8,88.8986,88.983,89.0576,89.1232,89.1586
0,0,0,0,0,0,0,0,0,0,0,0,0,0,0,0,0,0,0,0,0,0,0,0,0,0,0,0,0,0,0,0,0,0,0,0,0,0,0,0,0,0,0,0,0,0,0,0,0,0,0,0,0,0,0,0,0,0,0,0,0,0,0,0,0,0,0,0,2.52455,12.4327,25.5962,40.105,54.0459,65.9653,74.1669,79.6585,83.2263,85.4706,86.8373,87.6475,88.1227,88.4087,88.5947,88.7308,88.8417,88.9377,89.022,89.0966,89.1623,89.1976
0,0,0,0,0,0,0,0,0,0,0,0,0,0,0,0,0,0,0,0,0,0,0,0,0,0,0,0,0,0,0,0,0,0,0,0,0,0,0,0,0,0,0,0,0,0,0,0,0,0,0,0,0,0,0,0,0,0,0,0,0,0,0,0,0,0,0,2.05082,11.8996,24.984,39.4058,53.263,65.1109,74.2275,79.9913,83.5302,85.643,86.8774,87.595,88.0232,88.297,88.4911,88.6432,88.7706,88.8806,88.9766,89.0609,89.1355,89.2011,89.2364
0,0,0,0,0,0,0,0,0,0,0,0,0,0,0,0,0,0,0,0,0,0,0,0,0,0,0,0,0,0,0,0,0,0,0,0,0,0,0,0,0,0,0,0,0,0,0,0,0,0,0,0,0,0,0,0,0,0,0,0,0,0,0,0,0,0,1.58016,11.3698,24.3758,38.711,52.4851,64.2619,73.3238,79.67,83.38,85.5045,86.7132,87.4151,87.8473,88.1396,88.3581,88.5342,88.6823,88.8093,88.9192,89.0152,89.0995,89.1741,89.2397,89.275
0,0,0,0,0,0,0,0,0,0,0,0,0,0,0,0,0,0,0,0,0,0,0,0,0,0,0,0,0,0,0,0,0,0,0,0,0,0,0,0,0,0,0,0,0,0,0,0,0,0,0,0,0,0,0,0,0,0,0,0,0,0,0,0,0,1.11256,10.8435,23.7714,38.0206,51.7121,63.4182,72.4258,78.7339,82.8376,85.1104,86.3829,87.1281,87.6019,87.9352,88.191,88.3989,88.5728,88.7207,88.8477,88.9577,89.0536,89.1379,89.2124,89.2781,89.3134
0,0,0,0,0,0,0,0,0,0,0,0,0,0,0,0,0,0,0,0,0,0,0,0,0,0,0,0,0,0,0,0,0,0,0,0,0,0,0,0,0,0,0,0,0,0,0,0,0,0,0,0,0,0,0,0,0,0,0,0,0,0,0,0,0.647995,10.3205,23.1709,37.3346,50.9439,62.5798,71.5333,77.8036,81.8827,84.4563,85.8829,86.7276,87.2783,87.6746,87.9817,88.2307,88.4373,88.6111,88.759,88.8859,88.9959,89.0918,89.1761,89.2506,89.3162,89.3515
0,0,0,0,0,0,0,0,0,0,0,0,0,0,0,0,0,0,0,0,0,0,0,0,0,0,0,0,0,0,0,0,0,0,0,0,0,0,0,0,0,0,0,0,0,0,0,0,0,0,0,0,0,0,0,0,0,0,0,0,0,0,0,0.186443,9.80094,22.5742,36.653,50.1806,61.7467,70.6464,76.8791,80.9337,83.4919,85.1803,86.189,86.857,87.3424,87.7185,88.0208,88.2689,88.4754,88.6492,88.797,88.9239,89.0338,89.1297,89.214,89.2885,89.3541,89.3894
0,0,0,0,0,0,0,0,0,0,0,0,0,0,0,0,0,0,0,0,0,0,0,0,0,0,0,0,0,0,0,0,0,0,0,0,0,0,0,0,0,0,0,0,0,0,0,0,0,0,0,0,0,0,0,0,0,0,0,0,0,0,0,9.28469,21.9813,35.9756,49.4221,60.9188,69.7651,75.9604,79.9907,82.5336,84.2118,85.4687,86.3068,86.9162,87.3848,87.7571,88.0588,88.3068,88.5132,88.687,88.8348,88.9617,89.0716,89.1674,89.2517,89.3262,89.3918,89.427
0,0,0,0,0,0,0,0,0,0,0,0,0,0,0,0,0,0,0,0,0,0,0,0,0,0,0,0,0,0,0,0,0,0,0,0,0,0,0,0,0,0,0,0,0,0,0,0,0,0,0,0,0,0,0,0,0,0,0,0,0,0,8.77177,21.3922,35.3025,48.6683,60.096,68.8893,75.0474,79.0535,81.5811,83.2493,84.4987,85.5812,86.3632,86.9576,87.4231,87.7949,88.0965,88.3445,88.5509,88.7246,88.8724,88.9992,89.1091,89.2049,89.2892,89.3636,89.4292,89.4645
0,0,0,0,0,0,0,0,0,0,0,0,0,0,0,0,0,0,0,0,0,0,0,0,0,0,0,0,0,0,0,0,0,0,0,0,0,0,0,0,0,0,0,0,0,0,0,0,0,0,0,0,0,0,0,0,0,0,0,0,0,8.26215,20.8069,34.6337,47.9193,59.2785,68.019,74.1401,78.1222,80.6347,82.2928,83.5347,84.6107,85.6364,86.4042,86.9957,87.4608,87.8325,88.134,88.3819,88.5883,88.762,88.9097,89.0366,89.1464,89.2422,89.3264,89.4009,89.4664,89.5017
0,0,0,0,0,0,0,0,0,0,0,0,0,0,0,0,0,0,0,0,0,0,0,0,0,0,0,0,0,0,0,0,0,0,0,0,0,0,0,0,0,0,0,0,0,0,0,0,0,0,0,0,0,0,0,0,0,0,0,0,7.75581,20.2253,33.9692,47.175,58.466,67.1541,73.2385,77.1967,79.6941,81.3423,82.5767,83.6463,84.6658,85.677,86.4421,87.0333,87.4982,87.8698,88.1713,88.4191,88.6255,88.7991,88.9468,89.0736,89.1834,89.2793,89.3635,89.4379,89.5034,89.5387
0,0,0,0,0,0,0,0,0,0,0,0,0,0,0,0,0,0,0,0,0,0,0,0,0,0,0,0,0,0,0,0,0,0,0,0,0,0,0,0,0,0,0,0,0,0,0,0,0,0,0,0,0,0,0,0,0,0,0,7.25273,19.6474,33.3088,46.4354,57.6587,66.2946,72.3426,76.277,78.7594,80.3977,81.6247,82.6879,83.7013,84.7064,85.7149,86.4796,87.0706,87.5354,87.907,88.2083,88.4562,88.6624,88.8361,88.9837,89.1105,89.2203,89.3161,89.4003,89.4747,89.5402,89.5754
0,0,0,0,0,0,0,0,0,0,0,0,0,0,0,0,0,0,0,0,0,0,0,0,0,0,0,0,0,0,0,0,0,0,0,0,0,0,0,0,0,0,0,0,0,0,0,0,0,0,0,0,0,0,0,0,0,0,6.75288,19.0731,32.6526,45.7005,56.8564,65.4405,71.4522,75.363,77.8305,79.459,80.6786,81.7354,82.7427,83.7419,84.7443,85.7523,86.5168,87.1077,87.5724,87.9439,88.2452,88.4929,88.6992,88.8728,89.0204,89.1472,89.2569,89.3527,89.4368,89.5112,89.5767,89.612
0,0,0,0,0,0,0,0,0,0,0,0,0,0,0,0,0,0,0,0,0,0,0,0,0,0,0,0,0,0,0,0,0,0,0,0,0,0,0,0,0,0,0,0,0,0,0,0,0,0,0,0,0,0,0,0,0,6.25626,18.5026,32.0006,44.9702,56.0592,64.5918,70.5673,74.4547,76.9074,78.5261,79.7385,80.7889,81.7902,82.7833,83.7797,84.7817,85.7895,86.5538,87.1445,87.6092,87.9805,88.2818,88.5295,88.7357,88.9092,89.0569,89.1836,89.2933,89.3891,89.4732,89.5476,89.6131,89.6483
0,0,0,0,0,0,0,0,0,0,0,0,0,0,0,0,0,0,0,0,0,0,0,0,0,0,0,0,0,0,0,0,0,0,0,0,0,0,0,0,0,0,0,0,0,0,0,0,0,0,0,0,0,0,0,0,5.76282,17.9357,31.3527,44.2445,55.2669,63.7483,69.6881,73.5521,75.9901,77.5991,78.8041,79.8483,80.8435,81.8307,82.8212,83.8171,84.8188,85.8264,86.5905,87.1812,87.6457,88.017,88.3182,88.5658,88.772,88.9455,89.0931,89.2198,89.3295,89.4252,89.5094,89.5837,89.6492,89.6844
0,0,0,0,0,0,0,0,0,0,0,0,0,0,0,0,0,0,0,0,0,0,0,0,0,0,0,0,0,0,0,0,0,0,0,0,0,0,0,0,0,0,0,0,0,0,0,0,0,0,0,0,0,0,0,5.27257,17.3724,30.7089,43.5233,54.4796,62.9102,68.8142,72.6551,75.0784,76.6778,77.8756,78.9135,79.9028,80.884,81.8686,82.8585,83.8542,84.8558,85.8631,86.6271,87.2176,87.682,88.0533,88.3544,88.602,88.8081,88.9816,89.1291,89.2558,89.3655,89.4612,89.5453,89.6196,89.6851,89.7203
0,0,0,0,0,0,0,0,0,0,0,0,0,0,0,0,0,0,0,0,0,0,0,0,0,0,0,0,0,0,0,0,0,0,0,0,0,0,0,0,0,0,0,0,0,0,0,0,0,0,0,0,0,0,4.78547,16.8127,30.0692,42.8067,53.6973,62.0773,67.9459,71.7637,74.1725,75.7623,76.9529,77.9846,78.9679,79.9433,80.9219,81.9059,82.8957,83.8912,84.8925,85.8996,86.6634,87.2538,87.7181,88.0893,88.3903,88.6379,88.8439,89.0174,89.1649,89.2916,89.4012,89.4969,89.581,89.6553,89.7208,89.756
0,0,0,0,0,0,0,0,0,0,0,0,0,0,0,0,0,0,0,0,0,0,0,0,0,0,0,0,0,0,0,0,0,0,0,0,0,0,0,0,0,0,0,0,0,0,0,0,0,0,0,0,0,4.30151,16.2566,29.4335,42.0946,52.9198,61.2495,67.083,70.8779,73.2722,74.8525,76.0359,77.0614,78.0388,79.0084,79.9811,80.9592,81.943,82.9326,83.9279,84.929,85.9359,86.6995,87.2898,87.754,88.1251,88.4261,88.6736,88.8796,89.053,89.2005,89.3271,89.4368,89.5324,89.6165,89.6908,89.7563,89.7915
0,0,0,0,0,0,0,0,0,0,0,0,0,0,0,0,0,0,0,0,0,0,0,0,0,0,0,0,0,0,0,0,0,0,0,0,0,0,0,0,0,0,0,0,0,0,0,0,0,0,0,0,3.82066,15.704,28.8019,41.387,52.1473,60.427,66.2254,69.9976,72.3775,73.9483,75.1247,76.144,77.1156,78.0793,79.0462,80.0184,80.9963,81.9799,82.9693,83.9643,84.9652,85.9719,86.7354,87.3255,87.7897,88.1607,88.4616,88.7091,88.915,89.0884,89.2359,89.3625,89.4721,89.5677,89.6518,89.7261,89.7915,89.8267
0,0,0,0,0,0,0,0,0,0,0,0,0,0,0,0,0,0,0,0,0,0,0,0,0,0,0,0,0,0,0,0,0,0,0,0,0,0,0,0,0,0,0,0,0,0,0,0,0,0,0,3.3429,15.1549,28.1742,40.6839,51.3796,59.6096,65.3732,69.1228,71.4885,73.0498,74.2191,75.2323,76.198,77.156,78.1171,79.0835,80.0555,81.0332,82.0166,83.0057,84.0006,85.0013,86.0078,86.7711,87.3611,87.8251,88.1961,88.497,88.7443,88.9503,89.1236,89.271,89.3976,89.5072,89.6028,89.6869,89.7612,89.8266,89.8618
0,0,0,0,0,0,0,0,0,0,0,0,0,0,0,0,0,0,0,0,0,0,0,0,0,0,0,0,0,0,0,0,0,0,0,0,0,0,0,0,0,0,0,0,0,0,0,0,0,0,2.86823,14.6094,27.5506,39.9851,50.6167,58.7973,64.5264,68.2534,70.6049,72.1569,73.3192,74.3263,75.2862,76.2384,77.1937,78.1544,79.1206,80.0924,81.0699,82.0531,83.042,84.0366,85.0371,86.0434,86.8066,87.3964,87.8604,88.2312,88.5321,88.7794,88.9853,89.1586,89.306,89.4325,89.5421,89.6377,89.7217,89.796,89.8614,89.8966
0,0,0,0,0,0,0,0,0,0,0,0,0,0,0,0,0,0,0,0,0,0,0,0,0,0,0,0,0,0,0,0,0,0,0,0,0,0,0,0,0,0,0,0,0,0,0,0,0,2.3966,14.0673,26.9308,39.2908,49.8586,57.9901,63.6848,67.3895,69.7269,71.2695,72.4249,73.4259,74.3801,75.3266,76.2762,77.231,78.1914,79.1574,80.1291,81.1063,82.0893,83.078,84.0725,85.0727,86.0788,86.8418,87.4316,87.8954,88.2662,88.567,88.8142,89.0201,89.1934,89.3407,89.4672,89.5768,89.6724,89.7564,89.8306,89.896,89.9312
0,0,0,0,0,0,0,0,0,0,0,0,0,0,0,0,0,0,0,0,0,0,0,0,0,0,0,0,0,0,0,0,0,0,0,0,0,0,0,0,0,0,0,0,0,0,0,0,1.92802,13.5287,26.3151,38.6009,49.1052,57.188,62.8485,66.5309,68.8543,70.3877,71.5361,72.5312,73.4796,74.4204,75.3643,76.3134,77.2681,78.2283,79.1941,80.1655,81.1426,82.1253,83.1138,84.1081,85.1081,86.114,86.8769,87.4665,87.9303,88.3009,88.6016,88.8489,89.0547,89.2279,89.3753,89.5017,89.6113,89.7068,89.7908,89.8651,89.9304,89.9656
0,0,0,0,0,0,0,0,0,0,0,0,0,0,0,0,0,0,0,0,0,0,0,0,0,0,0,0,0,0,0,0,0,0,0,0,0,0,0,0,0,0,0,0,0,0,0,1.46245,12.9935,25.7032,37.9153,48.3566,56.3909,62.0174,65.6777,67.9872,69.5114,70.6529,71.642,72.5847,73.5199,74.4581,75.4016,76.3505,77.3049,78.2649,79.2305,80.2017,81.1786,82.1611,83.1494,84.1435,85.1433,86.149,86.9117,87.5012,87.9649,88.3355,88.6361,88.8833,89.0891,89.2623,89.4096,89.536,89.6455,89.7411,89.8251,89.8993,89.9647,89.9998
0,0,0,0,0,0,0,0,0,0,0,0,0,0,0,0,0,0,0,0,0,0,0,0,0,0,0,0,0,0,0,0,0,0,0,0,0,0,0,0,0,0,0,0,0,0,0.999877,12.4618,25.0952,37.234,47.6126,55.5987,61.1915,64.8299,67.1254,68.6405,69.7752,70.7583,71.6954,72.625,73.5576,74.4953,75.4386,76.3873,77.3415,78.3013,79.2667,80.2377,81.2144,82.1967,83.1848,84.1786,85.1783,86.1837,86.9463,87.5357,87.9993,88.3698,88.6704,88.9175,89.1232,89.2964,89.4437,89.5701,89.6796,89.7752,89.8591,89.9333,89.9987,90.0338
0,0,0,0,0,0,0,0,0,0,0,0,0,0,0,0,0,0,0,0,0,0,0,0,0,0,0,0,0,0,0,0,0,0,0,0,0,0,0,0,0,0,0,0,0,0.540284,11.9334,24.491,36.557,46.8734,54.8115,60.3708,63.9873,66.2691,67.7751,68.9029,69.8802,70.8117,71.7356,72.6626,73.5948,74.5323,75.4754,76.4239,77.3779,78.3375,79.3027,80.2735,81.25,82.2321,83.22,84.2136,85.2131,86.2183,86.9807,87.57,88.0335,88.4039,88.7045,88.9516,89.1572,89.3304,89.4776,89.604,89.7135,89.809,89.8929,89.9671,90.0325,90.0676
0,0,0,0,0,0,0,0,0,0,0,0,0,0,0,0,0,0,0,0,0,0,0,0,0,0,0,0,0,0,0,0,0,0,0,0,0,0,0,0,0,0,0,0,0.0836494,11.4084,23.8906,35.8842,46.1387,54.0293,59.5551,63.15,65.4181,66.915,68.0361,69.0075,69.9334,70.8518,71.7733,72.6998,73.6318,74.5691,75.5119,76.4603,77.4141,78.3735,79.3385,80.3091,81.2853,82.2673,83.2549,84.2484,85.2476,86.2527,87.0149,87.6041,88.0675,88.4379,88.7383,88.9854,89.191,89.3641,89.5113,89.6377,89.7471,89.8426,89.9266,90.0008,90.0661,90.1012
0,0,0,0,0,0,0,0,0,0,0,0,0,0,0,0,0,0,0,0,0,0,0,0,0,0,0,0,0,0,0,0,0,0,0,0,0,0,0,0,0,0,0,0,10.8868,23.2941,35.2157,45.4087,53.2519,58.7446,62.3179,64.5724,66.0603,67.1747,68.1403,69.0606,69.9735,70.8894,71.8104,72.7368,73.6685,74.6057,75.5483,76.4964,77.45,78.4092,79.374,80.3444,81.3205,82.3022,83.2897,84.2829,85.282,86.2868,87.0489,87.638,88.1013,88.4716,88.772,89.019,89.2246,89.3976,89.5448,89.6712,89.7806,89.8761,89.96,90.0342,90.0995,90.1346
0,0,0,0,0,0,0,0,0,0,0,0,0,0,0,0,0,0,0,0,0,0,0,0,0,0,0,0,0,0,0,0,0,0,0,0,0,0,0,0,0,0,0,10.3685,22.7014,34.5514,44.6833,52.4794,57.9392,61.491,63.732,65.211,66.3187,67.2784,68.1933,69.1007,70.0111,70.9266,71.8474,72.7735,73.7051,74.642,75.5844,76.5324,77.4858,78.4448,79.4094,80.3796,81.3554,82.337,83.3242,84.3173,85.3161,86.3208,87.0827,87.6716,88.1349,88.5051,88.8054,89.0524,89.2579,89.431,89.5781,89.7045,89.8139,89.9093,89.9932,90.0674,90.1327,90.1678
0,0,0,0,0,0,0,0,0,0,0,0,0,0,0,0,0,0,0,0,0,0,0,0,0,0,0,0,0,0,0,0,0,0,0,0,0,0,0,0,0,0,9.85346,22.1123,33.8913,43.9624,51.7117,57.1387,60.6693,62.8968,64.3669,65.468,66.422,67.3313,68.2333,69.1382,70.0482,70.9635,71.8841,72.81,73.7414,74.6781,75.6204,76.5681,77.5213,78.4801,79.4445,80.4145,81.3901,82.3715,83.3586,84.3514,85.3501,86.3545,87.1163,87.7051,88.1682,88.5384,88.8387,89.0856,89.2911,89.4641,89.6112,89.7376,89.8469,89.9424,90.0262,90.1004,90.1657,90.2008
0,0,0,0,0,0,0,0,0,0,0,0,0,0,0,0,0,0,0,0,0,0,0,0,0,0,0,0,0,0,0,0,0,0,0,0,0,0,0,0,0,9.34174,21.5271,33.2354,43.246,50.9489,56.3433,59.8526,62.0668,63.5281,64.6225,65.5708,66.4747,67.3713,68.2708,69.1753,70.0851,71.0002,71.9206,72.8463,73.7775,74.714,75.6561,76.6036,77.5566,78.5152,79.4794,80.4492,81.4247,82.4058,83.3927,84.3854,85.3838,86.3881,87.1497,87.7384,88.2014,88.5715,88.8718,89.1186,89.3241,89.497,89.6442,89.7704,89.8798,89.9752,90.0591,90.1332,90.1985,90.2336
0,0,0,0,0,0,0,0,0,0,0,0,0,0,0,0,0,0,0,0,0,0,0,0,0,0,0,0,0,0,0,0,0,0,0,0,0,0,0,0,8.83329,20.9455,32.5836,42.5341,50.1908,55.5528,59.0411,61.242,62.6946,63.7824,64.725,65.6235,66.5147,67.4088,68.3079,69.2122,70.1218,71.0366,71.9568,72.8824,73.8134,74.7497,75.6916,76.6389,77.5917,78.5501,79.5141,80.4837,81.459,82.44,83.4266,84.4191,85.4173,86.4214,87.1829,87.7715,88.2344,88.6045,88.9046,89.1514,89.3568,89.5298,89.6769,89.8031,89.9125,90.0079,90.0917,90.1658,90.2311,90.2662
0,0,0,0,0,0,0,0,0,0,0,0,0,0,0,0,0,0,0,0,0,0,0,0,0,0,0,0,0,0,0,0,0,0,0,0,0,0,0,8.32808,20.3676,31.9359,41.8267,49.4374,54.7673,58.2347,60.4223,61.8662,62.9475,63.8844,64.7775,65.6634,66.5521,67.4458,68.3447,69.2488,70.1582,71.0729,71.9929,72.9183,73.849,74.7852,75.7268,76.674,77.6266,78.5848,79.5486,80.518,81.4931,82.4739,83.4604,84.4526,85.4507,86.4545,87.2159,87.8044,88.2672,88.6372,88.9373,89.184,89.3894,89.5623,89.7094,89.8356,89.9449,90.0403,90.1241,90.1982,90.2635,90.2986
0,0,0,0,0,0,0,0,0,0,0,0,0,0,0,0,0,0,0,0,0,0,0,0,0,0,0,0,0,0,0,0,0,0,0,0,0,0,7.82609,19.7934,31.2922,41.1237,48.6888,53.9867,57.4332,59.6078,61.043,62.1178,63.0491,63.9368,64.8174,65.7008,66.5891,67.4826,68.3813,69.2853,70.1944,71.1089,72.0287,72.9539,73.8845,74.8205,75.7619,76.7088,77.6613,78.6193,79.5829,80.5521,81.527,82.5076,83.4939,84.4859,85.4838,86.4875,87.2487,87.837,88.2998,88.6697,88.9697,89.2165,89.4218,89.5947,89.7417,89.8679,89.9772,90.0726,90.1564,90.2305,90.2957,90.3308
0,0,0,0,0,0,0,0,0,0,0,0,0,0,0,0,0,0,0,0,0,0,0,0,0,0,0,0,0,0,0,0,0,0,0,0,0,7.32731,19.2228,30.6527,40.4252,47.9448,53.211,56.6368,58.7983,60.2249,61.2933,62.219,63.1014,63.9766,64.8548,65.7378,66.6259,67.5192,68.4177,69.3215,70.2305,71.1447,72.0644,72.9893,73.9197,74.8555,75.7968,76.7435,77.6958,78.6536,79.617,80.586,81.5607,82.5411,83.5272,84.5191,85.5167,86.5202,87.2813,87.8695,88.3322,88.702,89.002,89.2487,89.454,89.6268,89.7738,89.9,90.0093,90.1046,90.1884,90.2625,90.3277,90.3628
0,0,0,0,0,0,0,0,0,0,0,0,0,0,0,0,0,0,0,0,0,0,0,0,0,0,0,0,0,0,0,0,0,0,0,0,6.83172,18.6559,30.0171,39.731,47.2055,52.4401,55.8454,57.9939,59.4119,60.4739,61.3941,62.2711,63.1411,64.014,64.8917,65.7745,66.6625,67.5556,68.4539,69.3574,70.2662,71.1803,72.0998,73.0246,73.9547,74.8903,75.8314,76.778,77.73,78.6877,79.6509,80.6197,81.5942,82.5744,83.5603,84.552,85.5495,86.5528,87.3137,87.9018,88.3644,88.7342,89.0341,89.2807,89.486,89.6588,89.8058,89.9319,90.0412,90.1365,90.2203,90.2943,90.3596,90.3946
0,0,0,0,0,0,0,0,0,0,0,0,0,0,0,0,0,0,0,0,0,0,0,0,0,0,0,0,0,0,0,0,0,0,0,6.33929,18.0925,29.3856,39.0412,46.4708,51.674,55.0589,57.1945,58.604,59.6596,60.5743,61.4461,62.3109,63.1785,64.0509,64.9284,65.811,66.6988,67.5917,68.4899,69.3932,70.3018,71.2157,72.135,73.0596,73.9896,74.925,75.8658,76.8122,77.7641,78.7215,79.6846,80.6532,81.6275,82.6075,83.5932,84.5847,85.582,86.5851,87.3459,87.9339,88.3964,88.7661,89.066,89.3125,89.5178,89.6906,89.8375,89.9636,90.0729,90.1682,90.252,90.326,90.3912,90.4263
0,0,0,0,0,0,0,0,0,0,0,0,0,0,0,0,0,0,0,0,0,0,0,0,0,0,0,0,0,0,0,0,0,0,5.85,17.5327,28.758,38.3557,45.7408,50.9127,54.2773,56.4001,57.8011,58.8504,59.7596,60.6261,61.4857,62.3482,63.2154,64.0876,64.9649,65.8474,66.7349,67.6277,68.5256,69.4288,70.3372,71.2509,72.17,73.0944,74.0242,74.9594,75.9001,76.8463,77.7979,78.7552,79.718,80.6865,81.6606,82.6404,83.626,84.6173,85.6144,86.6173,87.3779,87.9658,88.4282,88.7979,89.0977,89.3442,89.5494,89.7221,89.8691,89.9952,90.1044,90.1997,90.2834,90.3575,90.4226,90.4577
0,0,0,0,0,0,0,0,0,0,0,0,0,0,0,0,0,0,0,0,0,0,0,0,0,0,0,0,0,0,0,0,0,5.36383,16.9764,28.1344,37.6745,45.0152,50.1561,53.5005,55.6106,57.0032,58.0462,58.9499,59.8113,60.6658,61.523,62.385,63.252,64.1241,65.0012,65.8834,66.7708,67.6634,68.5611,69.4641,70.3723,71.2859,72.2047,73.129,74.0586,74.9936,75.9341,76.8801,77.8316,78.7887,79.7513,80.7196,81.6935,82.6731,83.6585,84.6496,85.6465,86.6492,87.4097,87.9975,88.4599,88.8294,89.1292,89.3757,89.5808,89.7535,89.9004,90.0265,90.1357,90.231,90.3147,90.3887,90.4539,90.489
0,0,0,0,0,0,0,0,0,0,0,0,0,0,0,0,0,0,0,0,0,0,0,0,0,0,0,0,0,0,0,0,4.88077,16.4237,27.5147,36.9975,44.2943,49.4043,52.7286,54.8261,56.2103,57.2471,58.1453,59.0016,59.8509,60.703,61.5598,62.4216,63.2884,64.1603,65.0373,65.9193,66.8065,67.6989,68.5964,69.4992,70.4073,71.3206,72.2393,73.1633,74.0928,75.0276,75.9679,76.9137,77.8651,78.8219,79.7844,80.7525,81.7262,82.7057,83.6908,84.6818,85.6785,86.681,87.4414,88.0291,88.4913,88.8608,89.1605,89.4069,89.612,89.7847,89.9316,90.0577,90.1668,90.2621,90.3458,90.4198,90.485,90.52
0,0,0,0,0,0,0,0,0,0,0,0,0,0,0,0,0,0,0,0,0,0,0,0,0,0,0,0,0,0,0,4.40079,15.8744,26.8989,36.3248,43.5778,48.6572,51.9616,54.0464,55.4224,56.4529,57.3458,58.1969,59.0411,59.8881,60.7398,61.5964,62.458,63.3247,64.1963,65.0731,65.955,66.842,67.7342,68.6315,69.5341,70.442,71.3552,72.2737,73.1975,74.1268,75.0614,76.0016,76.9472,77.8983,78.855,79.8173,80.7852,81.7587,82.738,83.723,84.7137,85.7102,86.7126,87.4728,88.0604,88.5226,88.892,89.1916,89.438,89.6431,89.8157,89.9626,90.0886,90.1978,90.293,90.3767,90.4507,90.5159,90.5509
0,0,0,0,0,0,0,0,0,0,0,0,0,0,0,0,0,0,0,0,0,0,0,0,0,0,0,0,0,0,3.92387,15.3287,26.287,35.6564,42.8658,47.9147,51.1993,53.2716,54.6393,55.6637,56.5512,57.3972,58.2363,59.0782,59.9248,60.7763,61.6328,62.4942,63.3607,64.2322,65.1087,65.9904,66.8772,67.7692,68.6664,69.5689,70.4765,71.3895,72.3078,73.2315,74.1606,75.095,76.035,76.9804,77.9314,78.8879,79.85,80.8177,81.791,82.7701,83.7549,84.7455,85.7418,86.744,87.5041,88.0915,88.5536,88.923,89.2226,89.4689,89.674,89.8466,89.9934,90.1194,90.2285,90.3238,90.4074,90.4814,90.5466,90.5816
0,0,0,0,0,0,0,0,0,0,0,0,0,0,0,0,0,0,0,0,0,0,0,0,0,0,0,0,0,3.45,14.7864,25.679,34.9921,42.1583,47.1769,50.4418,52.5017,53.8612,54.8793,55.7616,56.6025,57.4366,58.2734,59.1149,59.9613,60.8126,61.6689,62.5302,63.3964,64.2678,65.1442,66.0257,66.9123,67.8041,68.7011,69.6034,70.5109,71.4237,72.3418,73.2653,74.1941,75.1284,76.0682,77.0134,77.9642,78.9205,79.8824,80.85,81.8232,82.8021,83.7867,84.777,85.7732,86.7752,87.5351,88.1225,88.5845,88.9538,89.2533,89.4996,89.7046,89.8772,90.024,90.15,90.2591,90.3543,90.438,90.512,90.5771,90.6121
0,0,0,0,0,0,0,0,0,0,0,0,0,0,0,0,0,0,0,0,0,0,0,0,0,0,0,0,2.97916,14.2475,25.0748,34.332,41.4552,46.4437,49.689,51.7365,53.0879,54.0999,54.9768,55.8127,56.6418,57.4736,58.3101,59.1514,59.9976,60.8488,61.7048,62.5659,63.432,64.3031,65.1794,66.0607,66.9471,67.8388,68.7356,69.6376,70.545,71.4576,72.3755,73.2988,74.2275,75.1616,76.1012,77.0463,77.9969,78.953,79.9147,80.8821,81.8551,82.8338,83.8182,84.8084,85.8044,86.8062,87.566,88.1533,88.6152,88.9844,89.2839,89.5301,89.7351,89.9077,90.0544,90.1804,90.2895,90.3847,90.4683,90.5423,90.6074,90.6424
0,0,0,0,0,0,0,0,0,0,0,0,0,0,0,0,0,0,0,0,0,0,0,0,0,0,0,2.51132,13.7121,24.4743,33.6761,40.7565,45.7151,48.9409,50.9761,52.3194,53.3254,54.197,55.0279,55.852,56.6788,57.5103,58.3465,59.1877,60.0337,60.8846,61.7406,62.6015,63.4674,64.3383,65.2143,66.0955,66.9818,67.8732,68.7699,69.6717,70.5789,71.4913,72.4091,73.3322,74.2607,75.1946,76.134,77.0789,78.0293,78.9853,79.9468,80.914,81.8868,82.8654,83.8496,84.8396,85.8354,86.837,87.5967,88.1839,88.6457,89.0148,89.3143,89.5605,89.7654,89.9379,90.0847,90.2106,90.3197,90.4149,90.4985,90.5725,90.6376,90.6726
0,0,0,0,0,0,0,0,0,0,0,0,0,0,0,0,0,0,0,0,0,0,0,0,0,0,2.04647,13.18,23.8777,33.0242,40.0622,44.991,48.1974,50.2205,51.5557,52.5556,53.4221,54.2479,55.0671,55.889,56.7154,57.5467,58.3828,59.2237,60.0696,60.9203,61.7761,62.6368,63.5025,64.3733,65.2491,66.1301,67.0162,67.9075,68.8039,69.7056,70.6126,71.5248,72.4424,73.3654,74.2937,75.2274,76.1667,77.1114,78.0616,79.0174,79.9787,80.9457,81.9184,82.8967,83.8808,84.8706,85.8662,86.8677,87.6272,88.2143,88.676,89.0451,89.3445,89.5906,89.7955,89.968,90.1147,90.2407,90.3497,90.4449,90.5285,90.6024,90.6675,90.7026
0,0,0,0,0,0,0,0,0,0,0,0,0,0,0,0,0,0,0,0,0,0,0,0,0,1.58458,12.6513,23.2848,32.3765,39.3722,44.2715,47.4587,49.4696,50.7967,51.7907,52.6519,53.4728,54.2871,55.104,55.9255,56.7518,57.5829,58.4188,59.2595,60.1052,60.9558,61.8113,62.6719,63.5374,64.408,65.2837,66.1645,67.0504,67.9415,68.8378,69.7393,70.6461,71.5582,72.4756,73.3983,74.3265,75.26,76.1991,77.1436,78.0937,79.0493,80.0104,80.9773,81.9497,82.9279,83.9118,84.9014,85.8969,86.8982,87.6575,88.2445,88.7062,89.0752,89.3745,89.6206,89.8255,89.9979,90.1446,90.2705,90.3796,90.4747,90.5583,90.6322,90.6973,90.7323
0,0,0,0,0,0,0,0,0,0,0,0,0,0,0,0,0,0,0,0,0,0,0,0,1.12564,12.126,22.6957,31.7328,38.6866,43.5564,46.7245,48.7233,50.0425,51.0305,51.8866,52.7026,53.5119,54.324,55.1405,55.9619,56.7879,57.6188,58.4545,59.2951,60.1406,60.991,61.8464,62.7068,63.5722,64.4426,65.3181,66.1987,67.0844,67.9753,68.8714,69.7728,70.6794,71.5913,72.5085,73.4311,74.3591,75.2925,76.2313,77.1757,78.1255,79.081,80.042,81.0086,81.9809,82.9589,83.9426,84.9321,85.9273,86.9284,87.6877,88.2745,88.7361,89.1051,89.4043,89.6504,89.8553,90.0277,90.1743,90.3002,90.4092,90.5044,90.588,90.6619,90.7269,90.7619
0,0,0,0,0,0,0,0,0,0,0,0,0,0,0,0,0,0,0,0,0,0,0,0.669639,11.604,22.1103,31.0931,38.0052,42.8458,45.9949,47.9817,49.293,50.2751,51.126,51.9371,52.7416,53.5488,54.3605,55.1768,55.998,56.8239,57.6546,58.4901,59.3305,60.1759,61.0261,61.8813,62.7415,63.6067,64.4769,65.3522,66.2327,67.1182,68.0089,68.9049,69.806,70.7125,71.6242,72.5412,73.4637,74.3915,75.3247,76.2634,77.2075,78.1572,79.1125,80.0733,81.0398,82.0119,82.9897,83.9732,84.9625,85.9576,86.9585,87.7177,88.3044,88.7659,89.1348,89.434,89.68,89.8848,90.0572,90.2039,90.3297,90.4387,90.5338,90.6174,90.6913,90.7564,90.7914
0,0,0,0,0,0,0,0,0,0,0,0,0,0,0,0,0,0,0,0,0,0,0.216545,11.0853,21.5285,30.4575,37.3281,42.1397,45.2698,47.2447,48.5482,49.5244,50.3702,51.1764,51.9761,52.7784,53.5852,54.3967,55.2129,56.0338,56.8596,57.6901,58.5255,59.3657,60.2109,61.0609,61.9159,62.7759,63.641,64.511,65.3862,66.2664,67.1518,68.0424,68.9381,69.8391,70.7454,71.6569,72.5738,73.496,74.4237,75.3567,76.2952,77.2392,78.1887,79.1438,80.1044,81.0707,82.0427,83.0203,84.0037,84.9928,85.9877,86.9884,87.7474,88.3341,88.7955,89.1643,89.4635,89.7095,89.9142,90.0866,90.2332,90.3591,90.468,90.5631,90.6467,90.7206,90.7856,90.8206
0,0,0,0,0,0,0,0,0,0,0,0,0,0,0,0,0,0,0,0,0,0,10.5699,20.9505,29.8259,36.6552,41.4379,44.5493,46.5124,47.808,48.7783,49.6191,50.4204,51.2153,52.0129,52.8148,53.6214,54.4327,55.2487,56.0695,56.8951,57.7254,58.5606,59.4007,60.2457,61.0955,61.9504,62.8102,63.6751,64.545,65.4199,66.3,67.1852,68.0756,68.9712,69.872,70.7781,71.6895,72.6061,73.5282,74.4557,75.3885,76.3269,77.2707,78.22,79.1749,80.1354,81.1015,82.0733,83.0507,84.0339,85.0229,86.0176,87.0182,87.777,88.3636,88.8249,89.1937,89.4928,89.7387,89.9435,90.1158,90.2624,90.3882,90.4972,90.5923,90.6758,90.7497,90.8147,90.8497
0,0,0,0,0,0,0,0,0,0,0,0,0,0,0,0,0,0,0,0,0,10.0577,20.376,29.1982,35.9866,40.7406,43.8333,45.7846,47.0724,48.0369,48.8726,49.6692,50.4593,51.252,52.0492,52.851,53.6574,54.4685,55.2844,56.105,56.9303,57.7605,58.5956,59.4355,60.2802,61.13,61.9846,62.8443,63.709,64.5787,65.4535,66.3334,67.2184,68.1086,69.004,69.9047,70.8106,71.7218,72.6383,73.5602,74.4875,75.4202,76.3583,77.302,78.2511,79.2059,80.1662,81.1321,82.1037,83.081,84.064,85.0528,86.0473,87.0477,87.8065,88.3929,88.8542,89.2229,89.5219,89.7678,89.9725,90.1448,90.2914,90.4172,90.5261,90.6212,90.7047,90.7786,90.8436,90.8786
0,0,0,0,0,0,0,0,0,0,0,0,0,0,0,0,0,0,0,0,9.54881,19.8052,28.5744,35.3221,40.0476,43.1217,45.0613,46.3414,47.3001,48.1308,48.9226,49.708,50.496,51.2883,52.0853,52.8869,53.6931,54.5041,55.3198,56.1402,56.9654,57.7954,58.6303,59.47,60.3146,61.1642,62.0187,62.8782,63.7427,64.6122,65.4868,66.3666,67.2514,68.1415,69.0367,69.9372,70.8429,71.7539,72.6703,73.592,74.5191,75.4516,76.3896,77.3331,78.2821,79.2366,80.1968,81.1625,82.134,83.1111,84.0939,85.0825,86.0769,87.0771,87.8357,88.4221,88.8832,89.2519,89.5509,89.7968,90.0014,90.1737,90.3202,90.446,90.5549,90.65,90.7335,90.8073,90.8724,90.9073
0,0,0,0,0,0,0,0,0,0,0,0,0,0,0,0,0,0,0,9.04314,19.238,27.9546,34.6618,39.3589,42.4146,44.3426,45.615,46.5679,47.3936,48.1807,48.9614,49.7446,50.5322,51.3244,52.1212,52.9226,53.7287,54.5395,55.355,56.1752,57.0003,57.8301,58.6648,59.5044,60.3488,61.1982,62.0525,62.9118,63.7761,64.6455,65.52,66.3995,67.2842,68.1741,69.0692,69.9695,70.875,71.7859,72.7021,73.6236,74.5505,75.4829,76.4207,77.364,78.3128,79.2672,80.2272,81.1928,82.164,83.141,84.1236,85.1121,86.1063,87.1063,87.8648,88.451,88.9121,89.2807,89.5797,89.8255,90.0301,90.2024,90.3489,90.4746,90.5835,90.6786,90.7621,90.8359,90.9009,90.9359
0,0,0,0,0,0,0,0,0,0,0,0,0,0,0,0,0,0,8.54066,18.6744,27.3387,34.0056,38.6745,41.7119,43.6283,44.8931,45.8403,46.6611,47.4434,48.2194,48.9979,49.7808,50.5682,51.3602,52.1569,52.9581,53.764,54.5746,55.39,56.2101,57.0349,57.8646,58.6991,59.5385,60.3828,61.232,62.0861,62.9453,63.8094,64.6786,65.5529,66.4323,67.3168,68.2065,69.1014,70.0016,70.9069,71.8176,72.7336,73.655,74.5818,75.514,76.4516,77.3947,78.3434,79.2976,80.2574,81.2228,82.1939,83.1707,84.1532,85.1414,86.1355,87.1354,87.8937,88.4798,88.9409,89.3094,89.6083,89.8541,90.0587,90.2309,90.3774,90.5031,90.612,90.707,90.7905,90.8643,90.9293,90.9643
0,0,0,0,0,0,0,0,0,0,0,0,0,0,0,0,0,8.04137,18.1143,26.7266,33.3535,37.9944,41.0136,42.9185,44.1757,45.1172,45.9331,46.7107,47.482,48.2559,49.0341,49.8168,50.604,51.3959,52.1923,52.9934,53.7991,54.6096,55.4248,56.2447,57.0694,57.8989,58.7332,59.5724,60.4165,61.2656,62.1196,62.9785,63.8425,64.7116,65.5857,66.4649,67.3492,68.2388,69.1335,70.0335,70.9387,71.8492,72.765,73.6862,74.6128,75.5448,76.4823,77.4253,78.3738,79.3278,80.2874,81.2527,82.2236,83.2002,84.1825,85.1706,86.1645,87.1642,87.9224,88.5085,88.9694,89.3379,89.6367,89.8825,90.087,90.2592,90.4057,90.5314,90.6403,90.7353,90.8187,90.8925,90.9575,90.9925
0,0,0,0,0,0,0,0,0,0,0,0,0,0,0,0,7.54525,17.5577,26.1183,32.7055,37.3186,40.3196,42.2131,43.4627,44.3987,45.2096,45.9825,46.7493,47.5185,48.292,49.07,49.8525,50.6396,51.4313,52.2276,53.0285,53.834,54.6443,55.4593,56.2791,57.1036,57.9329,58.7671,59.6062,60.4501,61.299,62.1528,63.0116,63.8754,64.7443,65.6182,66.4973,67.3815,68.2708,69.1654,70.0652,70.9702,71.8806,72.7962,73.7173,74.6437,75.5755,76.5129,77.4556,78.404,79.3578,80.3173,81.2824,82.2531,83.2296,84.2117,85.1996,86.1934,87.1929,87.951,88.5369,88.9978,89.3662,89.665,89.9107,90.1152,90.2874,90.4338,90.5595,90.6684,90.7634,90.8468,90.9206,90.9856,91.0205
0,0,0,0,0,0,0,0,0,0,0,0,0,0,0,7.05227,17.0047,25.5139,32.0616,36.647,39.63,41.5121,42.7543,43.6846,44.4906,45.2589,46.021,46.7857,47.5545,48.3279,49.1057,49.8881,50.675,51.4665,52.2626,53.0633,53.8687,54.6789,55.4937,56.3133,57.1376,57.9668,58.8008,59.6397,60.4835,61.3322,62.1858,63.0444,63.9081,64.7768,65.6506,66.5295,67.4135,68.3027,69.1971,70.0967,71.0016,71.9118,72.8273,73.7481,74.6744,75.6061,76.5432,77.4858,78.434,79.3877,80.347,81.3119,82.2825,83.2587,84.2407,85.2285,86.222,87.2214,87.9794,88.5652,89.026,89.3943,89.6931,89.9388,90.1432,90.3154,90.4618,90.5875,90.6963,90.7913,90.8747,90.9485,91.0135,91.0484
0,0,0,0,0,0,0,0,0,0,0,0,0,0,6.56241,16.4551,24.9133,31.4216,35.9796,38.9447,40.8155,42.0502,42.9749,43.7761,44.5398,45.2974,46.0574,46.8217,47.5904,48.3635,49.1412,49.9234,50.7101,51.5015,52.2974,53.098,53.9032,54.7132,55.5278,56.3473,57.1715,58.0005,58.8343,59.673,60.5166,61.3652,62.2186,63.0771,63.9406,64.8091,65.6827,66.5615,67.4453,68.3343,69.2286,70.128,71.0327,71.9428,72.8581,73.7788,74.7049,75.6364,76.5734,77.5158,78.4638,79.4174,80.3765,81.3412,82.3116,83.2877,84.2696,85.2572,86.2505,87.2498,88.0076,88.5933,89.054,89.4223,89.721,89.9666,90.1711,90.3432,90.4896,90.6153,90.7241,90.819,90.9025,90.9762,91.0412,91.0761
0,0,0,0,0,0,0,0,0,0,0,0,0,6.07566,15.909,24.3164,30.7857,35.3163,38.2636,40.1232,41.3505,42.2697,43.0661,43.8252,44.5782,45.3337,46.0934,46.8574,47.626,48.399,49.1765,49.9585,50.7451,51.5362,52.332,53.1324,53.9375,54.7473,55.5618,56.3811,57.2051,58.0339,58.8676,59.7061,60.5496,61.3979,62.2513,63.1096,63.9729,64.8413,65.7147,66.5933,67.477,68.3658,69.2599,70.1592,71.0637,71.9736,72.8887,73.8093,74.7352,75.6666,76.6034,77.5457,78.4935,79.4468,80.4058,81.3704,82.3406,83.3166,84.2982,85.2857,86.2789,87.2779,88.0356,88.6213,89.0819,89.4501,89.7488,89.9944,90.1988,90.3709,90.5172,90.6429,90.7517,90.8466,90.93,91.0038,91.0687,91.1037
0,0,0,0,0,0,0,0,0,0,0,0,5.59199,15.3663,23.7233,30.1538,34.6572,37.5868,39.4353,40.6552,41.5688,42.3605,43.1151,43.8635,44.6145,45.3696,46.1291,46.893,47.6614,48.4342,49.2115,49.9934,50.7798,51.5708,52.3664,53.1667,53.9716,54.7812,55.5956,56.4146,57.2385,58.0672,58.9007,59.7391,60.5823,61.4305,62.2837,63.1418,64.005,64.8732,65.7465,66.6249,67.5084,68.3971,69.291,70.1901,71.0945,72.0042,72.9192,73.8396,74.7653,75.6965,76.6332,77.5753,78.523,79.4762,80.435,81.3994,82.3695,83.3452,84.3267,85.314,86.307,87.3059,88.0635,88.6491,89.1096,89.4778,89.7764,90.0219,90.2263,90.3984,90.5447,90.6703,90.7791,90.874,90.9574,91.0312,91.0961,91.131
0,0,0,0,0,0,0,0,0,0,0,5.11139,14.8271,23.1339,29.5258,34.0022,36.9143,38.7516,39.9642,40.8724,41.6593,42.4093,43.1533,43.8997,44.6503,45.4053,46.1646,46.9283,47.6965,48.4692,49.2464,50.0281,50.8143,51.6052,52.4006,53.2007,54.0055,54.8149,55.6291,56.448,57.2717,58.1002,58.9336,59.7718,60.6149,61.463,62.3159,63.1739,64.0369,64.905,65.7781,66.6563,67.5397,68.4282,69.3219,70.2209,71.1251,72.0346,72.9495,73.8697,74.7953,75.7263,76.6628,77.6048,78.5523,79.5053,80.4639,81.4282,82.3981,83.3737,84.3551,85.3421,86.335,87.3338,88.0912,88.6767,89.1372,89.5052,89.8038,90.0493,90.2537,90.4257,90.572,90.6976,90.8064,90.9013,90.9847,91.0584,91.1233,91.1583
0,0,0,0,0,0,0,0,0,0,4.63383,14.2912,22.5482,28.9018,33.3513,36.2459,38.0722,39.2775,40.1803,40.9624,41.708,42.4475,43.1895,43.9355,44.6859,45.4407,46.1999,46.9635,47.7315,48.504,49.281,50.0626,50.8487,51.6393,52.4346,53.2346,54.0391,54.8484,55.6624,56.4812,57.3047,58.1331,58.9663,59.8043,60.6473,61.4952,62.348,63.2058,64.0686,64.9365,65.8095,66.6875,67.5707,68.4591,69.3527,70.2515,71.1555,72.0649,72.9796,73.8996,74.8251,75.7559,76.6922,77.6341,78.5814,79.5343,80.4927,81.4568,82.4266,83.402,84.3832,85.3701,86.3629,87.3614,88.1188,88.7041,89.1645,89.5326,89.8311,90.0765,90.2809,90.4529,90.5992,90.7247,90.8335,90.9284,91.0118,91.0855,91.1504,91.1853
0,0,0,0,0,0,0,0,0,4.1593,13.7587,21.9662,28.2817,32.7045,35.5817,37.397,38.5952,39.4924,40.2699,41.011,41.7461,42.4836,43.2252,43.9711,44.7213,45.476,46.235,46.9984,47.7663,48.5386,49.3155,50.0968,50.8828,51.6733,52.4684,53.2682,54.0726,54.8817,55.6956,56.5142,57.3376,58.1658,58.9988,59.8367,60.6795,61.5272,62.3799,63.2375,64.1002,64.9679,65.8407,66.7186,67.6016,68.4898,69.3832,70.2819,71.1858,72.095,73.0095,73.9294,74.8547,75.7854,76.7215,77.6632,78.6103,79.5631,80.5214,81.4853,82.4549,83.4302,84.4112,85.398,86.3905,87.3889,88.1461,88.7314,89.1917,89.5597,89.8582,90.1036,90.3079,90.4799,90.6261,90.7517,90.8604,90.9553,91.0387,91.1124,91.1773,91.2122
0,0,0,0,0,0,0,0,3.68778,13.2296,21.3879,27.6654,32.0617,34.9216,36.7261,37.917,38.8089,39.5817,40.3184,41.049,41.7821,42.5193,43.2607,44.0064,44.7565,45.511,46.2698,47.0331,47.8008,48.573,49.3497,50.1309,50.9167,51.707,52.502,53.3016,54.1059,54.9149,55.7285,56.547,57.3702,58.1982,59.0311,59.8688,60.7115,61.559,62.4115,63.269,64.1315,64.9991,65.8717,66.7495,67.6323,68.5204,69.4136,70.3121,71.2159,72.1249,73.0393,73.959,74.8841,75.8146,76.7506,77.6921,78.6391,79.5917,80.5498,81.5136,82.483,83.4582,84.439,85.4256,86.418,87.4163,88.1733,88.7585,89.2188,89.5867,89.8851,90.1305,90.3348,90.5067,90.653,90.7785,90.8872,90.9821,91.0654,91.1391,91.204,91.2389
0,0,0,0,0,0,0,3.21925,12.7038,20.8131,27.053,31.4229,34.2657,36.0593,37.2431,38.1297,38.8978,39.6301,40.3563,41.085,41.8177,42.5547,43.296,44.0416,44.7915,45.5458,46.3045,47.0676,47.8352,48.6072,49.3837,50.1648,50.9504,51.7406,52.5354,53.3348,54.139,54.9478,55.7613,56.5796,57.4026,58.2305,59.0632,59.9008,60.7432,61.5906,62.443,63.3003,64.1627,65.0301,65.9026,66.7801,67.6629,68.5507,69.4438,70.3421,71.2457,72.1546,73.0688,73.9884,74.9133,75.8437,76.7795,77.7209,78.6677,79.6201,80.5781,81.5417,82.511,83.486,84.4667,85.4531,86.4454,87.4434,88.2004,88.7855,89.2457,89.6135,89.9119,90.1573,90.3615,90.5334,90.6796,90.8051,90.9138,91.0087,91.092,91.1657,91.2306,91.2655
0,0,0,0,0,0,2.75368,12.1814,20.242,26.4444,30.7881,33.6139,35.3967,36.5734,37.4546,38.2182,38.946,39.668,40.3923,41.1206,41.8532,42.59,43.3311,44.0765,44.8263,45.5804,46.339,47.1019,47.8693,48.6412,49.4175,50.1984,50.9839,51.7739,52.5686,53.3679,54.1718,54.9805,55.7938,56.612,57.4349,58.2626,59.0951,59.9325,60.7748,61.6221,62.4743,63.3315,64.1936,65.0609,65.9332,66.8106,67.6932,68.5809,69.4738,70.372,71.2754,72.1842,73.0982,74.0176,74.9424,75.8726,76.8083,77.7495,78.6962,79.6484,80.6062,81.5697,82.5388,83.5136,84.4941,85.4804,86.4725,87.4704,88.2273,88.8123,89.2724,89.6402,89.9385,90.1838,90.388,90.5599,90.7061,90.8316,90.9403,91.0351,91.1185,91.1921,91.257,91.2919
0,0,0,0,0,2.29107,11.6622,19.6745,25.8397,30.1573,32.9661,34.7382,35.9079,36.7838,37.5428,38.2663,38.9839,39.7038,40.4278,41.1559,41.8883,42.625,43.366,44.1112,44.8609,45.6148,46.3732,47.136,47.9032,48.6749,49.4512,50.2319,51.0172,51.8071,52.6016,53.4007,54.2045,55.013,55.8262,56.6442,57.4669,58.2945,59.1268,59.9641,60.8063,61.6533,62.5054,63.3624,64.2244,65.0915,65.9637,66.8409,67.7233,68.6109,69.5037,70.4017,71.305,72.2135,73.1274,74.0467,74.9713,75.9014,76.8369,77.7779,78.7244,79.6765,80.6342,81.5975,82.5664,83.5411,84.5215,85.5076,86.4995,87.4973,88.254,88.8389,89.299,89.6667,89.965,90.2103,90.4144,90.5863,90.7325,90.8579,90.9666,91.0614,91.1447,91.2184,91.2832,91.3181
0,0,0,0,1.83139,11.1463,19.1105,25.2387,29.5304,32.3224,34.0839,35.2465,36.1172,36.8716,37.5907,38.304,39.0197,39.7393,40.4631,41.1911,41.9233,42.6598,43.4006,44.1458,44.8952,45.649,46.4072,47.1699,47.937,48.7085,49.4846,50.2652,51.0503,51.84,52.6344,53.4333,54.237,55.0453,55.8584,56.6762,57.4988,58.3262,59.1584,59.9955,60.8375,61.6844,62.5363,63.3931,64.255,65.122,65.994,66.8711,67.7533,68.6407,69.5333,70.4312,71.3343,72.2427,73.1564,74.0755,75,75.9299,76.8653,77.8061,78.7525,79.7044,80.662,81.6251,82.5939,83.5684,84.5486,85.5346,86.5264,87.524,88.2806,88.8654,89.3254,89.693,89.9913,90.2365,90.4406,90.6125,90.7586,90.8841,90.9927,91.0875,91.1709,91.2445,91.3093,91.3442
0,0,0,1.37462,10.6336,18.55,24.6415,28.9074,31.6826,33.4336,34.5892,35.4547,36.2046,36.9194,37.6284,38.3398,39.0551,39.7745,40.4982,41.226,41.9581,42.6945,43.4351,44.1801,44.9294,45.683,46.4411,47.2036,47.9705,48.7419,49.5178,50.2982,51.0832,51.8728,52.667,53.4658,54.2693,55.0774,55.8903,56.708,57.5304,58.3577,59.1897,60.0267,60.8685,61.7153,62.567,63.4237,64.2854,65.1522,66.0241,66.901,67.7831,68.6704,69.5628,70.4605,71.3635,72.2717,73.1853,74.1042,75.0286,75.9583,76.8935,77.8342,78.7804,79.7322,80.6896,81.6526,82.6212,83.5955,84.5756,85.5614,86.553,87.5505,88.307,88.8917,89.3516,89.7192,90.0174,90.2626,90.4667,90.6385,90.7847,90.9101,91.0187,91.1135,91.1968,91.2704,91.3353,91.3702
0,0,0.941629,10.1451,18.014,24.0689,28.3093,31.0678,32.8083,33.9569,34.8172,35.5626,36.2731,36.9779,37.685,38.396,39.1111,39.8304,40.5539,41.2816,42.0135,42.7497,43.4902,44.235,44.9842,45.7377,46.4956,47.2579,48.0247,48.7959,49.5717,50.352,51.1368,51.9262,52.7202,53.5189,54.3222,55.1303,55.943,56.7605,57.5828,58.4099,59.2418,60.0786,60.9203,61.7669,62.6184,63.475,64.3366,65.2032,66.0749,66.9517,67.8336,68.7207,69.613,70.5105,71.4133,72.3214,73.2349,74.1536,75.0778,76.0074,76.9425,77.883,78.8291,79.7807,80.7379,81.7007,82.6692,83.6434,84.6233,85.609,86.6004,87.8065,88.7717,89.5652,90.2338,90.8102,91.3172,91.7711,92.184,92.5646,92.9195,93.2537,93.5712,93.8747,94.1668,94.4493,94.7229,94.8761
0,0.550386,9.6986,17.5203,23.5389,27.7538,30.4958,32.2258,33.3676,34.2227,34.9637,35.6699,36.3704,37.0733,37.78,38.4909,39.2058,39.925,40.6483,41.3759,42.1077,42.8437,43.584,44.3287,45.0777,45.831,46.5888,47.351,48.1176,48.8887,49.6643,50.4444,51.2291,52.0183,52.8122,53.6107,54.4139,55.2217,56.0343,56.8517,57.6738,58.5007,59.3325,60.1691,61.0107,61.8571,62.7085,63.5649,64.4264,65.2928,66.1644,67.041,67.9228,68.8097,69.7019,70.5993,71.5019,72.4099,73.3231,74.2418,75.1658,76.0952,77.0301,77.9705,78.9164,79.8679,80.8249,81.7876,82.756,83.73,84.7097,85.6953,86.8941,88.6713,90.1825,91.4969,92.6616,93.7089,94.6617,95.5365,96.3452,97.0965,97.7971,98.4519,99.0649,99.639,100.177,100.679,101.145,101.401
0.212753,9.30608,17.0809,23.0633,27.2529,29.9785,31.6981,32.8331,33.6831,34.4196,35.1216,35.8179,36.5165,37.219,37.9256,38.6363,39.3511,40.0701,40.7933,41.5207,42.2523,42.9882,43.7284,44.4729,45.2217,45.9749,46.7325,47.4945,48.261,49.0319,49.8074,50.5874,51.3719,52.161,52.9547,53.7531,54.5561,55.3638,56.1762,56.9934,57.8154,58.6422,59.4738,60.3103,61.1517,61.998,62.8492,63.7055,64.5667,65.433,66.3044,67.1809,68.0626,68.9493,69.8413,70.7386,71.6411,72.5489,73.462,74.3805,75.3043,76.2336,77.1684,78.1086,79.0543,80.0057,80.9626,81.9251,82.8933,83.8671,84.8467,86.0384,87.8049,90.5528,92.9474,95.0623,96.9489,98.6444,100.176,101.565,102.827,103.976,105.023,105.977,106.847,107.64,108.364,109.024,109.62,109.945
8.97152,16.6996,22.6462,26.8107,29.5199,31.2292,32.3574,33.2022,33.9343,34.6321,35.3242,36.0187,36.717,37.4193,38.1257,38.8363,39.551,40.2698,40.9928,41.7201,42.4515,43.1873,43.9273,44.6717,45.4203,46.1734,46.9308,47.6927,48.459,49.2298,50.0051,50.7849,51.5693,52.3583,53.1518,53.95,54.7529,55.5605,56.3727,57.1898,58.0116,58.8382,59.6697,60.506,61.3472,62.1934,63.0445,63.9006,64.7617,65.6279,66.4991,67.3754,68.2569,69.1436,70.0354,70.9325,71.8348,72.7425,73.6554,74.5738,75.4975,76.4266,77.3612,78.3013,79.2469,80.1981,81.1548,82.1172,83.0852,84.0589,85.2435,86.9994,89.7308,93.7469,97.2311,100.276,102.95,105.307,107.39,109.233,110.867,112.316,113.603,114.748,115.767,116.677,117.489,118.216,118.863,119.212
16.3731,22.284,26.4235,29.1164,30.8155,31.9369,32.7767,33.5044,34.198,34.886,35.5762,36.2703,36.9685,37.6706,38.3769,39.0873,39.8018,40.5205,41.2434,41.9705,42.7018,43.4374,44.1773,44.9215,45.67,46.4229,47.1802,47.9419,48.7081,49.4787,50.2539,51.0335,51.8178,52.6066,53.4,54.198,55.0007,55.8082,56.6203,57.4372,58.2589,59.0853,59.9166,60.7528,61.5939,62.4399,63.2909,64.1468,65.0078,65.8738,66.7449,67.621,68.5024,69.3889,70.2806,71.1775,72.0797,72.9872,73.9,74.8181,75.7417,76.6707,77.6051,78.5451,79.4905,80.4415,81.3981,82.3604,83.3282,84.5057,86.251,88.9661,92.958,98.3241,102.888,106.785,110.122,112.985,115.447,117.567,119.397,120.979,122.35,123.542,124.582,125.492,126.291,126.996,127.612,127.943
21.9676,26.0822,28.759,30.4479,31.5625,32.3973,33.1206,33.8101,34.4939,35.18,35.87,36.5639,37.2619,37.9639,38.6701,39.3803,40.0947,40.8132,41.5359,42.2629,42.9941,43.7295,44.4692,45.2133,45.9617,46.7144,47.4716,48.2331,48.9991,49.7696,50.5446,51.3241,52.1082,52.8969,53.6901,54.488,55.2906,56.0979,56.9098,57.7266,58.5481,59.3744,60.2056,61.0416,61.8825,62.7284,63.5792,64.435,65.2958,66.1617,67.0326,67.9086,68.7898,69.6762,70.5677,71.4645,72.3665,73.2739,74.1865,75.1045,76.0279,76.9568,77.8911,78.8309,79.7762,80.727,81.6835,82.6456,83.8159,85.5508,88.2495,92.2176,97.5515,104.087,109.493,113.974,117.699,120.801,123.391,125.56,127.382,128.919,130.221,131.328,132.275,133.089,133.793,134.404,134.931,135.213
25.7753,28.436,30.1147,31.2227,32.0524,32.7714,33.4567,34.1365,34.8185,35.5043,36.1941,36.8879,37.5857,38.2876,38.9936,39.7036,40.4179,41.1363,41.8588,42.5856,43.3167,44.0519,44.7915,45.5354,46.2837,47.0363,47.7933,48.5547,49.3205,50.0909,50.8657,51.6451,52.429,53.2175,54.0106,54.8084,55.6108,56.4179,57.2297,58.0463,58.8677,59.6939,60.5249,61.3608,62.2016,63.0473,63.8979,64.7536,65.6142,66.4799,67.3507,68.2266,69.1076,69.9938,70.8852,71.7819,72.6837,73.5909,74.5034,75.4213,76.3446,77.2733,78.2074,79.147,80.0922,81.0429,81.9992,83.1625,84.887,87.5696,91.5138,96.8157,103.312,110.611,116.454,121.142,124.915,127.96,130.427,132.434,134.076,135.427,136.546,137.478,138.26,138.92,139.482,139.963,140.372,140.589
28.1361,29.8047,30.906,31.7308,32.4455,33.1267,33.8024,34.4803,35.162,35.8476,36.5372,37.2309,37.9285,38.6303,39.3361,40.0461,40.7601,41.4784,42.2008,42.9274,43.6583,44.3935,45.1329,45.8766,46.6247,47.3772,48.134,48.8953,49.661,50.4312,51.2059,51.9851,52.7689,53.5572,54.3502,55.1478,55.9501,56.7571,57.5687,58.3852,59.2064,60.0324,60.8633,61.699,62.5397,63.3852,64.2357,65.0912,65.9517,66.8173,67.6879,68.5637,69.4446,70.3306,71.2218,72.1183,73.0201,73.9271,74.8395,75.7572,76.6803,77.6089,78.5428,79.4823,80.4273,81.3779,82.5343,84.2484,86.9148,90.8354,96.1055,102.563,109.818,117.345,123.163,127.672,131.18,133.921,136.075,137.779,139.135,140.224,141.106,141.825,142.417,142.909,143.321,143.669,143.961,144.115
29.5088,30.6035,31.4234,32.1337,32.8108,33.4825,34.1563,34.8339,35.5154,36.2009,36.8904,37.5839,38.2814,38.983,39.6887,40.3985,41.1124,41.8305,42.5528,43.2793,44.01,44.745,45.4843,46.2279,46.9758,47.7282,48.4849,49.246,50.0115,50.7816,51.5561,52.3352,53.1188,53.907,54.6999,55.4973,56.2994,57.1063,57.9178,58.7341,59.5552,60.381,61.2118,62.0473,62.8878,63.7332,64.5836,65.4389,66.2993,67.1647,68.0352,68.9108,69.7915,70.6774,71.5685,72.4649,73.3665,74.2734,75.1856,76.1032,77.0261,77.9545,78.8884,79.8277,80.7726,81.922,83.6258,86.2763,90.1733,95.4118,101.831,109.042,116.524,123.746,129.127,133.151,136.176,138.465,140.21,141.551,142.592,143.408,144.054,144.572,144.991,145.333,145.617,145.853,146.05,146.154
30.309,31.1239,31.83,32.5031,33.1707,33.8405,34.514,35.1914,35.8728,36.5581,37.2475,37.9408,38.6382,39.3397,40.0452,40.7548,41.4686,42.1866,42.9087,43.6351,44.3656,45.1005,45.8396,46.5831,47.3309,48.083,48.8396,49.6006,50.366,51.1359,51.9103,52.6892,53.4727,54.2607,55.0534,55.8507,56.6527,57.4594,58.2708,59.0869,59.9078,60.7336,61.5642,62.3996,63.2399,64.0852,64.9354,65.7906,66.6508,67.5161,68.3864,69.2619,70.1425,71.0282,71.9192,72.8154,73.7168,74.6236,75.5356,76.4531,77.3759,78.3041,79.2378,80.177,81.3195,83.0132,85.6477,89.5214,94.7284,101.109,108.277,115.714,122.893,129.384,134.045,137.409,139.856,141.649,142.978,143.973,144.728,145.308,145.76,146.116,146.401,146.633,146.823,146.982,147.113,147.182
30.8289,31.5308,32.1998,32.8634,33.5292,34.1987,34.872,35.5493,36.2306,36.9158,37.6049,38.2981,38.9954,39.6967,40.4021,41.1116,41.8252,42.543,43.265,43.9912,44.7217,45.4564,46.1953,46.9387,47.6863,48.4383,49.1947,49.9556,50.7208,51.4906,52.2648,53.0436,53.8269,54.6149,55.4074,56.2046,57.0064,57.8129,58.6242,59.4402,60.2609,61.0865,61.917,62.7523,63.5924,64.4376,65.2876,66.1427,67.0028,67.8679,68.7381,69.6134,70.4938,71.3794,72.2702,73.1663,74.0676,74.9742,75.8861,76.8034,77.7261,78.6542,79.5877,80.7234,82.4068,85.0256,88.876,94.0518,100.394,107.519,114.912,122.047,128.5,134.007,137.823,140.487,142.366,143.707,144.677,145.389,145.921,146.326,146.638,146.884,147.081,147.242,147.374,147.485,147.578,147.628
31.2344,31.8994,32.559,33.2208,33.8862,34.5555,35.2288,35.9059,36.587,37.2721,37.9611,38.6542,39.3512,40.0524,40.7577,41.467,42.1805,42.8982,43.62,44.3461,45.0764,45.8109,46.5498,47.2929,48.0404,48.7923,49.5486,50.3092,51.0744,51.844,52.6181,53.3967,54.1799,54.9677,55.7601,56.5571,57.3588,58.1652,58.9763,59.7921,60.6128,61.4382,62.2685,63.1036,63.9437,64.7886,65.6386,66.4935,67.3534,68.2184,69.0884,69.9636,70.8439,71.7294,72.62,73.5159,74.4171,75.3235,76.2353,77.1524,78.075,79.0029,80.1318,81.8051,84.4082,88.2355,93.3802,99.6843,106.767,114.115,121.208,127.622,133.096,137.547,140.533,142.561,143.957,144.935,145.634,146.143,146.523,146.813,147.039,147.219,147.366,147.487,147.589,147.676,147.75,147.79
31.601,32.2566,32.9145,33.5759,34.2412,34.9104,35.5835,36.2605,36.9414,37.6264,38.3153,39.0082,39.7051,40.4061,41.1112,41.8205,42.5338,43.2513,43.973,44.6989,45.4291,46.1635,46.9022,47.6452,48.3926,49.1443,49.9004,50.661,51.426,52.1954,52.9694,53.7479,54.5309,55.3185,56.1108,56.9077,57.7092,58.5154,59.3264,60.1421,60.9626,61.7879,62.618,63.453,64.2929,65.1378,65.9876,66.8423,67.7021,68.5669,69.4368,70.3119,71.192,72.0773,72.9678,73.8636,74.7646,75.6709,76.5826,77.4996,78.4219,79.544,81.2073,83.7947,87.5991,92.713,98.9793,106.019,113.323,120.374,126.749,132.19,136.614,140.081,142.352,143.865,144.896,145.614,146.13,146.509,146.797,147.021,147.2,147.346,147.468,147.571,147.659,147.736,147.803,147.838
31.9562,32.6101,33.2676,33.9289,34.5941,35.2631,35.936,36.6129,37.2937,37.9785,38.6672,39.36,40.0568,40.7577,41.4626,42.1717,42.8849,43.6023,44.3238,45.0496,45.7796,46.5139,47.2524,47.9953,48.7425,49.4941,50.2501,51.0105,51.7753,52.5447,53.3185,54.0968,54.8797,55.6672,56.4593,57.256,58.0574,58.8635,59.6744,60.4899,61.3103,62.1354,62.9654,63.8003,64.64,65.4847,66.3344,67.189,68.0486,68.9133,69.7831,70.658,71.538,72.4231,73.3135,74.2091,75.11,76.0162,76.9277,77.8445,78.9598,80.6132,83.1851,86.9666,92.0498,98.2785,105.276,112.536,119.544,125.881,131.29,135.688,139.134,141.781,143.493,144.631,145.41,145.962,146.366,146.671,146.91,147.101,147.257,147.388,147.499,147.595,147.678,147.751,147.815,147.849
32.3075,32.9611,33.6184,34.2796,34.9446,35.6135,36.2863,36.963,37.6437,38.3283,39.0169,39.7096,40.4062,41.107,41.8118,42.5207,43.2338,43.951,44.6724,45.398,46.1279,46.862,47.6005,48.3432,49.0903,49.8417,50.5975,51.3578,52.1225,52.8917,53.6653,54.4436,55.2263,56.0137,56.8056,57.6022,58.4035,59.2094,60.0201,60.8355,61.6557,62.4807,63.3106,64.1453,64.9849,65.8295,66.679,67.5334,68.3929,69.2575,70.1271,71.0018,71.8817,72.7667,73.657,74.5524,75.4532,76.3592,77.2705,78.3792,80.0226,82.5791,86.3379,91.3906,97.5819,104.537,111.754,118.72,125.019,130.396,134.767,138.192,140.823,142.847,144.163,145.05,145.673,146.126,146.469,146.737,146.951,147.127,147.275,147.4,147.507,147.6,147.682,147.754,147.817,147.851
32.6564,33.3098,33.967,34.6281,35.293,35.9617,36.6344,37.3109,37.9915,38.6759,39.3644,40.0569,40.7534,41.454,42.1587,42.8675,43.5804,44.2975,45.0188,45.7442,46.474,47.208,47.9462,48.6888,49.4358,50.1871,50.9428,51.7029,52.4674,53.2365,54.01,54.7881,55.5707,56.3579,57.1497,57.9461,58.7473,59.5531,60.3636,61.1789,61.999,62.8238,63.6535,64.4881,65.3276,66.172,67.0214,67.8757,68.7351,69.5995,70.4689,71.3435,72.2232,73.1081,73.9982,74.8936,75.7941,76.7,77.802,79.4356,81.9767,85.713,90.7354,96.8895,103.803,110.977,117.901,124.162,129.507,133.851,137.256,139.871,141.883,143.472,144.529,145.264,145.797,146.198,146.511,146.761,146.965,147.136,147.279,147.402,147.508,147.601,147.682,147.754,147.817,147.851
33.0031,33.6563,34.3134,34.9743,35.6391,36.3077,36.9802,37.6566,38.337,39.0213,39.7097,40.402,41.0984,41.7988,42.5034,43.212,43.9248,44.6418,45.3629,46.0882,46.8178,47.5517,48.2898,49.0323,49.779,50.5302,51.2858,52.0457,52.8102,53.579,54.3524,55.1304,55.9128,56.6999,57.4916,58.2879,59.0889,59.8945,60.7049,61.5201,62.34,63.1647,63.9943,64.8287,65.6681,66.5123,67.3615,68.2157,69.075,69.9392,70.8086,71.683,72.5626,73.4474,74.3373,75.2325,76.1329,77.2283,78.8521,81.378,85.0918,90.084,96.2013,103.074,110.204,117.087,123.31,128.623,132.941,136.326,138.925,140.925,142.504,143.814,144.716,145.365,145.851,146.227,146.526,146.769,146.969,147.138,147.28,147.403,147.509,147.601,147.682,147.754,147.817,147.851
33.3475,34.0006,34.6576,35.3183,35.9829,36.6514,37.3238,38.0001,38.6803,39.3645,40.0527,40.7449,41.4412,42.1415,42.8459,43.5544,44.267,44.9838,45.7048,46.43,47.1595,47.8932,48.6312,49.3735,50.1201,50.8712,51.6266,52.3864,53.1507,53.9194,54.6927,55.4705,56.2528,57.0397,57.8313,58.6274,59.4283,60.2338,61.0441,61.8591,62.6788,63.5034,64.3329,65.1672,66.0064,66.8505,67.6996,68.5536,69.4127,70.2768,71.146,72.0203,72.8998,73.7844,74.6742,75.5692,76.6581,78.2721,80.7828,84.4744,89.4367,95.5172,102.348,109.436,116.277,122.464,127.744,132.037,135.401,137.985,139.972,141.542,142.845,143.989,144.804,145.409,145.873,146.237,146.531,146.771,146.97,147.138,147.281,147.403,147.509,147.601,147.682,147.754,147.817,147.851
33.6897,34.3427,34.9995,35.6601,36.3246,36.9929,37.6652,38.3413,39.0214,39.7055,40.3935,41.0856,41.7817,42.4819,43.1861,43.8945,44.607,45.3237,46.0445,46.7696,47.4989,48.2325,48.9703,49.7125,50.459,51.2099,51.9652,52.7249,53.489,54.2576,55.0308,55.8084,56.5906,57.3774,58.1688,58.9648,59.7655,60.5709,61.381,62.1959,63.0155,63.84,64.6693,65.5034,66.3425,67.1865,68.0354,68.8893,69.7483,70.6123,71.4813,72.3555,73.2348,74.1193,75.0089,76.0912,77.6956,80.1912,83.8606,88.7931,94.8372,101.627,108.673,115.473,121.622,126.871,131.138,134.482,137.05,139.025,140.586,141.881,143.018,144.071,144.843,145.427,145.88,146.241,146.532,146.772,146.971,147.138,147.281,147.403,147.509,147.601,147.682,147.754,147.817,147.851
34.0298,34.6826,35.3393,35.9998,36.6641,37.3323,38.0044,38.6804,39.3604,40.0443,40.7322,41.4241,42.1201,42.8201,43.5243,44.2325,44.9449,45.6614,46.3821,47.107,47.8362,48.5696,49.3074,50.0494,50.7958,51.5465,52.3016,53.0612,53.8252,54.5937,55.3667,56.1442,56.9262,57.7129,58.5041,59.3,60.1006,60.9058,61.7158,62.5305,63.3501,64.1744,65.0035,65.8375,66.6765,67.5203,68.3691,69.2229,70.0817,70.9455,71.8145,72.6885,73.5677,74.452,75.5278,77.1225,79.6032,83.2506,88.1535,94.1613,100.911,107.914,114.673,120.785,126.003,130.244,133.568,136.121,138.084,139.636,140.923,142.053,143.1,144.107,144.858,145.433,145.883,146.242,146.533,146.772,146.971,147.138,147.281,147.403,147.509,147.601,147.682,147.754,147.817,147.851
34.3676,35.0204,35.6769,36.3372,37.0014,37.6695,38.3414,39.0173,39.6971,40.3809,41.0687,41.7605,42.4563,43.1562,43.8602,44.5683,45.2805,45.9969,46.7175,47.4423,48.1713,48.9046,49.6422,50.3841,51.1303,51.8809,52.6359,53.3954,54.1592,54.9276,55.7004,56.4778,57.2597,58.0462,58.8373,59.6331,60.4335,61.2386,62.0485,62.8631,63.6824,64.5066,65.3356,66.1695,67.0083,67.852,68.7007,69.5543,70.413,71.2767,72.1455,73.0194,73.8984,74.9677,76.5529,79.0187,82.6442,87.5177,93.4894,100.198,107.159,113.878,119.954,125.14,129.356,132.66,135.197,137.149,138.691,139.97,141.094,142.134,143.136,144.122,144.864,145.435,145.884,146.242,146.533,146.772,146.971,147.138,147.281,147.403,147.509,147.601,147.682,147.754,147.817,147.851
34.7033,35.3559,36.0123,36.6725,37.3366,38.0045,38.6763,39.3521,40.0317,40.7154,41.403,42.0947,42.7904,43.4901,44.194,44.902,45.614,46.3303,47.0507,47.7754,48.5043,49.2375,49.9749,50.7167,51.4628,52.2132,52.9681,53.7274,54.4911,55.2593,56.032,56.8093,57.591,58.3774,59.1684,59.964,60.7643,61.5693,62.379,63.1934,64.0127,64.8367,65.6656,66.4994,67.338,68.1816,69.0301,69.8836,70.7421,71.6057,72.4744,73.3481,74.411,75.9867,78.4377,82.0414,86.8857,92.8216,99.4902,106.409,113.088,119.127,124.282,128.473,131.757,134.279,136.219,137.752,139.023,140.14,141.175,142.17,143.15,144.127,144.866,145.436,145.884,146.242,146.533,146.772,146.971,147.138,147.281,147.403,147.509,147.601,147.682,147.754,147.817,147.851
35.0369,35.6893,36.3456,37.0057,37.6696,38.3374,39.0091,39.6847,40.3642,41.0477,41.7352,42.4268,43.1223,43.8219,44.5256,45.2335,45.9454,46.6615,47.3819,48.1064,48.8351,49.5682,50.3055,51.0471,51.7931,52.5434,53.2981,54.0573,54.8209,55.5889,56.3615,57.1386,57.9203,58.7065,59.4973,60.2928,61.093,61.8978,62.7074,63.5217,64.3408,65.1647,65.9935,66.8271,67.6656,68.509,69.3574,70.2108,71.0692,71.9326,72.8011,73.8577,75.4238,77.8601,81.4423,86.2575,92.1578,98.7864,105.664,112.303,118.305,123.429,127.595,130.859,133.366,135.295,136.819,138.082,139.193,140.221,141.21,142.184,143.155,144.129,144.866,145.436,145.884,146.242,146.533,146.772,146.971,147.138,147.281,147.403,147.509,147.601,147.682,147.754,147.817,147.851
35.3683,36.0206,36.6767,37.3367,38.0005,38.6681,39.3397,40.0151,40.6946,41.3779,42.0653,42.7567,43.4521,44.1516,44.8552,45.5629,46.2747,46.9907,47.7108,48.4352,49.1639,49.8967,50.6339,51.3754,52.1212,52.8714,53.626,54.3851,55.1485,55.9164,56.6889,57.4658,58.2474,59.0335,59.8242,60.6195,61.4195,62.2243,63.0337,63.8479,64.6668,65.4906,66.3192,67.1527,67.9911,68.8344,69.6826,70.5359,71.3941,72.2574,73.3076,74.8644,77.2861,80.8467,85.633,91.4979,98.0868,104.923,111.522,117.489,122.582,126.722,129.967,132.459,134.376,135.891,137.147,138.251,139.273,140.256,141.224,142.189,143.157,144.129,144.866,145.436,145.884,146.242,146.533,146.772,146.971,147.138,147.281,147.403,147.509,147.601,147.682,147.754,147.817,147.851
35.6976,36.3498,37.0058,37.6656,38.3292,38.9967,39.6682,40.3435,41.0228,41.706,42.3933,43.0845,43.7798,44.4792,45.1826,45.8901,46.6018,47.3177,48.0377,48.762,49.4905,50.2232,50.9603,51.7016,52.4473,53.1974,53.9519,54.7107,55.4741,56.2419,57.0142,57.791,58.5724,59.3583,60.1489,60.9441,61.744,62.5486,63.3579,64.1719,64.9908,65.8144,66.6429,67.4762,68.3145,69.1576,70.0058,70.8589,71.717,72.7609,74.3083,76.7155,80.2548,85.0123,90.8421,97.3914,104.187,110.746,116.677,121.739,125.855,129.081,131.558,133.463,134.969,136.217,137.314,138.33,139.308,140.27,141.229,142.191,143.158,144.129,144.866,145.436,145.884,146.242,146.533,146.772,146.971,147.138,147.281,147.403,147.509,147.601,147.682,147.754,147.817,147.851
36.0248,36.6768,37.3327,37.9923,38.6559,39.3233,39.9945,40.6697,41.3489,42.032,42.7191,43.4102,44.1054,44.8046,45.5079,46.2153,46.9269,47.6426,48.3625,49.0866,49.815,50.5476,51.2845,52.0257,52.7713,53.5212,54.2756,55.0343,55.7975,56.5652,57.3374,58.114,58.8953,59.6811,60.4716,61.2667,62.0664,62.8709,63.68,64.4939,65.3126,66.1361,66.9645,67.7977,68.6358,69.4788,70.3268,71.1798,72.2174,73.7556,76.1483,79.6663,84.3954,90.1901,96.7001,103.455,109.974,115.87,120.902,124.993,128.199,130.661,132.556,134.052,135.293,136.383,137.393,138.365,139.322,140.275,141.231,142.192,143.158,144.129,144.866,145.436,145.884,146.242,146.533,146.772,146.971,147.138,147.281,147.403,147.509,147.601,147.682,147.754,147.817,147.851
36.3499,37.0018,37.6575,38.317,38.9804,39.6477,40.3188,40.9939,41.6729,42.3559,43.0429,43.7339,44.4289,45.128,45.8312,46.5384,47.2499,47.9655,48.6852,49.4092,50.1374,50.8699,51.6067,52.3478,53.0932,53.843,54.5972,55.3558,56.1189,56.8864,57.6585,58.435,59.2162,60.0019,60.7922,61.5871,62.3867,63.191,64.0001,64.8139,65.6324,66.4558,67.284,68.1171,68.9551,69.798,70.6458,71.6772,73.2062,75.5845,79.0815,83.7821,89.5421,96.013,102.727,109.208,115.068,120.07,124.136,127.323,129.771,131.653,133.141,134.374,135.458,136.462,137.428,138.379,139.327,140.277,141.232,142.192,143.158,144.129,144.866,145.436,145.884,146.242,146.533,146.772,146.971,147.138,147.281,147.403,147.509,147.601,147.682,147.754,147.817,147.851
36.6729,37.3247,37.9802,38.6396,39.3029,39.97,40.6411,41.316,41.9949,42.6777,43.3646,44.0554,44.7503,45.4493,46.1523,46.8595,47.5708,48.2862,49.0059,49.7297,50.4578,51.1902,51.9268,52.6678,53.4131,54.1627,54.9168,55.6753,56.4382,57.2056,57.9775,58.754,59.535,60.3205,61.1107,61.9055,62.705,63.5092,64.3181,65.1317,65.9502,66.7734,67.6015,68.4344,69.2723,70.1151,71.1403,72.66,75.0241,78.5001,83.1725,88.8979,95.33,102.004,108.446,114.271,119.243,123.285,126.452,128.885,130.756,132.235,133.461,134.539,135.536,136.496,137.442,138.384,139.328,140.277,141.232,142.192,143.158,144.129,144.866,145.436,145.884,146.242,146.533,146.772,146.971,147.138,147.281,147.403,147.509,147.601,147.682,147.754,147.817,147.851
36.9938,37.6455,38.3009,38.9602,39.6233,40.2903,40.9612,41.636,42.3148,42.9975,43.6842,44.3749,45.0697,45.7685,46.4714,47.1785,47.8896,48.6049,49.3245,50.0482,50.7761,51.5084,52.2449,52.9857,53.7309,54.4804,55.2344,55.9927,56.7555,57.5228,58.2946,59.0709,59.8517,60.6371,61.4272,62.2219,63.0212,63.8253,64.6341,65.4476,66.2659,67.089,67.917,68.7498,69.5875,70.6065,72.1172,74.4671,77.9222,82.5666,88.2577,94.6512,101.285,107.688,113.478,118.42,122.438,125.587,128.005,129.865,131.335,132.554,133.624,134.616,135.57,136.51,137.447,138.385,139.329,140.278,141.232,142.192,143.158,144.129,144.866,145.436,145.884,146.242,146.533,146.772,146.971,147.138,147.281,147.403,147.509,147.601,147.682,147.754,147.817,147.851
37.3127,37.9642,38.6195,39.2787,39.9417,40.6085,41.2793,41.954,42.6326,43.3152,44.0018,44.6924,45.387,46.0857,46.7885,47.4954,48.2064,48.9216,49.641,50.3646,51.0924,51.8245,52.5609,53.3016,54.0466,54.7961,55.5499,56.3081,57.0707,57.8379,58.6095,59.3857,60.1664,60.9517,61.7417,62.5362,63.3354,64.1394,64.948,65.7614,66.5796,67.4026,68.2304,69.0631,70.076,71.5776,73.9134,77.3478,81.9643,87.6212,93.9764,100.57,106.935,112.69,117.603,121.597,124.726,127.13,128.979,130.44,131.651,132.716,133.702,134.65,135.584,136.515,137.448,138.386,139.329,140.278,141.232,142.192,143.158,144.129,144.866,145.436,145.884,146.242,146.533,146.772,146.971,147.138,147.281,147.403,147.509,147.601,147.682,147.754,147.817,147.851
37.6295,38.2809,38.9361,39.5951,40.258,40.9247,41.5954,42.2699,42.9484,43.6309,44.3173,45.0078,45.7023,46.4009,47.1035,47.8103,48.5212,49.2363,49.9555,50.679,51.4067,52.1386,52.8749,53.6155,54.3604,55.1097,55.8633,56.6214,57.384,58.151,58.9225,59.6985,60.4791,61.2643,62.0541,62.8485,63.6476,64.4514,65.2599,66.0732,66.8912,67.7141,68.5418,69.5487,71.0412,73.363,76.7768,81.3656,86.9886,93.3056,99.86,106.186,111.907,116.79,120.76,123.871,126.26,128.098,129.55,130.755,131.813,132.792,133.735,134.664,135.589,136.517,137.449,138.386,139.329,140.278,141.232,142.192,143.158,144.129,144.866,145.436,145.884,146.242,146.533,146.772,146.971,147.138,147.281,147.403,147.509,147.601,147.682,147.754,147.817,147.851
37.9444,38.5956,39.2507,39.9096,40.5723,41.2389,41.9094,42.5838,43.2622,43.9445,44.6309,45.3212,46.0156,46.714,47.4165,48.1232,48.8339,49.5489,50.268,50.9913,51.7189,52.4508,53.1869,53.9273,54.6721,55.4213,56.1748,56.9328,57.6952,58.4621,59.2335,60.0094,60.7898,61.5749,62.3646,63.1589,63.9578,64.7615,65.5699,66.383,67.2009,68.0236,69.0245,70.5081,72.8159,76.2092,80.7705,86.3598,92.6389,99.154,105.442,111.129,115.983,119.929,123.021,125.396,127.223,128.666,129.863,130.915,131.889,132.826,133.749,134.669,135.591,136.517,137.449,138.386,139.329,140.278,141.232,142.192,143.158,144.129,144.866,145.436,145.884,146.242,146.533,146.772,146.971,147.138,147.281,147.403,147.509,147.601,147.682,147.754,147.817,147.851
38.2571,38.9083,39.5632,40.222,40.8846,41.5511,42.2214,42.8957,43.574,44.2562,44.9424,45.6326,46.3268,47.0251,47.7275,48.4341,49.1447,49.8595,50.5785,51.3017,52.0292,52.7609,53.4969,54.2372,54.9818,55.7309,56.4843,57.2421,58.0044,58.7712,59.5424,60.3182,61.0986,61.8835,62.673,63.4672,64.266,65.0696,65.8778,66.6908,67.5086,68.5034,69.9781,72.2721,75.6451,80.179,85.7347,91.9762,98.4522,104.703,110.355,115.18,119.102,122.176,124.537,126.353,127.787,128.977,130.022,130.991,131.922,132.839,133.754,134.67,135.591,136.517,137.449,138.386,139.329,140.278,141.232,142.192,143.158,144.129,144.866,145.436,145.884,146.242,146.533,146.772,146.971,147.138,147.281,147.403,147.509,147.601,147.682,147.754,147.817,147.851
38.5679,39.2189,39.8737,40.5324,41.1949,41.8612,42.5315,43.2056,43.8837,44.5658,45.2519,45.942,46.6361,47.3343,48.0366,48.7429,49.4535,50.1681,50.887,51.6101,52.3374,53.069,53.8049,54.5451,55.2896,56.0385,56.7918,57.5495,58.3116,59.0783,59.8494,60.6251,61.4053,62.1901,62.9795,63.7735,64.5723,65.3757,66.1838,66.9967,67.9855,69.4514,71.7316,75.0843,79.5911,85.1134,91.3174,97.7546,103.968,109.586,114.382,118.281,121.336,123.682,125.487,126.914,128.096,129.135,130.098,131.024,131.935,132.844,133.755,134.671,135.591,136.517,137.449,138.386,139.329,140.278,141.232,142.192,143.158,144.129,144.866,145.436,145.884,146.242,146.533,146.772,146.971,147.138,147.281,147.403,147.509,147.601,147.682,147.754,147.817,147.851
38.8767,39.5276,40.1823,40.8408,41.5032,42.1694,42.8395,43.5136,44.1915,44.8735,45.5594,46.2494,46.9434,47.6414,48.3436,49.0498,49.7602,50.4748,51.1935,51.9165,52.6437,53.3752,54.1109,54.851,55.5954,56.3441,57.0973,57.8549,58.6169,59.3834,60.1544,60.93,61.7101,62.4947,63.284,64.0779,64.8765,65.6798,66.4878,67.4707,68.9278,71.1943,74.5269,79.0066,84.4959,90.6626,97.0612,103.237,108.822,113.589,117.464,120.501,122.833,124.628,126.045,127.221,128.254,129.21,130.131,131.037,131.94,132.846,133.756,134.671,135.591,136.517,137.449,138.386,139.329,140.278,141.232,142.192,143.158,144.129,144.866,145.436,145.884,146.242,146.533,146.772,146.971,147.138,147.281,147.403,147.509,147.601,147.682,147.754,147.817,147.851
39.1836,39.8343,40.4889,41.1472,41.8095,42.4756,43.1456,43.8195,44.4974,45.1792,45.865,46.5548,47.2487,47.9466,48.6487,49.3548,50.0651,50.7795,51.4981,52.2209,52.948,53.6793,54.415,55.1549,55.8992,56.6478,57.4009,58.1583,58.9202,59.6866,60.4575,61.2329,62.0129,62.7974,63.5866,64.3804,65.1788,65.982,66.959,68.4073,70.6603,73.9729,78.4257,83.882,90.0118,96.3719,102.511,108.062,112.8,116.652,119.671,121.99,123.773,125.182,126.351,127.377,128.328,129.243,130.144,131.042,131.942,132.846,133.756,134.671,135.591,136.517,137.449,138.386,139.329,140.278,141.232,142.192,143.158,144.129,144.866,145.436,145.884,146.242,146.533,146.772,146.971,147.138,147.281,147.403,147.509,147.601,147.682,147.754,147.817,147.851
39.4884,40.139,40.7935,41.4517,42.1138,42.7798,43.4497,44.1235,44.8012,45.4829,46.1686,46.8583,47.5521,48.2499,48.9518,49.6578,50.3679,51.0822,51.8007,52.5234,53.2504,53.9816,54.7171,55.4569,56.201,56.9496,57.7025,58.4598,59.2216,59.9879,60.7586,61.5339,62.3137,63.0982,63.8872,64.6809,65.4792,66.4504,67.89,70.1294,73.4221,77.8483,83.2718,89.3648,95.6868,101.789,107.307,112.017,115.846,118.846,121.151,122.923,124.324,125.486,126.506,127.451,128.361,129.256,130.149,131.043,131.942,132.847,133.756,134.671,135.591,136.517,137.449,138.386,139.329,140.278,141.232,142.192,143.158,144.129,144.866,145.436,145.884,146.242,146.533,146.772,146.971,147.138,147.281,147.403,147.509,147.601,147.682,147.754,147.817,147.851
39.7913,40.4418,41.0961,41.7543,42.4162,43.0821,43.7518,44.4255,45.1031,45.7847,46.4703,47.1599,47.8535,48.5512,49.2529,49.9588,50.6688,51.383,52.1014,52.824,53.5508,54.2819,55.0173,55.7569,56.501,57.2494,58.0022,58.7594,59.521,60.2872,61.0578,61.833,62.6127,63.397,64.1859,64.9794,65.9448,67.3758,69.6018,72.8747,77.2743,82.6653,88.7217,95.0058,101.071,106.556,111.238,115.044,118.026,120.317,122.079,123.471,124.626,125.64,126.58,127.484,128.374,129.261,130.15,131.044,131.943,132.847,133.756,134.671,135.591,136.517,137.449,138.386,139.329,140.278,141.232,142.192,143.158,144.129,144.866,145.436,145.884,146.242,146.533,146.772,146.971,147.138,147.281,147.403,147.509,147.601,147.682,147.754,147.817,147.851
40.0923,40.7427,41.3968,42.0549,42.7167,43.3824,44.0521,44.7256,45.4031,46.0846,46.77,47.4595,48.153,48.8505,49.5522,50.2579,50.9678,51.6819,52.4001,53.1226,53.8493,54.5803,55.3155,56.0551,56.799,57.5473,58.2999,59.057,59.8186,60.5846,61.3551,62.1301,62.9097,63.6939,64.4827,65.4422,66.8646,69.0773,72.3306,76.7037,82.0624,88.0825,94.3288,100.358,105.81,110.463,114.246,117.211,119.488,121.24,122.624,123.771,124.779,125.713,126.612,127.497,128.378,129.262,130.151,131.044,131.943,132.847,133.756,134.671,135.591,136.517,137.449,138.386,139.329,140.278,141.232,142.192,143.158,144.129,144.866,145.436,145.884,146.242,146.533,146.772,146.971,147.138,147.281,147.403,147.509,147.601,147.682,147.754,147.817,147.851
40.3913,41.0416,41.6956,42.3535,43.0153,43.6809,44.3504,45.0238,45.7012,46.3825,47.0678,47.7572,48.4505,49.148,49.8495,50.5551,51.2649,51.9789,52.697,53.4193,54.1459,54.8767,55.6119,56.3513,57.0951,57.8432,58.5958,59.3527,60.1142,60.88,61.6504,62.4254,63.2048,63.9889,64.9427,66.3565,68.5559,71.7897,76.1366,81.4631,87.4471,93.656,99.6489,105.068,109.694,113.454,116.401,118.664,120.405,121.781,122.922,123.924,124.852,125.745,126.625,127.501,128.38,129.263,130.151,131.044,131.943,132.847,133.756,134.671,135.591,136.517,137.449,138.386,139.329,140.278,141.232,142.192,143.158,144.129,144.866,145.436,145.884,146.242,146.533,146.772,146.971,147.138,147.281,147.403,147.509,147.601,147.682,147.754,147.817,147.851
40.6884,41.3386,41.9925,42.6503,43.3119,43.9774,44.6468,45.3201,45.9973,46.6785,47.3637,48.0529,48.7462,49.4435,50.1449,50.8504,51.5601,52.2739,52.9919,53.7141,54.4406,55.1713,55.9063,56.6456,57.3893,58.1373,58.8897,59.6466,60.4079,61.1736,61.9439,62.7187,63.498,64.4461,65.8515,68.0377,71.2521,75.5729,80.8675,86.8155,92.9871,98.9441,104.331,108.929,112.666,115.596,117.845,119.576,120.943,122.077,123.073,123.996,124.884,125.758,126.629,127.503,128.38,129.263,130.151,131.044,131.943,132.847,133.756,134.671,135.591,136.517,137.449,138.386,139.329,140.278,141.232,142.192,143.158,144.129,144.866,145.436,145.884,146.242,146.533,146.772,146.971,147.138,147.281,147.403,147.509,147.601,147.682,147.754,147.817,147.851
40.9836,41.6337,42.2875,42.9451,43.6066,44.272,44.9413,45.6144,46.2916,46.9726,47.6577,48.3468,49.04,49.7372,50.4384,51.1438,51.8534,52.5671,53.2849,54.007,54.7334,55.464,56.1989,56.9381,57.6816,58.4295,59.1818,59.9385,60.6997,61.4654,62.2355,63.0102,63.9525,65.3495,67.5226,70.7177,75.0126,80.2754,86.1878,92.3223,98.2435,103.598,108.168,111.884,114.795,117.032,118.752,120.111,121.238,122.228,123.145,124.028,124.897,125.763,126.631,127.503,128.381,129.263,130.151,131.044,131.943,132.847,133.756,134.671,135.591,136.517,137.449,138.386,139.329,140.278,141.232,142.192,143.158,144.129,144.866,145.436,145.884,146.242,146.533,146.772,146.971,147.138,147.281,147.403,147.509,147.601,147.682,147.754,147.817,147.851
41.277,41.9269,42.5806,43.2381,43.8995,44.5647,45.2339,45.9069,46.5839,47.2649,47.9499,48.6388,49.3318,50.0289,50.7301,51.4354,52.1448,52.8583,53.5761,54.2981,55.0243,55.7548,56.4895,57.2286,57.972,58.7198,59.472,60.2286,60.9897,61.7552,62.5252,63.4619,64.8505,67.0105,70.1865,74.4556,79.6868,85.5637,91.6615,97.5472,102.869,107.412,111.105,114,116.222,117.932,119.283,120.404,121.388,122.299,123.177,124.04,124.901,125.764,126.631,127.503,128.381,129.263,130.151,131.044,131.943,132.847,133.756,134.671,135.591,136.517,137.449,138.386,139.329,140.278,141.232,142.192,143.158,144.129,144.866,145.436,145.884,146.242,146.533,146.772,146.971,147.138,147.281,147.403,147.509,147.601,147.682,147.754,147.817,147.851
41.5684,42.2182,42.8718,43.5292,44.1904,44.8556,45.5246,46.1975,46.8744,47.5553,48.2401,48.929,49.6218,50.3188,51.0199,51.725,52.4343,53.1478,53.8654,54.5873,55.3134,56.0437,56.7784,57.5173,58.2606,59.0083,59.7604,60.5168,61.2778,62.0432,62.9743,64.3545,66.5016,69.6584,73.902,79.1018,84.9435,91.0046,96.855,102.145,106.661,110.332,113.209,115.418,117.118,118.461,119.574,120.553,121.459,122.331,123.189,124.045,124.903,125.765,126.632,127.503,128.381,129.263,130.151,131.044,131.943,132.847,133.756,134.671,135.591,136.517,137.449,138.386,139.329,140.278,141.232,142.192,143.158,144.129,144.866,145.436,145.884,146.242,146.533,146.772,146.971,147.138,147.281,147.403,147.509,147.601,147.682,147.754,147.817,147.851
41.858,42.5076,43.1611,43.8184,44.4795,45.1445,45.8134,46.4863,47.163,47.8438,48.5285,49.2172,49.91,50.6068,51.3078,52.0128,52.722,53.4353,54.1528,54.8746,55.6006,56.3308,57.0653,57.8042,58.5473,59.2949,60.0468,60.8032,61.564,62.4895,63.8615,65.9957,69.1336,73.3517,78.5203,84.3269,90.3517,96.167,101.426,105.914,109.563,112.423,114.619,116.308,117.643,118.75,119.722,120.623,121.49,122.343,123.194,124.046,124.903,125.765,126.632,127.503,128.381,129.263,130.151,131.044,131.943,132.847,133.756,134.671,135.591,136.517,137.449,138.386,139.329,140.278,141.232,142.192,143.158,144.129,144.866,145.436,145.884,146.242,146.533,146.772,146.971,147.138,147.281,147.403,147.509,147.601,147.682,147.754,147.817,147.851
42.1457,42.7953,43.4486,44.1058,44.7668,45.4317,46.1005,46.7732,47.4498,48.1304,48.815,49.5037,50.1963,50.893,51.5938,52.2988,53.0078,53.721,54.4384,55.1601,55.8859,56.616,57.3504,58.0892,58.8322,59.5797,60.3315,61.0877,62.0077,63.3714,65.4928,68.6119,72.8047,77.9423,83.7141,89.7027,95.4831,100.71,105.172,108.799,111.641,113.824,115.503,116.83,117.931,118.897,119.793,120.654,121.502,122.348,123.195,124.047,124.903,125.765,126.632,127.503,128.381,129.263,130.151,131.044,131.943,132.847,133.756,134.671,135.591,136.517,137.449,138.386,139.329,140.278,141.232,142.192,143.158,144.129,144.866,145.436,145.884,146.242,146.533,146.772,146.971,147.138,147.281,147.403,147.509,147.601,147.682,147.754,147.817,147.851
42.4316,43.081,43.7342,44.3913,45.0522,45.717,46.3856,47.0582,47.7348,48.4152,49.0997,49.7882,50.4808,51.1774,51.8781,52.5829,53.2918,54.0049,54.7222,55.4437,56.1694,56.8995,57.6337,58.3724,59.1153,59.8626,60.6143,61.5288,62.8843,64.993,68.0933,72.261,77.3677,83.1049,89.0576,94.8033,99.9989,104.434,108.039,110.864,113.034,114.704,116.022,117.116,118.077,118.967,119.823,120.666,121.507,122.349,123.196,124.047,124.903,125.765,126.632,127.503,128.381,129.263,130.151,131.044,131.943,132.847,133.756,134.671,135.591,136.517,137.449,138.386,139.329,140.278,141.232,142.192,143.158,144.129,144.866,145.436,145.884,146.242,146.533,146.772,146.971,147.138,147.281,147.403,147.509,147.601,147.682,147.754,147.817,147.851
42.7156,43.3649,44.0181,44.675,45.3358,46.0004,46.669,47.3415,48.0179,48.6982,49.3826,50.071,50.7634,51.4599,52.1605,52.8652,53.574,54.287,55.0042,55.7255,56.4512,57.181,57.9152,58.6537,59.3965,60.1437,61.0527,62.4001,64.4961,67.5779,71.7205,76.7966,82.4994,88.4164,94.1276,99.292,103.7,107.284,110.092,112.249,113.908,115.219,116.306,117.262,118.146,118.997,119.835,120.671,121.508,122.35,123.196,124.047,124.903,125.765,126.632,127.503,128.381,129.263,130.151,131.044,131.943,132.847,133.756,134.671,135.591,136.517,137.449,138.386,139.329,140.278,141.232,142.192,143.158,144.129,144.866,145.436,145.884,146.242,146.533,146.772,146.971,147.138,147.281,147.403,147.509,147.601,147.682,147.754,147.817,147.851
42.9979,43.6471,44.3,44.9569,45.6175,46.2821,46.9505,47.6229,48.2992,48.9794,49.6637,50.352,51.0443,51.7406,52.4411,53.1457,53.8544,54.5672,55.2843,56.0056,56.7311,57.4608,58.1949,58.9333,59.676,60.5795,61.9188,64.0022,67.0655,71.1833,76.229,81.8975,87.779,93.4559,98.5894,102.971,106.533,109.325,111.469,113.118,114.421,115.502,116.451,117.33,118.176,119.009,119.84,120.672,121.509,122.35,123.196,124.047,124.903,125.765,126.632,127.503,128.381,129.263,130.151,131.044,131.943,132.847,133.756,134.671,135.591,136.517,137.449,138.386,139.329,140.278,141.232,142.192,143.158,144.129,144.866,145.436,145.884,146.242,146.533,146.772,146.971,147.138,147.281,147.403,147.509,147.601,147.682,147.754,147.817,147.851
43.2783,43.9274,44.5802,45.2369,45.8975,46.5619,47.2302,47.9025,48.5787,49.2588,49.9429,50.6311,51.3233,52.0196,52.7199,53.4243,54.1329,54.8457,55.5626,56.2838,57.0092,57.7388,58.4728,59.211,60.1091,61.4404,63.5113,66.5563,70.6493,75.6647,81.2992,87.1454,92.7883,97.8909,102.246,105.787,108.562,110.693,112.332,113.628,114.702,115.646,116.52,117.36,118.189,119.014,119.841,120.673,121.509,122.35,123.196,124.047,124.903,125.765,126.632,127.503,128.381,129.263,130.151,131.044,131.943,132.847,133.756,134.671,135.591,136.517,137.449,138.386,139.329,140.278,141.232,142.192,143.158,144.129,144.866,145.436,145.884,146.242,146.533,146.772,146.971,147.138,147.281,147.403,147.509,147.601,147.682,147.754,147.817,147.851
43.5569,44.2059,44.8586,45.5152,46.1757,46.84,47.5082,48.1803,48.8564,49.5364,50.2204,50.9085,51.6005,52.2967,52.9969,53.7013,54.4097,55.1224,55.8392,56.5602,57.2855,58.0151,58.7489,59.6416,60.9649,63.0234,66.05,70.1185,75.1038,80.7045,86.5157,92.1247,97.1967,101.526,105.046,107.804,109.922,111.552,112.839,113.907,114.845,115.714,116.549,117.373,118.193,119.015,119.842,120.673,121.509,122.35,123.196,124.047,124.903,125.765,126.632,127.503,128.381,129.263,130.151,131.044,131.943,132.847,133.756,134.671,135.591,136.517,137.449,138.386,139.329,140.278,141.232,142.192,143.158,144.129,144.866,145.436,145.884,146.242,146.533,146.772,146.971,147.138,147.281,147.403,147.509,147.601,147.682,147.754,147.817,147.851
43.8337,44.4826,45.1352,45.7917,46.452,47.1162,47.7843,48.4563,49.1323,49.8122,50.4961,51.184,51.876,52.572,53.2722,53.9764,54.6847,55.3973,56.114,56.8349,57.5601,58.2895,59.1768,60.4922,62.5383,65.5468,69.5909,74.5463,80.1134,85.8897,91.465,96.5066,100.81,104.308,107.05,109.156,110.775,112.055,113.116,114.049,114.912,115.743,116.561,117.377,118.194,119.016,119.842,120.673,121.509,122.35,123.196,124.047,124.903,125.765,126.632,127.503,128.381,129.263,130.151,131.044,131.943,132.847,133.756,134.671,135.591,136.517,137.449,138.386,139.329,140.278,141.232,142.192,143.158,144.129,144.866,145.436,145.884,146.242,146.533,146.772,146.971,147.138,147.281,147.403,147.509,147.601,147.682,147.754,147.817,147.851
44.1088,44.7575,45.4101,46.0664,46.7266,47.3907,48.0587,48.7306,49.4064,50.0863,50.7701,51.4579,52.1497,52.8456,53.5456,54.2497,54.958,55.6704,56.387,57.1078,57.8329,58.7149,60.0224,62.0562,65.0467,69.0665,73.9921,79.5258,85.2674,90.8094,95.8207,100.098,103.576,106.301,108.394,110.004,111.276,112.331,113.258,114.116,114.942,115.755,116.566,117.378,118.195,119.016,119.842,120.673,121.509,122.35,123.196,124.047,124.903,125.765,126.632,127.503,128.381,129.263,130.151,131.044,131.943,132.847,133.756,134.671,135.591,136.517,137.449,138.386,139.329,140.278,141.232,142.192,143.158,144.129,144.866,145.436,145.884,146.242,146.533,146.772,146.971,147.138,147.281,147.403,147.509,147.601,147.682,147.754,147.817,147.851
44.3821,45.0307,45.6831,46.3394,46.9995,47.6635,48.3313,49.0031,49.6788,50.3585,51.0422,51.7299,52.4217,53.1175,53.8174,54.5214,55.2295,55.9418,56.6583,57.379,58.2557,59.5553,61.577,64.5495,68.5452,73.4413,78.9418,84.6489,90.1576,95.1389,99.3907,102.847,105.556,107.637,109.237,110.501,111.55,112.471,113.324,114.145,114.954,115.759,116.567,117.379,118.195,119.016,119.842,120.673,121.509,122.35,123.196,124.047,124.903,125.765,126.632,127.503,128.381,129.263,130.151,131.044,131.943,132.847,133.756,134.671,135.591,136.517,137.449,138.386,139.329,140.278,141.232,142.192,143.158,144.129,144.866,145.436,145.884,146.242,146.533,146.772,146.971,147.138,147.281,147.403,147.509,147.601,147.682,147.754,147.817,147.851
44.6536,45.3021,45.9545,46.6106,47.2706,47.9344,48.6022,49.2739,49.9495,50.6291,51.3127,52.0002,52.6919,53.3876,54.0873,54.7912,55.4993,56.2114,56.9278,57.7993,59.0911,61.1006,64.0553,68.027,72.8938,78.3612,84.0342,89.5098,94.4612,98.6874,102.123,104.816,106.884,108.475,109.731,110.774,111.689,112.538,113.354,114.157,114.958,115.761,116.568,117.379,118.195,119.016,119.842,120.673,121.509,122.35,123.196,124.047,124.903,125.765,126.632,127.503,128.381,129.263,130.151,131.044,131.943,132.847,133.756,134.671,135.591,136.517,137.449,138.386,139.329,140.278,141.232,142.192,143.158,144.129,144.866,145.436,145.884,146.242,146.533,146.772,146.971,147.138,147.281,147.403,147.509,147.601,147.682,147.754,147.817,147.851
44.9234,45.5718,46.224,46.8801,47.5399,48.2037,48.8713,49.5429,50.2184,50.8979,51.5813,52.2688,52.9603,53.6559,54.3556,55.0594,55.7673,56.4794,57.3456,58.6297,60.6271,63.5641,67.512,72.3495,77.7842,83.4231,88.8658,93.7875,97.9884,101.404,104.08,106.136,107.717,108.966,110.002,110.912,111.755,112.567,113.365,114.161,114.959,115.761,116.568,117.379,118.195,119.016,119.842,120.673,121.509,122.35,123.196,124.047,124.903,125.765,126.632,127.503,128.381,129.263,130.151,131.044,131.943,132.847,133.756,134.671,135.591,136.517,137.449,138.386,139.329,140.278,141.232,142.192,143.158,144.129,144.866,145.436,145.884,146.242,146.533,146.772,146.971,147.138,147.281,147.403,147.509,147.601,147.682,147.754,147.817,147.851
45.1915,45.8398,46.4919,47.1478,47.8076,48.4712,49.1388,49.8102,50.4856,51.165,51.8483,52.5357,53.2271,53.9226,54.6221,55.3258,56.0336,56.8946,58.171,60.1565,63.0758,67,71.8085,77.2106,82.8156,88.2257,93.1179,97.2936,100.688,103.349,105.392,106.964,108.206,109.235,110.14,110.978,111.784,112.578,113.37,114.163,114.96,115.761,116.568,117.379,118.195,119.016,119.842,120.673,121.509,122.35,123.196,124.047,124.903,125.765,126.632,127.503,128.381,129.263,130.151,131.044,131.943,132.847,133.756,134.671,135.591,136.517,137.449,138.386,139.329,140.278,141.232,142.192,143.158,144.129,144.866,145.436,145.884,146.242,146.533,146.772,146.971,147.138,147.281,147.403,147.509,147.601,147.682,147.754,147.817,147.851
45.4579,46.1061,46.758,47.4138,48.0735,48.737,49.4045,50.0758,50.7511,51.4303,52.1136,52.8008,53.4921,54.1875,54.8869,55.5905,56.4464,57.7151,59.6887,62.5904,66.4911,71.2708,76.6404,82.2118,87.5895,92.4523,96.6029,99.9774,102.622,104.653,106.215,107.449,108.473,109.372,110.205,111.007,111.796,112.582,113.371,114.163,114.96,115.761,116.568,117.379,118.195,119.016,119.842,120.673,121.509,122.35,123.196,124.047,124.903,125.765,126.632,127.503,128.381,129.263,130.151,131.044,131.943,132.847,133.756,134.671,135.591,136.517,137.449,138.386,139.329,140.278,141.232,142.192,143.158,144.129,144.866,145.436,145.884,146.242,146.533,146.772,146.971,147.138,147.281,147.403,147.509,147.601,147.682,147.754,147.817,147.851
45.7225,46.3706,47.0225,47.6782,48.3377,49.0011,49.6685,50.3397,51.0149,51.694,52.3771,53.0643,53.7555,54.4507,55.1501,56.0008,57.2619,59.2236,62.108,65.9853,70.7363,76.0737,81.6117,86.9571,91.7907,95.9164,99.2706,101.899,103.918,105.471,106.698,107.715,108.609,109.437,110.234,111.018,111.8,112.584,113.371,114.163,114.96,115.762,116.568,117.379,118.195,119.016,119.842,120.673,121.509,122.35,123.196,124.047,124.903,125.765,126.632,127.503,128.381,129.263,130.151,131.044,131.943,132.847,133.756,134.671,135.591,136.517,137.449,138.386,139.329,140.278,141.232,142.192,143.158,144.129,144.866,145.436,145.884,146.242,146.533,146.772,146.971,147.138,147.281,147.403,147.509,147.601,147.682,147.754,147.817,147.851
45.9855,46.6334,47.2852,47.9408,48.6002,49.2635,49.9308,50.6019,51.277,51.956,52.639,53.3261,54.0171,54.7123,55.5579,56.8114,58.7614,61.6285,65.4825,70.2049,75.5103,81.0151,86.3284,91.133,95.234,98.5681,101.181,103.188,104.731,105.951,106.962,107.851,108.674,109.465,110.245,111.022,111.801,112.584,113.371,114.163,114.96,115.762,116.568,117.379,118.195,119.016,119.842,120.673,121.509,122.35,123.196,124.047,124.903,125.765,126.632,127.503,128.381,129.263,130.151,131.044,131.943,132.847,133.756,134.671,135.591,136.517,137.449,138.386,139.329,140.278,141.232,142.192,143.158,144.129,144.866,145.436,145.884,146.242,146.533,146.772,146.971,147.138,147.281,147.403,147.509,147.601,147.682,147.754,147.817,147.851
46.2468,46.8946,47.5463,48.2017,48.8611,49.5243,50.1914,50.8624,51.5374,52.2163,52.8992,53.5861,54.2771,55.1177,56.3637,58.3019,61.1518,64.9827,69.6768,74.9504,80.4221,85.7036,90.4794,94.5557,97.8698,100.467,102.462,103.996,105.208,106.213,107.097,107.915,108.702,109.477,110.249,111.024,111.802,112.584,113.372,114.163,114.96,115.762,116.568,117.379,118.195,119.016,119.842,120.673,121.509,122.35,123.196,124.047,124.903,125.765,126.632,127.503,128.381,129.263,130.151,131.044,131.943,132.847,133.756,134.671,135.591,136.517,137.449,138.386,139.329,140.278,141.232,142.192,143.158,144.129,144.866,145.436,145.884,146.242,146.533,146.772,146.971,147.138,147.281,147.403,147.509,147.601,147.682,147.754,147.817,147.851
46.5063,47.1541,47.8056,48.461,49.1202,49.7833,50.4503,51.1212,51.7961,52.4749,53.1577,53.8445,54.6801,55.9186,57.8452,60.678,64.4859,69.1519,74.3938,79.8327,85.0825,89.8296,93.8815,97.1757,99.7573,101.74,103.265,104.47,105.469,106.347,107.16,107.943,108.713,109.481,110.251,111.024,111.802,112.584,113.372,114.163,114.96,115.762,116.568,117.379,118.195,119.016,119.842,120.673,121.509,122.35,123.196,124.047,124.903,125.765,126.632,127.503,128.381,129.263,130.151,131.044,131.943,132.847,133.756,134.671,135.591,136.517,137.449,138.386,139.329,140.278,141.232,142.192,143.158,144.129,144.866,145.436,145.884,146.242,146.533,146.772,146.971,147.138,147.281,147.403,147.509,147.601,147.682,147.754,147.817,147.851
46.7643,47.4119,48.0634,48.7186,49.3777,50.0407,50.7076,51.3784,52.0532,52.7319,53.4146,54.2451,55.4762,57.3913,60.207,63.9921,68.6301,73.8405,79.2468,84.4651,89.1837,93.2113,96.4858,99.0518,101.023,102.538,103.736,104.73,105.602,106.41,107.188,107.954,108.717,109.482,110.251,111.024,111.802,112.584,113.372,114.163,114.96,115.762,116.568,117.379,118.195,119.016,119.842,120.673,121.509,122.35,123.196,124.047,124.903,125.765,126.632,127.503,128.381,129.263,130.151,131.044,131.943,132.847,133.756,134.671,135.591,136.517,137.449,138.386,139.329,140.278,141.232,142.192,143.158,144.129,144.866,145.436,145.884,146.242,146.533,146.772,146.971,147.138,147.281,147.403,147.509,147.601,147.682,147.754,147.817,147.851
47.0206,47.6681,48.3194,48.9746,49.6336,50.2965,50.9633,51.634,52.3086,52.9872,53.8127,55.0364,56.94,59.7389,63.5012,68.1114,73.2906,78.6644,83.8514,88.5417,92.5452,95.7999,98.3506,100.31,101.816,103.007,103.994,104.862,105.665,106.438,107.199,107.958,108.719,109.483,110.251,111.024,111.802,112.584,113.372,114.163,114.96,115.762,116.568,117.379,118.195,119.016,119.842,120.673,121.509,122.35,123.196,124.047,124.903,125.765,126.632,127.503,128.381,129.263,130.151,131.044,131.943,132.847,133.756,134.671,135.591,136.517,137.449,138.386,139.329,140.278,141.232,142.192,143.158,144.129,144.866,145.436,145.884,146.242,146.533,146.772,146.971,147.138,147.281,147.403,147.509,147.601,147.682,147.754,147.817,147.851
47.2752,47.9226,48.5738,49.2289,49.8878,50.5506,51.2173,51.8879,52.5624,53.383,54.5993,56.4915,59.2736,63.0133,67.5958,72.744,78.0856,83.2414,87.9036,91.883,95.1183,97.6536,99.6008,101.099,102.282,103.263,104.126,104.924,105.693,106.449,107.203,107.959,108.719,109.483,110.251,111.024,111.802,112.584,113.372,114.163,114.96,115.762,116.568,117.379,118.195,119.016,119.842,120.673,121.509,122.35,123.196,124.047,124.903,125.765,126.632,127.503,128.381,129.263,130.151,131.044,131.943,132.847,133.756,134.671,135.591,136.517,137.449,138.386,139.329,140.278,141.232,142.192,143.158,144.129,144.866,145.436,145.884,146.242,146.533,146.772,146.971,147.138,147.281,147.403,147.509,147.601,147.682,147.754,147.817,147.851
47.5282,48.1755,48.8266,49.4816,50.1404,50.8031,51.4696,52.1401,52.9558,54.1649,56.0457,58.8111,62.5284,67.0834,72.2006,77.5102,82.635,87.2693,91.2248,94.4407,96.9608,98.8963,100.385,101.561,102.537,103.394,104.188,104.952,105.704,106.453,107.205,107.96,108.719,109.483,110.251,111.024,111.802,112.584,113.372,114.163,114.96,115.762,116.568,117.379,118.195,119.016,119.842,120.673,121.509,122.35,123.196,124.047,124.903,125.765,126.632,127.503,128.381,129.263,130.151,131.044,131.943,132.847,133.756,134.671,135.591,136.517,137.449,138.386,139.329,140.278,141.232,142.192,143.158,144.129,144.866,145.436,145.884,146.242,146.533,146.772,146.971,147.138,147.281,147.403,147.509,147.601,147.682,147.754,147.817,147.851
47.7796,48.4268,49.0778,49.7327,50.3914,51.0539,51.7204,52.5311,53.733,55.6025,58.3513,62.0463,66.574,71.6605,76.9382,82.0323,86.6388,90.5706,93.7671,96.2722,98.196,99.6759,100.845,101.815,102.667,103.456,104.215,104.962,105.708,106.455,107.205,107.96,108.719,109.483,110.251,111.024,111.802,112.584,113.372,114.163,114.96,115.762,116.568,117.379,118.195,119.016,119.842,120.673,121.509,122.35,123.196,124.047,124.903,125.765,126.632,127.503,128.381,129.263,130.151,131.044,131.943,132.847,133.756,134.671,135.591,136.517,137.449,138.386,139.329,140.278,141.232,142.192,143.158,144.129,144.866,145.436,145.884,146.242,146.533,146.772,146.971,147.138,147.281,147.403,147.509,147.601,147.682,147.754,147.817,147.851
48.0293,48.6765,49.3274,49.9821,50.6407,51.3032,52.1091,53.3037,55.162,57.8943,61.5671,66.0676,71.1237,76.3697,81.4333,86.012,89.9203,93.0976,95.5876,97.4999,98.9709,100.133,101.097,101.944,102.728,103.483,104.226,104.966,105.709,106.455,107.205,107.96,108.719,109.483,110.251,111.024,111.802,112.584,113.372,114.163,114.96,115.762,116.568,117.379,118.195,119.016,119.842,120.673,121.509,122.35,123.196,124.047,124.903,125.765,126.632,127.503,128.381,129.263,130.151,131.044,131.943,132.847,133.756,134.671,135.591,136.517,137.449,138.386,139.329,140.278,141.232,142.192,143.158,144.129,144.866,145.436,145.884,146.242,146.533,146.772,146.971,147.138,147.281,147.403,147.509,147.601,147.682,147.754,147.817,147.851
48.2775,48.9245,49.5753,50.23,50.8885,51.6895,52.877,54.7241,57.44,61.0908,65.5643,70.59,75.8046,80.8378,85.3891,89.2739,92.4321,94.9072,96.808,98.2702,99.4255,100.384,101.225,102.005,102.755,103.494,104.23,104.968,105.709,106.455,107.205,107.96,108.719,109.483,110.251,111.024,111.802,112.584,113.372,114.163,114.96,115.762,116.568,117.379,118.195,119.016,119.842,120.673,121.509,122.35,123.196,124.047,124.903,125.765,126.632,127.503,128.381,129.263,130.151,131.044,131.943,132.847,133.756,134.671,135.591,136.517,137.449,138.386,139.329,140.278,141.232,142.192,143.158,144.129,144.866,145.436,145.884,146.242,146.533,146.772,146.971,147.138,147.281,147.403,147.509,147.601,147.682,147.754,147.817,147.851
48.5241,49.171,49.8217,50.4762,51.2725,52.4528,54.2889,56.9885,60.6174,65.0641,70.0596,75.2429,80.2458,84.7698,88.6313,91.7707,94.2309,96.1203,97.5737,98.7221,99.6744,100.511,101.286,102.032,102.766,103.497,104.231,104.968,105.709,106.455,107.205,107.96,108.719,109.483,110.251,111.024,111.802,112.584,113.372,114.163,114.96,115.762,116.568,117.379,118.195,119.016,119.842,120.673,121.509,122.35,123.196,124.047,124.903,125.765,126.632,127.503,128.381,129.263,130.151,131.044,131.943,132.847,133.756,134.671,135.591,136.517,137.449,138.386,139.329,140.278,141.232,142.192,143.158,144.129,144.866,145.436,145.884,146.242,146.533,146.772,146.971,147.138,147.281,147.403,147.509,147.601,147.682,147.754,147.817,147.851
48.7691,49.4159,50.0665,50.858,52.0312,53.8563,56.5397,60.1468,64.5668,69.5323,74.6845,79.6575,84.1543,87.9926,91.1131,93.5586,95.4367,96.8814,98.0229,98.9694,99.8011,100.571,101.312,102.042,102.77,103.499,104.231,104.968,105.709,106.455,107.205,107.96,108.719,109.483,110.251,111.024,111.802,112.584,113.372,114.163,114.96,115.762,116.568,117.379,118.195,119.016,119.842,120.673,121.509,122.35,123.196,124.047,124.903,125.765,126.632,127.503,128.381,129.263,130.151,131.044,131.943,132.847,133.756,134.671,135.591,136.517,137.449,138.386,139.329,140.278,141.232,142.192,143.158,144.129,144.866,145.436,145.884,146.242,146.533,146.772,146.971,147.138,147.281,147.403,147.509,147.601,147.682,147.754,147.817,147.851
49.0125,49.6592,50.4459,51.6121,53.4262,56.0936,59.679,64.0725,69.0083,74.1295,79.0726,83.5425,87.3578,90.4596,92.8904,94.7572,96.1932,97.3278,98.2687,99.0954,99.861,100.598,101.323,102.046,102.771,103.499,104.232,104.968,105.709,106.455,107.205,107.96,108.719,109.483,110.251,111.024,111.802,112.584,113.372,114.163,114.96,115.762,116.568,117.379,118.195,119.016,119.842,120.673,121.509,122.35,123.196,124.047,124.903,125.765,126.632,127.503,128.381,129.263,130.151,131.044,131.943,132.847,133.756,134.671,135.591,136.517,137.449,138.386,139.329,140.278,141.232,142.192,143.158,144.129,144.866,145.436,145.884,146.242,146.533,146.772,146.971,147.138,147.281,147.403,147.509,147.601,147.682,147.754,147.817,147.851
49.2544,50.0364,51.1956,52.9988,55.6501,59.2141,63.5812,68.4873,73.5778,78.4913,82.9344,86.7268,89.8099,92.2261,94.0817,95.5092,96.637,97.5722,98.394,99.155,99.8872,100.608,101.327,102.047,102.771,103.499,104.232,104.968,105.709,106.455,107.205,107.96,108.719,109.483,110.251,111.024,111.802,112.584,113.372,114.163,114.96,115.762,116.568,117.379,118.195,119.016,119.842,120.673,121.509,122.35,123.196,124.047,124.903,125.765,126.632,127.503,128.381,129.263,130.151,131.044,131.943,132.847,133.756,134.671,135.591,136.517,137.449,138.386,139.329,140.278,141.232,142.192,143.158,144.129,144.866,145.436,145.884,146.242,146.533,146.772,146.971,147.138,147.281,147.403,147.509,147.601,147.682,147.754,147.817,147.851
49.6292,50.7815,52.5739,55.2093,58.7519,63.0928,67.9695,73.0295,77.9135,82.3299,86.0995,89.1642,91.5659,93.4103,94.8292,95.9503,96.8799,97.6967,98.4532,99.181,99.8977,100.612,101.328,102.048,102.771,103.499,104.232,104.968,105.709,106.455,107.205,107.96,108.719,109.483,110.251,111.024,111.802,112.584,113.372,114.163,114.96,115.762,116.568,117.379,118.195,119.016,119.842,120.673,121.509,122.35,123.196,124.047,124.903,125.765,126.632,127.503,128.381,129.263,130.151,131.044,131.943,132.847,133.756,134.671,135.591,136.517,137.449,138.386,139.329,140.278,141.232,142.192,143.158,144.129,144.866,145.436,145.884,146.242,146.533,146.772,146.971,147.138,147.281,147.403,147.509,147.601,147.682,147.754,147.817,147.851
50.3699,52.1516,54.7712,58.2925,62.6073,67.4548,72.4844,77.3391,81.729,85.476,88.5223,90.9096,92.743,94.1533,95.2677,96.1917,97.0036,97.7555,98.479,99.1914,99.9015,100.613,101.329,102.048,102.771,103.499,104.232,104.968,105.709,106.455,107.205,107.96,108.719,109.483,110.251,111.024,111.802,112.584,113.372,114.163,114.96,115.762,116.568,117.379,118.195,119.016,119.842,120.673,121.509,122.35,123.196,124.047,124.903,125.765,126.632,127.503,128.381,129.263,130.151,131.044,131.943,132.847,133.756,134.671,135.591,136.517,137.449,138.386,139.329,140.278,141.232,142.192,143.158,144.129,144.866,145.436,145.884,146.242,146.533,146.772,146.971,147.138,147.281,147.403,147.509,147.601,147.682,147.754,147.817,147.851
51.7318,54.3356,57.8358,62.1248,66.9432,71.9426,76.7682,81.1317,84.8563,87.8843,90.2572,92.0796,93.4815,94.5892,95.5077,96.3147,97.0621,97.7812,98.4894,99.1952,99.9028,100.614,101.329,102.048,102.771,103.499,104.232,104.968,105.709,106.455,107.205,107.96,108.719,109.483,110.251,111.024,111.802,112.584,113.372,114.163,114.96,115.762,116.568,117.379,118.195,119.016,119.842,120.673,121.509,122.35,123.196,124.047,124.903,125.765,126.632,127.503,128.381,129.263,130.151,131.044,131.943,132.847,133.756,134.671,135.591,136.517,137.449,138.386,139.329,140.278,141.232,142.192,143.158,144.129,144.866,145.436,145.884,146.242,146.533,146.772,146.971,147.138,147.281,147.403,147.509,147.601,147.682,147.754,147.817,147.851
53.9027,57.3819,61.6452,66.4346,71.4041,76.2007,80.5381,84.2402,87.2501,89.6088,91.4203,92.8137,93.9147,94.8277,95.6299,96.3729,97.0876,97.7915,98.4932,99.1965,99.9032,100.614,101.329,102.048,102.771,103.499,104.232,104.968,105.709,106.455,107.205,107.96,108.719,109.483,110.251,111.024,111.802,112.584,113.372,114.163,114.96,115.762,116.568,117.379,118.195,119.016,119.842,120.673,121.509,122.35,123.196,124.047,124.903,125.765,126.632,127.503,128.381,129.263,130.151,131.044,131.943,132.847,133.756,134.671,135.591,136.517,137.449,138.386,139.329,140.278,141.232,142.192,143.158,144.129,144.866,145.436,145.884,146.242,146.533,146.772,146.971,147.138,147.281,147.403,147.509,147.601,147.682,147.754,147.817,147.851
56.9307,61.1684,65.9291,70.8688,75.6366,79.9479,83.6279,86.6197,88.9643,90.7649,92.15,93.2444,94.1519,94.9493,95.6877,96.3982,97.0979,97.7953,98.4944,99.1969,99.9033,100.614,101.329,102.048,102.771,103.499,104.232,104.968,105.709,106.455,107.205,107.96,108.719,109.483,110.251,111.024,111.802,112.584,113.372,114.163,114.96,115.762,116.568,117.379,118.195,119.016,119.842,120.673,121.509,122.35,123.196,124.047,124.903,125.765,126.632,127.503,128.381,129.263,130.151,131.044,131.943,132.847,133.756,134.671,135.591,136.517,137.449,138.386,139.329,140.278,141.232,142.192,143.158,144.129,144.866,145.436,145.884,146.242,146.533,146.772,146.971,147.138,147.281,147.403,147.509,147.601,147.682,147.754,147.817,147.851
60.6945,65.4267,70.3366,75.0759,79.3614,83.0192,85.9931,88.3236,90.1134,91.4902,92.578,93.4801,94.2727,95.0067,95.7129,96.4084,97.1016,97.7966,98.4948,99.197,99.9033,100.614,101.329,102.048,102.771,103.499,104.232,104.968,105.709,106.455,107.205,107.96,108.719,109.483,110.251,111.024,111.802,112.584,113.372,114.163,114.96,115.762,116.568,117.379,118.195,119.016,119.842,120.673,121.509,122.35,123.196,124.047,124.903,125.765,126.632,127.503,128.381,129.263,130.151,131.044,131.943,132.847,133.756,134.671,135.591,136.517,137.449,138.386,139.329,140.278,141.232,142.192,143.158,144.129,144.866,145.436,145.884,146.242,146.533,146.772,146.971,147.138,147.281,147.403,147.509,147.601,147.682,147.754,147.817,147.851
64.9272,69.8077,74.5185,78.7783,82.4142,85.3702,87.6867,89.4658,90.8343,91.9156,92.8123,93.6002,94.3298,95.0318,95.7231,96.4121,97.1029,97.7969,98.4949,99.197,99.9033,100.614,101.329,102.048,102.771,103.499,104.232,104.968,105.709,106.455,107.205,107.96,108.719,109.483,110.251,111.024,111.802,112.584,113.372,114.163,114.96,115.762,116.568,117.379,118.195,119.016,119.842,120.673,121.509,122.35,123.196,124.047,124.903,125.765,126.632,127.503,128.381,129.263,130.151,131.044,131.943,132.847,133.756,134.671,135.591,136.517,137.449,138.386,139.329,140.278,141.232,142.192,143.158,144.129,144.866,145.436,145.884,146.242,146.533,146.772,146.971,147.138,147.281,147.403,147.509,147.601,147.682,147.754,147.817,147.851
69.282,73.9645,78.1987,81.8129,84.7511,87.0537,88.8221,90.1824,91.2572,92.1485,92.9317,93.6569,94.3547,95.0418,95.7268,96.4134,97.1033,97.797,98.4949,99.197,99.9033,100.614,101.329,102.048,102.771,103.499,104.232,104.968,105.709,106.455,107.205,107.96,108.719,109.483,110.251,111.024,111.802,112.584,113.372,114.163,114.96,115.762,116.568,117.379,118.195,119.016,119.842,120.673,121.509,122.35,123.196,124.047,124.903,125.765,126.632,127.503,128.381,129.263,130.151,131.044,131.943,132.847,133.756,134.671,135.591,136.517,137.449,138.386,139.329,140.278,141.232,142.192,143.158,144.129,144.866,145.436,145.884,146.242,146.533,146.772,146.971,147.138,147.281,147.403,147.509,147.601,147.682,147.754,147.817,147.851
73.4138,77.6226,81.2151,84.1357,86.4245,88.1823,89.5345,90.6028,91.4887,92.2672,92.9881,93.6817,94.3647,95.0455,95.728,96.4137,97.1034,97.7971,98.4949,99.197,99.9033,100.614,101.329,102.048,102.771,103.499,104.232,104.968,105.709,106.455,107.205,107.96,108.719,109.483,110.251,111.024,111.802,112.584,113.372,114.163,114.96,115.762,116.568,117.379,118.195,119.016,119.842,120.673,121.509,122.35,123.196,124.047,124.903,125.765,126.632,127.503,128.381,129.263,130.151,131.044,131.943,132.847,133.756,134.671,135.591,136.517,137.449,138.386,139.329,140.278,141.232,142.192,143.158,144.129,144.866,145.436,145.884,146.242,146.533,146.772,146.971,147.138,147.281,147.403,147.509,147.601,147.682,147.754,147.817,147.851
77.05,80.6209,83.524,85.7991,87.5463,88.8904,89.9523,90.8329,91.6067,92.3232,93.0127,93.6916,94.3684,95.0467,95.7284,96.4138,97.1034,97.7971,98.4949,99.197,99.9033,100.614,101.329,102.048,102.771,103.499,104.232,104.968,105.709,106.455,107.205,107.96,108.719,109.483,110.251,111.024,111.802,112.584,113.372,114.163,114.96,115.762,116.568,117.379,118.195,119.016,119.842,120.673,121.509,122.35,123.196,124.047,124.903,125.765,126.632,127.503,128.381,129.263,130.151,131.044,131.943,132.847,133.756,134.671,135.591,136.517,137.449,138.386,139.329,140.278,141.232,142.192,143.158,144.129,144.866,145.436,145.884,146.242,146.533,146.772,146.971,147.138,147.281,147.403,147.509,147.601,147.682,147.754,147.817,147.851
80.0303,82.916,85.1774,86.9141,88.2501,89.3057,90.181,90.9501,91.6624,92.3477,93.0226,93.6953,94.3696,95.0471,95.7285,96.4139,97.1034,97.7971,98.4949,99.197,99.9033,100.614,101.329,102.048,102.771,103.499,104.232,104.968,105.709,106.455,107.205,107.96,108.719,109.483,110.251,111.024,111.802,112.584,113.372,114.163,114.96,115.762,116.568,117.379,118.195,119.016,119.842,120.673,121.509,122.35,123.196,124.047,124.903,125.765,126.632,127.503,128.381,129.263,130.151,131.044,131.943,132.847,133.756,134.671,135.591,136.517,137.449,138.386,139.329,140.278,141.232,142.192,143.158,144.129,144.866,145.436,145.884,146.242,146.533,146.772,146.971,147.138,147.281,147.403,147.509,147.601,147.682,147.754,147.817,147.851
82.3116,84.5594,86.2858,87.6137,88.663,89.533,90.2976,91.0056,91.6867,92.3575,93.0262,93.6965,94.3699,95.0472,95.7285,96.4139,97.1034,97.7971,98.4949,99.197,99.9033,100.614,101.329,102.048,102.771,103.499,104.232,104.968,105.709,106.455,107.205,107.96,108.719,109.483,110.251,111.024,111.802,112.584,113.372,114.163,114.96,115.762,116.568,117.379,118.195,119.016,119.842,120.673,121.509,122.35,123.196,124.047,124.903,125.765,126.632,127.503,128.381,129.263,130.151,131.044,131.943,132.847,133.756,134.671,135.591,136.517,137.449,138.386,139.329,140.278,141.232,142.192,143.158,144.129,144.866,145.436,145.884,146.242,146.533,146.772,146.971,147.138,147.281,147.403,147.509,147.601,147.682,147.754,147.817,147.851
83.9452,85.6612,86.9812,88.0241,88.889,89.6489,90.3526,91.0297,91.6965,92.3611,93.0274,93.6968,94.37,95.0472,95.7285,96.4139,97.1034,97.7971,98.4949,99.197,99.9033,100.614,101.329,102.048,102.771,103.499,104.232,104.968,105.709,106.455,107.205,107.96,108.719,109.483,110.251,111.024,111.802,112.584,113.372,114.163,114.96,115.762,116.568,117.379,118.195,119.016,119.842,120.673,121.509,122.35,123.196,124.047,124.903,125.765,126.632,127.503,128.381,129.263,130.151,131.044,131.943,132.847,133.756,134.671,135.591,136.517,137.449,138.386,139.329,140.278,141.232,142.192,143.158,144.129,144.866,145.436,145.884,146.242,146.533,146.772,146.971,147.138,147.281,147.403,147.509,147.601,147.682,147.754,147.817,147.851
85.0403,86.3524,87.3891,88.2487,89.0041,89.7036,90.3767,91.0394,91.7001,92.3623,93.0277,93.6969,94.3701,95.0472,95.7285,96.4139,97.1034,97.7971,98.4949,99.197,99.9033,100.614,101.329,102.048,102.771,103.499,104.232,104.968,105.709,106.455,107.205,107.96,108.719,109.483,110.251,111.024,111.802,112.584,113.372,114.163,114.96,115.762,116.568,117.379,118.195,119.016,119.842,120.673,121.509,122.35,123.196,124.047,124.903,125.765,126.632,127.503,128.381,129.263,130.151,131.044,131.943,132.847,133.756,134.671,135.591,136.517,137.449,138.386,139.329,140.278,141.232,142.192,143.158,144.129,144.866,145.436,145.884,146.242,146.533,146.772,146.971,147.138,147.281,147.403,147.509,147.601,147.682,147.754,147.817,147.851
85.7274,86.7578,87.6123,88.3632,89.0585,89.7275,90.3863,91.043,91.7013,92.3627,93.0278,93.6969,94.3701,95.0472,95.7285,96.4139,97.1034,97.7971,98.4949,99.197,99.9033,100.614,101.329,102.048,102.771,103.499,104.232,104.968,105.709,106.455,107.205,107.96,108.719,109.483,110.251,111.024,111.802,112.584,113.372,114.163,114.96,115.762,116.568,117.379,118.195,119.016,119.842,120.673,121.509,122.35,123.196,124.047,124.903,125.765,126.632,127.503,128.381,129.263,130.151,131.044,131.943,132.847,133.756,134.671,135.591,136.517,137.449,138.386,139.329,140.278,141.232,142.192,143.158,144.129,144.866,145.436,145.884,146.242,146.533,146.772,146.971,147.138,147.281,147.403,147.509,147.601,147.682,147.754,147.817,147.851
86.1304,86.9798,87.7261,88.4173,89.0823,89.7371,90.3898,91.0442,91.7016,92.3628,93.0279,93.6969,94.3701,95.0472,95.7285,96.4139,97.1034,97.7971,98.4949,99.197,99.9033,100.614,101.329,102.048,102.771,103.499,104.232,104.968,105.709,106.455,107.205,107.96,108.719,109.483,110.251,111.024,111.802,112.584,113.372,114.163,114.96,115.762,116.568,117.379,118.195,119.016,119.842,120.673,121.509,122.35,123.196,124.047,124.903,125.765,126.632,127.503,128.381,129.263,130.151,131.044,131.943,132.847,133.756,134.671,135.591,136.517,137.449,138.386,139.329,140.278,141.232,142.192,143.158,144.129,144.866,145.436,145.884,146.242,146.533,146.772,146.971,147.138,147.281,147.403,147.509,147.601,147.682,147.754,147.817,147.851
86.351,87.0929,87.7799,88.4409,89.0918,89.7406,90.391,91.0445,91.7017,92.3628,93.0279,93.6969,94.3701,95.0472,95.7285,96.4139,97.1034,97.7971,98.4949,99.197,99.9033,100.614,101.329,102.048,102.771,103.499,104.232,104.968,105.709,106.455,107.205,107.96,108.719,109.483,110.251,111.024,111.802,112.584,113.372,114.163,114.96,115.762,116.568,117.379,118.195,119.016,119.842,120.673,121.509,122.35,123.196,124.047,124.903,125.765,126.632,127.503,128.381,129.263,130.151,131.044,131.943,132.847,133.756,134.671,135.591,136.517,137.449,138.386,139.329,140.278,141.232,142.192,143.158,144.129,144.866,145.436,145.884,146.242,146.533,146.772,146.971,147.138,147.281,147.403,147.509,147.601,147.682,147.754,147.817,147.851
86.4634,87.1463,87.8033,88.4503,89.0953,89.7418,90.3914,91.0446,91.7017,92.3628,93.0279,93.6969,94.3701,95.0472,95.7285,96.4139,97.1034,97.7971,98.4949,99.197,99.9033,100.614,101.329,102.048,102.771,103.499,104.232,104.968,105.709,106.455,107.205,107.96,108.719,109.483,110.251,111.024,111.802,112.584,113.372,114.163,114.96,115.762,116.568,117.379,118.195,119.016,119.842,120.673,121.509,122.35,123.196,124.047,124.903,125.765,126.632,127.503,128.381,129.263,130.151,131.044,131.943,132.847,133.756,134.671,135.591,136.517,137.449,138.386,139.329,140.278,141.232,142.192,143.158,144.129,144.866,145.436,145.884,146.242,146.533,146.772,146.971,147.138,147.281,147.403,147.509,147.601,147.682,147.754,147.817,147.851
86.5165,87.1696,87.8127,88.4538,89.0964,89.7421,90.3915,91.0446,91.7017,92.3628,93.0279,93.6969,94.3701,95.0472,95.7285,96.4139,97.1034,97.7971,98.4949,99.197,99.9033,100.614,101.329,102.048,102.771,103.499,104.232,104.968,105.709,106.455,107.205,107.96,108.719,109.483,110.251,111.024,111.802,112.584,113.372,114.163,114.96,115.762,116.568,117.379,118.195,119.016,119.842,120.673,121.509,122.35,123.196,124.047,124.903,125.765,126.632,127.503,128.381,129.263,130.151,131.044,131.943,132.847,133.756,134.671,135.591,136.517,137.449,138.386,139.329,140.278,141.232,142.192,143.158,144.129,144.866,145.436,145.884,146.242,146.533,146.772,146.971,147.138,147.281,147.403,147.509,147.601,147.682,147.754,147.817,147.851
86.5397,87.179,87.8162,88.455,89.0968,89.7422,90.3915,91.0446,91.7017,92.3628,93.0279,93.6969,94.3701,95.0472,95.7285,96.4139,97.1034,97.7971,98.4949,99.197,99.9033,100.614,101.329,102.048,102.771,103.499,104.232,104.968,105.709,106.455,107.205,107.96,108.719,109.483,110.251,111.024,111.802,112.584,113.372,114.163,114.96,115.762,116.568,117.379,118.195,119.016,119.842,120.673,121.509,122.35,123.196,124.047,124.903,125.765,126.632,127.503,128.381,129.263,130.151,131.044,131.943,132.847,133.756,134.671,135.591,136.517,137.449,138.386,139.329,140.278,141.232,142.192,143.158,144.129,144.866,145.436,145.884,146.242,146.533,146.772,146.971,147.138,147.281,147.403,147.509,147.601,147.682,147.754,147.817,147.851
86.549,87.1824,87.8173,88.4553,89.0969,89.7422,90.3915,91.0446,91.7017,92.3628,93.0279,93.6969,94.3701,95.0472,95.7285,96.4139,97.1034,97.7971,98.4949,99.197,99.9033,100.614,101.329,102.048,102.771,103.499,104.232,104.968,105.709,106.455,107.205,107.96,108.719,109.483,110.251,111.024,111.802,112.584,113.372,114.163,114.96,115.762,116.568,117.379,118.195,119.016,119.842,120.673,121.509,122.35,123.196,124.047,124.903,125.765,126.632,127.503,128.381,129.263,130.151,131.044,131.943,132.847,133.756,134.671,135.591,136.517,137.449,138.386,139.329,140.278,141.232,142.192,143.158,144.129,144.866,145.436,145.884,146.242,146.533,146.772,146.971,147.138,147.281,147.403,147.509,147.601,147.682,147.754,147.817,147.851
86.5524,87.1835,87.8177,88.4554,89.0969,89.7422,90.3915,91.0446,91.7017,92.3628,93.0279,93.6969,94.3701,95.0472,95.7285,96.4139,97.1034,97.7971,98.4949,99.197,99.9033,100.614,101.329,102.048,102.771,103.499,104.232,104.968,105.709,106.455,107.205,107.96,108.719,109.483,110.251,111.024,111.802,112.584,113.372,114.163,114.96,115.762,116.568,117.379,118.195,119.016,119.842,120.673,121.509,122.35,123.196,124.047,124.903,125.765,126.632,127.503,128.381,129.263,130.151,131.044,131.943,132.847,133.756,134.671,135.591,136.517,137.449,138.386,139.329,140.278,141.232,142.192,143.158,144.129,144.866,145.436,145.884,146.242,146.533,146.772,146.971,147.138,147.281,147.403,147.509,147.601,147.682,147.754,147.817,147.851
86.5536,87.1839,87.8178,88.4554,89.0969,89.7422,90.3915,91.0446,91.7017,92.3628,93.0279,93.6969,94.3701,95.0472,95.7285,96.4139,97.1034,97.7971,98.4949,99.197,99.9033,100.614,101.329,102.048,102.771,103.499,104.232,104.968,105.709,106.455,107.205,107.96,108.719,109.483,110.251,111.024,111.802,112.584,113.372,114.163,114.96,115.762,116.568,117.379,118.195,119.016,119.842,120.673,121.509,122.35,123.196,124.047,124.903,125.765,126.632,127.503,128.381,129.263,130.151,131.044,131.943,132.847,133.756,134.671,135.591,136.517,137.449,138.386,139.329,140.278,141.232,142.192,143.158,144.129,144.866,145.436,145.884,146.242,146.533,146.772,146.971,147.138,147.281,147.403,147.509,147.601,147.682,147.754,147.817,147.851
86.5539,87.184,87.8178,88.4554,89.0969,89.7422,90.3915,91.0446,91.7017,92.3628,93.0279,93.6969,94.3701,95.0472,95.7285,96.4139,97.1034,97.7971,98.4949,99.197,99.9033,100.614,101.329,102.048,102.771,103.499,104.232,104.968,105.709,106.455,107.205,107.96,108.719,109.483,110.251,111.024,111.802,112.584,113.372,114.163,114.96,115.762,116.568,117.379,118.195,119.016,119.842,120.673,121.509,122.35,123.196,124.047,124.903,125.765,126.632,127.503,128.381,129.263,130.151,131.044,131.943,132.847,133.756,134.671,135.591,136.517,137.449,138.386,139.329,140.278,141.232,142.192,143.158,144.129,144.866,145.436,145.884,146.242,146.533,146.772,146.971,147.138,147.281,147.403,147.509,147.601,147.682,147.754,147.817,147.851
86.554,87.184,87.8178,88.4554,89.0969,89.7422,90.3915,91.0446,91.7017,92.3628,93.0279,93.6969,94.3701,95.0472,95.7285,96.4139,97.1034,97.7971,98.4949,99.197,99.9033,100.614,101.329,102.048,102.771,103.499,104.232,104.968,105.709,106.455,107.205,107.96,108.719,109.483,110.251,111.024,111.802,112.584,113.372,114.163,114.96,115.762,116.568,117.379,118.195,119.016,119.842,120.673,121.509,122.35,123.196,124.047,124.903,125.765,126.632,127.503,128.381,129.263,130.151,131.044,131.943,132.847,133.756,134.671,135.591,136.517,137.449,138.386,139.329,140.278,141.232,142.192,143.158,144.129,144.866,145.436,145.884,146.242,146.533,146.772,146.971,147.138,147.281,147.403,147.509,147.601,147.682,147.754,147.817,147.851
86.554,87.184,87.8178,88.4554,89.0969,89.7422,90.3915,91.0446,91.7017,92.3628,93.0279,93.6969,94.3701,95.0472,95.7285,96.4139,97.1034,97.7971,98.4949,99.197,99.9033,100.614,101.329,102.048,102.771,103.499,104.232,104.968,105.709,106.455,107.205,107.96,108.719,109.483,110.251,111.024,111.802,112.584,113.372,114.163,114.96,115.762,116.568,117.379,118.195,119.016,119.842,120.673,121.509,122.35,123.196,124.047,124.903,125.765,126.632,127.503,128.381,129.263,130.151,131.044,131.943,132.847,133.756,134.671,135.591,136.517,137.449,138.386,139.329,140.278,141.232,142.192,143.158,144.129,144.866,145.436,145.884,146.242,146.533,146.772,146.971,147.138,147.281,147.403,147.509,147.601,147.682,147.754,147.817,147.851
86.554,87.184,87.8178,88.4554,89.0969,89.7422,90.3915,91.0446,91.7017,92.3628,93.0279,93.6969,94.3701,95.0472,95.7285,96.4139,97.1034,97.7971,98.4949,99.197,99.9033,100.614,101.329,102.048,102.771,103.499,104.232,104.968,105.709,106.455,107.205,107.96,108.719,109.483,110.251,111.024,111.802,112.584,113.372,114.163,114.96,115.762,116.568,117.379,118.195,119.016,119.842,120.673,121.509,122.35,123.196,124.047,124.903,125.765,126.632,127.503,128.381,129.263,130.151,131.044,131.943,132.847,133.756,134.671,135.591,136.517,137.449,138.386,139.329,140.278,141.232,142.192,143.158,144.129,144.866,145.436,145.884,146.242,146.533,146.772,146.971,147.138,147.281,147.403,147.509,147.601,147.682,147.754,147.817,147.851
86.554,87.184,87.8178,88.4554,89.0969,89.7422,90.3915,91.0446,91.7017,92.3628,93.0279,93.6969,94.3701,95.0472,95.7285,96.4139,97.1034,97.7971,98.4949,99.197,99.9033,100.614,101.329,102.048,102.771,103.499,104.232,104.968,105.709,106.455,107.205,107.96,108.719,109.483,110.251,111.024,111.802,112.584,113.372,114.163,114.96,115.762,116.568,117.379,118.195,119.016,119.842,120.673,121.509,122.35,123.196,124.047,124.903,125.765,126.632,127.503,128.381,129.263,130.151,131.044,131.943,132.847,133.756,134.671,135.591,136.517,137.449,138.386,139.329,140.278,141.232,142.192,143.158,144.129,144.866,145.436,145.884,146.242,146.533,146.772,146.971,147.138,147.281,147.403,147.509,147.601,147.682,147.754,147.817,147.851
86.554,87.184,87.8178,88.4554,89.0969,89.7422,90.3915,91.0446,91.7017,92.3628,93.0279,93.6969,94.3701,95.0472,95.7285,96.4139,97.1034,97.7971,98.4949,99.197,99.9033,100.614,101.329,102.048,102.771,103.499,104.232,104.968,105.709,106.455,107.205,107.96,108.719,109.483,110.251,111.024,111.802,112.584,113.372,114.163,114.96,115.762,116.568,117.379,118.195,119.016,119.842,120.673,121.509,122.35,123.196,124.047,124.903,125.765,126.632,127.503,128.381,129.263,130.151,131.044,131.943,132.847,133.756,134.671,135.591,136.517,137.449,138.386,139.329,140.278,141.232,142.192,143.158,144.129,144.866,145.436,145.884,146.242,146.533,146.772,146.971,147.138,147.281,147.403,147.509,147.601,147.682,147.754,147.817,147.851
86.554,87.184,87.8178,88.4554,89.0969,89.7422,90.3915,91.0446,91.7017,92.3628,93.0279,93.6969,94.3701,95.0472,95.7285,96.4139,97.1034,97.7971,98.4949,99.197,99.9033,100.614,101.329,102.048,102.771,103.499,104.232,104.968,105.709,106.455,107.205,107.96,108.719,109.483,110.251,111.024,111.802,112.584,113.372,114.163,114.96,115.762,116.568,117.379,118.195,119.016,119.842,120.673,121.509,122.35,123.196,124.047,124.903,125.765,126.632,127.503,128.381,129.263,130.151,131.044,131.943,132.847,133.756,134.671,135.591,136.517,137.449,138.386,139.329,140.278,141.232,142.192,143.158,144.129,144.866,145.436,145.884,146.242,146.533,146.772,146.971,147.138,147.281,147.403,147.509,147.601,147.682,147.754,147.817,147.851
86.554,87.184,87.8178,88.4554,89.0969,89.7422,90.3915,91.0446,91.7017,92.3628,93.0279,93.6969,94.3701,95.0472,95.7285,96.4139,97.1034,97.7971,98.4949,99.197,99.9033,100.614,101.329,102.048,102.771,103.499,104.232,104.968,105.709,106.455,107.205,107.96,108.719,109.483,110.251,111.024,111.802,112.584,113.372,114.163,114.96,115.762,116.568,117.379,118.195,119.016,119.842,120.673,121.509,122.35,123.196,124.047,124.903,125.765,126.632,127.503,128.381,129.263,130.151,131.044,131.943,132.847,133.756,134.671,135.591,136.517,137.449,138.386,139.329,140.278,141.232,142.192,143.158,144.129,144.866,145.436,145.884,146.242,146.533,146.772,146.971,147.138,147.281,147.403,147.509,147.601,147.682,147.754,147.817,147.851
86.554,87.184,87.8178,88.4554,89.0969,89.7422,90.3915,91.0446,91.7017,92.3628,93.0279,93.6969,94.3701,95.0472,95.7285,96.4139,97.1034,97.7971,98.4949,99.197,99.9033,100.614,101.329,102.048,102.771,103.499,104.232,104.968,105.709,106.455,107.205,107.96,108.719,109.483,110.251,111.024,111.802,112.584,113.372,114.163,114.96,115.762,116.568,117.379,118.195,119.016,119.842,120.673,121.509,122.35,123.196,124.047,124.903,125.765,126.632,127.503,128.381,129.263,130.151,131.044,131.943,132.847,133.756,134.671,135.591,136.517,137.449,138.386,139.329,140.278,141.232,142.192,143.158,144.129,144.866,145.436,145.884,146.242,146.533,146.772,146.971,147.138,147.281,147.403,147.509,147.601,147.682,147.754,147.817,147.851
86.554,87.184,87.8178,88.4554,89.0969,89.7422,90.3915,91.0446,91.7017,92.3628,93.0279,93.6969,94.3701,95.0472,95.7285,96.4139,97.1034,97.7971,98.4949,99.197,99.9033,100.614,101.329,102.048,102.771,103.499,104.232,104.968,105.709,106.455,107.205,107.96,108.719,109.483,110.251,111.024,111.802,112.584,113.372,114.163,114.96,115.762,116.568,117.379,118.195,119.016,119.842,120.673,121.509,122.35,123.196,124.047,124.903,125.765,126.632,127.503,128.381,129.263,130.151,131.044,131.943,132.847,133.756,134.671,135.591,136.517,137.449,138.386,139.329,140.278,141.232,142.192,143.158,144.129,144.866,145.436,145.884,146.242,146.533,146.772,146.971,147.138,147.281,147.403,147.509,147.601,147.682,147.754,147.817,147.851
