0,0,0,0,0,0,0,0,0,0,0,0,0,0,0,0,0,0,0,0,0,0,0,0,0,0,0,0,0,0,0,0,0,0,0,0,0,0,0,0,0,0,0,0,0,0,0,0,0,0,0,0,0,0,0,0,0,0,0,0,0,0,0,0,0,0,0,0,0,0,0,0,0,2.102,4.922,7.742,10.562,13.382,16.202,19.022,21.842,24.662,27.482,30.302,33.122,35.942,38.762,41.582,44.402,46
0,0,0,0,0,0,0,0,0,0,0,0,0,0,0,0,0,0,0,0,0,0,0,0,0,0,0,0,0,0,0,0,0,0,0,0,0,0,0,0,0,0,0,0,0,0,0,0,0,0,0,0,0,0,0,0,0,0,0,0,0,0,0,0,0,0,0,0,0,0,0,0,1.37139,6.69915,11.6885,16.3395,20.652,24.6262,28.2619,31.5593,34.5183,37.1388,39.421,41.3647,42.9701,44.2371,45.1656,45.7558,45.966,46
0,0,0,0,0,0,0,0,0,0,0,0,0,0,0,0,0,0,0,0,0,0,0,0,0,0,0,0,0,0,0,0,0,0,0,0,0,0,0,0,0,0,0,0,0,0,0,0,0,0,0,0,0,0,0,0,0,0,0,0,0,0,0,0,0,0,0,0,0,0,0,0.64516,5.94095,13.0191,19.2027,24.5528,29.1301,32.9958,36.2106,38.8355,40.9314,42.5591,43.7797,44.654,45.243,45.6074,45.8084,45.9028,45.966,46
0,0,0,0,0,0,0,0,0,0,0,0,0,0,0,0,0,0,0,0,0,0,0,0,0,0,0,0,0,0,0,0,0,0,0,0,0,0,0,0,0,0,0,0,0,0,0,0,0,0,0,0,0,0,0,0,0,0,0,0,0,0,0,0,0,0,0,0,0,0,0,5.18731,12.223,20.0373,26.3811,31.4539,35.4408,38.5122,40.8237,42.5166,43.7174,44.538,45.0757,45.4131,45.6184,45.745,45.831,45.9028,45.966,46
0,0,0,0,0,0,0,0,0,0,0,0,0,0,0,0,0,0,0,0,0,0,0,0,0,0,0,0,0,0,0,0,0,0,0,0,0,0,0,0,0,0,0,0,0,0,0,0,0,0,0,0,0,0,0,0,0,0,0,0,0,0,0,0,0,0,0,0,0,0,4.43818,11.4316,19.1991,26.742,32.4127,36.5908,39.6002,41.7136,43.1575,44.1158,44.7345,45.1264,45.3748,45.5386,45.6561,45.7498,45.831,45.9028,45.966,46
0,0,0,0,0,0,0,0,0,0,0,0,0,0,0,0,0,0,0,0,0,0,0,0,0,0,0,0,0,0,0,0,0,0,0,0,0,0,0,0,0,0,0,0,0,0,0,0,0,0,0,0,0,0,0,0,0,0,0,0,0,0,0,0,0,0,0,0,0,3.69355,10.645,18.3659,25.8635,32.3755,36.9024,39.9765,42.0141,43.3333,44.1714,44.6996,45.0369,45.2622,45.4242,45.5511,45.6575,45.7498,45.831,45.9028,45.966,46
0,0,0,0,0,0,0,0,0,0,0,0,0,0,0,0,0,0,0,0,0,0,0,0,0,0,0,0,0,0,0,0,0,0,0,0,0,0,0,0,0,0,0,0,0,0,0,0,0,0,0,0,0,0,0,0,0,0,0,0,0,0,0,0,0,0,0,0,2.95339,9.86315,17.5377,24.9903,31.4632,36.5688,39.8615,41.9415,43.2353,44.037,44.5416,44.8732,45.1067,45.2846,45.4292,45.5516,45.6575,45.7498,45.831,45.9028,45.966,46
0,0,0,0,0,0,0,0,0,0,0,0,0,0,0,0,0,0,0,0,0,0,0,0,0,0,0,0,0,0,0,0,0,0,0,0,0,0,0,0,0,0,0,0,0,0,0,0,0,0,0,0,0,0,0,0,0,0,0,0,0,0,0,0,0,0,0,2.21767,9.08598,16.7145,24.1224,30.5565,35.6314,39.3326,41.5788,42.9356,43.7659,44.2938,44.6516,44.9133,45.1183,45.2868,45.4293,45.5516,45.6575,45.7498,45.831,45.9028,45.966,46
0,0,0,0,0,0,0,0,0,0,0,0,0,0,0,0,0,0,0,0,0,0,0,0,0,0,0,0,0,0,0,0,0,0,0,0,0,0,0,0,0,0,0,0,0,0,0,0,0,0,0,0,0,0,0,0,0,0,0,0,0,0,0,0,0,0,1.48637,8.31346,15.8962,23.2596,29.6551,34.6996,38.3786,40.9366,42.4477,43.3674,43.9596,44.3702,44.677,44.9199,45.1194,45.2869,45.4293,45.5516,45.6575,45.7498,45.831,45.9028,45.966,46
0,0,0,0,0,0,0,0,0,0,0,0,0,0,0,0,0,0,0,0,0,0,0,0,0,0,0,0,0,0,0,0,0,0,0,0,0,0,0,0,0,0,0,0,0,0,0,0,0,0,0,0,0,0,0,0,0,0,0,0,0,0,0,0,0,0.759449,7.54558,15.0828,22.4021,28.7592,33.7734,37.4304,39.973,41.7481,42.8251,43.5251,44.0171,44.3878,44.6812,44.9206,45.1195,45.2869,45.4293,45.5516,45.6575,45.7498,45.831,45.9028,45.966,46
0,0,0,0,0,0,0,0,0,0,0,0,0,0,0,0,0,0,0,0,0,0,0,0,0,0,0,0,0,0,0,0,0,0,0,0,0,0,0,0,0,0,0,0,0,0,0,0,0,0,0,0,0,0,0,0,0,0,0,0,0,0,0,0,0.0368918,6.78231,14.2743,21.5497,27.8686,32.8528,36.4878,39.0152,40.7796,42.1007,42.9629,43.572,44.0304,44.3908,44.6816,44.9206,45.1195,45.2869,45.4293,45.5516,45.6575,45.7498,45.831,45.9028,45.966,46
0,0,0,0,0,0,0,0,0,0,0,0,0,0,0,0,0,0,0,0,0,0,0,0,0,0,0,0,0,0,0,0,0,0,0,0,0,0,0,0,0,0,0,0,0,0,0,0,0,0,0,0,0,0,0,0,0,0,0,0,0,0,0,0,6.02361,13.4707,20.7024,26.9834,31.9377,35.5509,38.0631,39.817,41.1301,42.2294,43.0039,43.5828,44.0326,44.3911,44.6816,44.9206,45.1195,45.2869,45.4293,45.5516,45.6575,45.7498,45.831,45.9028,45.966,46
0,0,0,0,0,0,0,0,0,0,0,0,0,0,0,0,0,0,0,0,0,0,0,0,0,0,0,0,0,0,0,0,0,0,0,0,0,0,0,0,0,0,0,0,0,0,0,0,0,0,0,0,0,0,0,0,0,0,0,0,0,0,0,5.26947,12.6718,19.8602,26.1035,31.028,34.6196,37.1167,38.8601,40.1653,41.258,42.2676,43.0133,43.5846,44.0329,44.3911,44.6816,44.9206,45.1195,45.2869,45.4293,45.5516,45.6575,45.7498,45.831,45.9028,45.966,46
0,0,0,0,0,0,0,0,0,0,0,0,0,0,0,0,0,0,0,0,0,0,0,0,0,0,0,0,0,0,0,0,0,0,0,0,0,0,0,0,0,0,0,0,0,0,0,0,0,0,0,0,0,0,0,0,0,0,0,0,0,0,4.51985,11.8778,19.023,25.2289,30.1239,33.6938,36.176,37.9089,39.2063,40.2924,41.296,42.2765,43.0149,43.5847,44.0329,44.3911,44.6816,44.9206,45.1195,45.2869,45.4293,45.5516,45.6575,45.7498,45.831,45.9028,45.966,46
0,0,0,0,0,0,0,0,0,0,0,0,0,0,0,0,0,0,0,0,0,0,0,0,0,0,0,0,0,0,0,0,0,0,0,0,0,0,0,0,0,0,0,0,0,0,0,0,0,0,0,0,0,0,0,0,0,0,0,0,0,3.77473,11.0885,18.1909,24.3595,29.2251,32.7737,35.241,36.9634,38.253,39.3327,40.3303,41.3048,42.2779,43.0151,43.5847,44.0329,44.3911,44.6816,44.9206,45.1195,45.2869,45.4293,45.5516,45.6575,45.7498,45.831,45.9028,45.966,46
0,0,0,0,0,0,0,0,0,0,0,0,0,0,0,0,0,0,0,0,0,0,0,0,0,0,0,0,0,0,0,0,0,0,0,0,0,0,0,0,0,0,0,0,0,0,0,0,0,0,0,0,0,0,0,0,0,0,0,0,3.03409,10.304,17.3637,23.4954,28.3318,31.859,34.3115,36.0237,37.3055,38.3787,39.3703,40.339,41.3063,42.2781,43.0151,43.5847,44.0329,44.3911,44.6816,44.9206,45.1195,45.2869,45.4293,45.5516,45.6575,45.7498,45.831,45.9028,45.966,46
0,0,0,0,0,0,0,0,0,0,0,0,0,0,0,0,0,0,0,0,0,0,0,0,0,0,0,0,0,0,0,0,0,0,0,0,0,0,0,0,0,0,0,0,0,0,0,0,0,0,0,0,0,0,0,0,0,0,0,2.29788,9.52419,16.5415,22.6364,27.4438,30.9499,33.3876,35.0895,36.3637,37.4304,38.416,39.3789,40.3404,41.3064,42.2781,43.0151,43.5847,44.0329,44.3911,44.6816,44.9206,45.1195,45.2869,45.4293,45.5516,45.6575,45.7498,45.831,45.9028,45.966,46
0,0,0,0,0,0,0,0,0,0,0,0,0,0,0,0,0,0,0,0,0,0,0,0,0,0,0,0,0,0,0,0,0,0,0,0,0,0,0,0,0,0,0,0,0,0,0,0,0,0,0,0,0,0,0,0,0,0,1.56609,8.74905,15.7243,21.7826,26.5611,30.0462,32.4693,34.161,35.4275,36.4878,37.4676,38.4247,39.3804,40.3406,41.3064,42.2781,43.0151,43.5847,44.0329,44.3911,44.6816,44.9206,45.1195,45.2869,45.4293,45.5516,45.6575,45.7498,45.831,45.9028,45.966,46
0,0,0,0,0,0,0,0,0,0,0,0,0,0,0,0,0,0,0,0,0,0,0,0,0,0,0,0,0,0,0,0,0,0,0,0,0,0,0,0,0,0,0,0,0,0,0,0,0,0,0,0,0,0,0,0,0,0.838697,7.97855,14.9119,20.9339,25.6838,29.1479,31.5565,33.238,34.4969,35.5509,36.5247,37.4761,38.4261,39.3805,40.3406,41.3064,42.2781,43.0151,43.5847,44.0329,44.3911,44.6816,44.9206,45.1195,45.2869,45.4293,45.5516,45.6575,45.7498,45.831,45.9028,45.966,46
0,0,0,0,0,0,0,0,0,0,0,0,0,0,0,0,0,0,0,0,0,0,0,0,0,0,0,0,0,0,0,0,0,0,0,0,0,0,0,0,0,0,0,0,0,0,0,0,0,0,0,0,0,0,0,0,0.115665,7.21268,14.1045,20.0903,24.8117,28.255,30.6492,32.3206,33.572,34.6196,35.5876,36.5333,37.4775,38.4262,39.3805,40.3406,41.3064,42.2781,43.0151,43.5847,44.0329,44.3911,44.6816,44.9206,45.1195,45.2869,45.4293,45.5516,45.6575,45.7498,45.831,45.9028,45.966,46
0,0,0,0,0,0,0,0,0,0,0,0,0,0,0,0,0,0,0,0,0,0,0,0,0,0,0,0,0,0,0,0,0,0,0,0,0,0,0,0,0,0,0,0,0,0,0,0,0,0,0,0,0,0,0,0,6.45141,13.3018,19.2517,23.9448,27.3675,29.7473,31.4087,32.6525,33.6939,34.6561,35.5961,36.5347,37.4777,38.4262,39.3805,40.3406,41.3064,42.2781,43.0151,43.5847,44.0329,44.3911,44.6816,44.9206,45.1195,45.2869,45.4293,45.5516,45.6575,45.7498,45.831,45.9028,45.966,46
0,0,0,0,0,0,0,0,0,0,0,0,0,0,0,0,0,0,0,0,0,0,0,0,0,0,0,0,0,0,0,0,0,0,0,0,0,0,0,0,0,0,0,0,0,0,0,0,0,0,0,0,0,0,0,5.6947,12.504,18.4182,23.0831,26.4853,28.8508,30.5022,31.7386,32.7737,33.7301,34.6645,35.5975,36.5348,37.4777,38.4262,39.3805,40.3406,41.3064,42.2781,43.0151,43.5847,44.0329,44.3911,44.6816,44.9206,45.1195,45.2869,45.4293,45.5516,45.6575,45.7498,45.831,45.9028,45.966,46
0,0,0,0,0,0,0,0,0,0,0,0,0,0,0,0,0,0,0,0,0,0,0,0,0,0,0,0,0,0,0,0,0,0,0,0,0,0,0,0,0,0,0,0,0,0,0,0,0,0,0,0,0,0,4.94253,11.711,17.5897,22.2266,25.6084,27.9597,29.6012,30.8302,31.8591,32.8098,33.7385,34.6659,35.5976,36.5348,37.4777,38.4262,39.3805,40.3406,41.3064,42.2781,43.0151,43.5847,44.0329,44.3911,44.6816,44.9206,45.1195,45.2869,45.4293,45.5516,45.6575,45.7498,45.831,45.9028,45.966,46
0,0,0,0,0,0,0,0,0,0,0,0,0,0,0,0,0,0,0,0,0,0,0,0,0,0,0,0,0,0,0,0,0,0,0,0,0,0,0,0,0,0,0,0,0,0,0,0,0,0,0,0,0,4.19487,10.9227,16.7662,21.3753,24.7367,27.0739,28.7056,29.9272,30.9499,31.8949,32.8181,33.7399,34.666,35.5976,36.5348,37.4777,38.4262,39.3805,40.3406,41.3064,42.2781,43.0151,43.5847,44.0329,44.3911,44.6816,44.9206,45.1195,45.2869,45.4293,45.5516,45.6575,45.7498,45.831,45.9028,45.966,46
0,0,0,0,0,0,0,0,0,0,0,0,0,0,0,0,0,0,0,0,0,0,0,0,0,0,0,0,0,0,0,0,0,0,0,0,0,0,0,0,0,0,0,0,0,0,0,0,0,0,0,0,3.45171,10.1392,15.9476,20.529,23.8703,26.1935,27.8154,29.0296,30.0462,30.9855,31.9032,32.8194,33.74,34.666,35.5976,36.5348,37.4777,38.4262,39.3805,40.3406,41.3064,42.2781,43.0151,43.5847,44.0329,44.3911,44.6816,44.9206,45.1195,45.2869,45.4293,45.5516,45.6575,45.7498,45.831,45.9028,45.966,46
0,0,0,0,0,0,0,0,0,0,0,0,0,0,0,0,0,0,0,0,0,0,0,0,0,0,0,0,0,0,0,0,0,0,0,0,0,0,0,0,0,0,0,0,0,0,0,0,0,0,0,2.71299,9.36037,15.1339,19.6878,23.0091,25.3183,26.9305,28.1375,29.1479,30.0816,30.9937,31.9045,32.8196,33.74,34.666,35.5976,36.5348,37.4777,38.4262,39.3805,40.3406,41.3064,42.2781,43.0151,43.5847,44.0329,44.3911,44.6816,44.9206,45.1195,45.2869,45.4293,45.5516,45.6575,45.7498,45.831,45.9028,45.966,46
0,0,0,0,0,0,0,0,0,0,0,0,0,0,0,0,0,0,0,0,0,0,0,0,0,0,0,0,0,0,0,0,0,0,0,0,0,0,0,0,0,0,0,0,0,0,0,0,0,0,1.97872,8.5862,14.3251,18.8517,22.153,24.4484,26.0509,27.2506,28.2551,29.1831,30.0898,30.9951,31.9047,32.8196,33.74,34.666,35.5976,36.5348,37.4777,38.4262,39.3805,40.3406,41.3064,42.2781,43.0151,43.5847,44.0329,44.3911,44.6816,44.9206,45.1195,45.2869,45.4293,45.5516,45.6575,45.7498,45.831,45.9028,45.966,46
0,0,0,0,0,0,0,0,0,0,0,0,0,0,0,0,0,0,0,0,0,0,0,0,0,0,0,0,0,0,0,0,0,0,0,0,0,0,0,0,0,0,0,0,0,0,0,0,0,1.24884,7.81669,13.5212,18.0206,21.3021,23.5837,25.1766,26.3691,27.3675,28.29,29.1912,30.0911,30.9952,31.9047,32.8196,33.74,34.666,35.5976,36.5348,37.4777,38.4262,39.3805,40.3406,41.3064,42.2781,43.0151,43.5847,44.0329,44.3911,44.6816,44.9206,45.1195,45.2869,45.4293,45.5516,45.6575,45.7498,45.831,45.9028,45.966,46
0,0,0,0,0,0,0,0,0,0,0,0,0,0,0,0,0,0,0,0,0,0,0,0,0,0,0,0,0,0,0,0,0,0,0,0,0,0,0,0,0,0,0,0,0,0,0,0,0.523351,7.05179,12.722,17.1945,20.4563,22.7242,24.3075,25.4929,26.4853,27.4023,28.2981,29.1926,30.0913,30.9952,31.9047,32.8196,33.74,34.666,35.5976,36.5348,37.4777,38.4262,39.3805,40.3406,41.3064,42.2781,43.0151,43.5847,44.0329,44.3911,44.6816,44.9206,45.1195,45.2869,45.4293,45.5516,45.6575,45.7498,45.831,45.9028,45.966,46
0,0,0,0,0,0,0,0,0,0,0,0,0,0,0,0,0,0,0,0,0,0,0,0,0,0,0,0,0,0,0,0,0,0,0,0,0,0,0,0,0,0,0,0,0,0,0,0,6.29148,11.9277,16.3733,19.6155,21.8699,23.4437,24.622,25.6084,26.5199,27.4103,28.2994,29.1927,30.0913,30.9952,31.9047,32.8196,33.74,34.666,35.5976,36.5348,37.4777,38.4262,39.3805,40.3406,41.3064,42.2781,43.0151,43.5847,44.0329,44.3911,44.6816,44.9206,45.1195,45.2869,45.4293,45.5516,45.6575,45.7498,45.831,45.9028,45.966,46
0,0,0,0,0,0,0,0,0,0,0,0,0,0,0,0,0,0,0,0,0,0,0,0,0,0,0,0,0,0,0,0,0,0,0,0,0,0,0,0,0,0,0,0,0,0,0,5.53573,11.1381,15.5571,18.7799,21.0206,22.585,23.7562,24.7368,25.6428,26.5278,27.4116,28.2996,29.1927,30.0913,30.9952,31.9047,32.8196,33.74,34.666,35.5976,36.5348,37.4777,38.4262,39.3805,40.3406,41.3064,42.2781,43.0151,43.5847,44.0329,44.3911,44.6816,44.9206,45.1195,45.2869,45.4293,45.5516,45.6575,45.7498,45.831,45.9028,45.966,46
0,0,0,0,0,0,0,0,0,0,0,0,0,0,0,0,0,0,0,0,0,0,0,0,0,0,0,0,0,0,0,0,0,0,0,0,0,0,0,0,0,0,0,0,0,0,4.78451,10.3533,14.7457,17.9492,20.1765,21.7315,22.8957,23.8703,24.7709,25.6507,26.5292,27.4118,28.2996,29.1927,30.0913,30.9952,31.9047,32.8196,33.74,34.666,35.5976,36.5348,37.4777,38.4262,39.3805,40.3406,41.3064,42.2781,43.0151,43.5847,44.0329,44.3911,44.6816,44.9206,45.1195,45.2869,45.4293,45.5516,45.6575,45.7498,45.831,45.9028,45.966,46
0,0,0,0,0,0,0,0,0,0,0,0,0,0,0,0,0,0,0,0,0,0,0,0,0,0,0,0,0,0,0,0,0,0,0,0,0,0,0,0,0,0,0,0,0,4.03781,9.57318,13.9393,17.1235,19.3375,20.8831,22.0403,23.0091,23.9043,24.7788,25.652,26.5293,27.4118,28.2996,29.1927,30.0913,30.9952,31.9047,32.8196,33.74,34.666,35.5976,36.5348,37.4777,38.4262,39.3805,40.3406,41.3064,42.2781,43.0151,43.5847,44.0329,44.3911,44.6816,44.9206,45.1195,45.2869,45.4293,45.5516,45.6575,45.7498,45.831,45.9028,45.966,46
0,0,0,0,0,0,0,0,0,0,0,0,0,0,0,0,0,0,0,0,0,0,0,0,0,0,0,0,0,0,0,0,0,0,0,0,0,0,0,0,0,0,0,0,3.29558,8.79774,13.1376,16.3027,18.5034,20.0398,21.1901,22.1531,23.0428,23.9121,24.7801,25.6521,26.5293,27.4118,28.2996,29.1927,30.0913,30.9952,31.9047,32.8196,33.74,34.666,35.5976,36.5348,37.4777,38.4262,39.3805,40.3406,41.3064,42.2781,43.0151,43.5847,44.0329,44.3911,44.6816,44.9206,45.1195,45.2869,45.4293,45.5516,45.6575,45.7498,45.831,45.9028,45.966,46
0,0,0,0,0,0,0,0,0,0,0,0,0,0,0,0,0,0,0,0,0,0,0,0,0,0,0,0,0,0,0,0,0,0,0,0,0,0,0,0,0,0,0,2.55781,8.02695,12.3408,15.4869,17.6744,19.2016,20.3449,21.3021,22.1866,23.0506,23.9134,24.7802,25.6521,26.5293,27.4118,28.2996,29.1927,30.0913,30.9952,31.9047,32.8196,33.74,34.666,35.5976,36.5348,37.4777,38.4262,39.3805,40.3406,41.3064,42.2781,43.0151,43.5847,44.0329,44.3911,44.6816,44.9206,45.1195,45.2869,45.4293,45.5516,45.6575,45.7498,45.831,45.9028,45.966,46
0,0,0,0,0,0,0,0,0,0,0,0,0,0,0,0,0,0,0,0,0,0,0,0,0,0,0,0,0,0,0,0,0,0,0,0,0,0,0,0,0,0,1.82446,7.26079,11.5487,14.676,16.8504,18.3684,19.5049,20.4563,21.3355,22.1943,23.0519,23.9135,24.7802,25.6521,26.5293,27.4118,28.2996,29.1927,30.0913,30.9952,31.9047,32.8196,33.74,34.666,35.5976,36.5348,37.4777,38.4262,39.3805,40.3406,41.3064,42.2781,43.0151,43.5847,44.0329,44.3911,44.6816,44.9206,45.1195,45.2869,45.4293,45.5516,45.6575,45.7498,45.831,45.9028,45.966,46
0,0,0,0,0,0,0,0,0,0,0,0,0,0,0,0,0,0,0,0,0,0,0,0,0,0,0,0,0,0,0,0,0,0,0,0,0,0,0,0,0,1.09551,6.49923,10.7615,13.8699,16.0313,17.5402,18.6698,19.6156,20.4895,21.3432,22.1956,23.052,23.9135,24.7802,25.6521,26.5293,27.4118,28.2996,29.1927,30.0913,30.9952,31.9047,32.8196,33.74,34.666,35.5976,36.5348,37.4777,38.4262,39.3805,40.3406,41.3064,42.2781,43.0151,43.5847,44.0329,44.3911,44.6816,44.9206,45.1195,45.2869,45.4293,45.5516,45.6575,45.7498,45.831,45.9028,45.966,46
0,0,0,0,0,0,0,0,0,0,0,0,0,0,0,0,0,0,0,0,0,0,0,0,0,0,0,0,0,0,0,0,0,0,0,0,0,0,0,0,0.37094,5.74223,9.97889,13.0687,15.2171,16.7169,17.8398,18.7799,19.6485,20.4971,21.3444,22.1957,23.052,23.9135,24.7802,25.6521,26.5293,27.4118,28.2996,29.1927,30.0913,30.9952,31.9047,32.8196,33.74,34.666,35.5976,36.5348,37.4777,38.4262,39.3805,40.3406,41.3064,42.2781,43.0151,43.5847,44.0329,44.3911,44.6816,44.9206,45.1195,45.2869,45.4293,45.5516,45.6575,45.7498,45.831,45.9028,45.966,46
0,0,0,0,0,0,0,0,0,0,0,0,0,0,0,0,0,0,0,0,0,0,0,0,0,0,0,0,0,0,0,0,0,0,0,0,0,0,0,0,4.98978,9.20101,12.2723,14.4078,15.8986,17.0148,17.9492,18.8126,19.6561,20.4984,21.3446,22.1957,23.052,23.9135,24.7802,25.6521,26.5293,27.4118,28.2996,29.1927,30.0913,30.9952,31.9047,32.8196,33.74,34.666,35.5976,36.5348,37.4777,38.4262,39.3805,40.3406,41.3064,42.2781,43.0151,43.5847,44.0329,44.3911,44.6816,44.9206,45.1195,45.2869,45.4293,45.5516,45.6575,45.7498,45.831,45.9028,45.966,46
0,0,0,0,0,0,0,0,0,0,0,0,0,0,0,0,0,0,0,0,0,0,0,0,0,0,0,0,0,0,0,0,0,0,0,0,0,0,0,4.24184,8.42781,11.4807,13.6033,15.0852,16.1947,17.1235,17.9818,18.8202,19.6574,20.4985,21.3446,22.1957,23.052,23.9135,24.7802,25.6521,26.5293,27.4118,28.2996,29.1927,30.0913,30.9952,31.9047,32.8196,33.74,34.666,35.5976,36.5348,37.4777,38.4262,39.3805,40.3406,41.3064,42.2781,43.0151,43.5847,44.0329,44.3911,44.6816,44.9206,45.1195,45.2869,45.4293,45.5516,45.6575,45.7498,45.831,45.9028,45.966,46
0,0,0,0,0,0,0,0,0,0,0,0,0,0,0,0,0,0,0,0,0,0,0,0,0,0,0,0,0,0,0,0,0,0,0,0,0,0,3.49839,7.65924,10.6938,12.8037,14.2767,15.3795,16.3028,17.1559,17.9893,18.8214,19.6575,20.4985,21.3446,22.1957,23.052,23.9135,24.7802,25.6521,26.5293,27.4118,28.2996,29.1927,30.0913,30.9952,31.9047,32.8196,33.74,34.666,35.5976,36.5348,37.4777,38.4262,39.3805,40.3406,41.3064,42.2781,43.0151,43.5847,44.0329,44.3911,44.6816,44.9206,45.1195,45.2869,45.4293,45.5516,45.6575,45.7498,45.831,45.9028,45.966,46
0,0,0,0,0,0,0,0,0,0,0,0,0,0,0,0,0,0,0,0,0,0,0,0,0,0,0,0,0,0,0,0,0,0,0,0,0,2.7594,6.89529,9.91163,12.0089,13.4731,14.5692,15.487,16.3349,17.1633,17.9905,18.8216,19.6575,20.4985,21.3446,22.1957,23.052,23.9135,24.7802,25.6521,26.5293,27.4118,28.2996,29.1927,30.0913,30.9952,31.9047,32.8196,33.74,34.666,35.5976,36.5348,37.4777,38.4262,39.3805,40.3406,41.3064,42.2781,43.0151,43.5847,44.0329,44.3911,44.6816,44.9206,45.1195,45.2869,45.4293,45.5516,45.6575,45.7498,45.831,45.9028,45.966,46
0,0,0,0,0,0,0,0,0,0,0,0,0,0,0,0,0,0,0,0,0,0,0,0,0,0,0,0,0,0,0,0,0,0,0,0,2.02484,6.13591,9.13416,11.2188,12.6742,13.7638,14.676,15.5189,16.3423,17.1646,17.9906,18.8216,19.6575,20.4985,21.3446,22.1957,23.052,23.9135,24.7802,25.6521,26.5293,27.4118,28.2996,29.1927,30.0913,30.9952,31.9047,32.8196,33.74,34.666,35.5976,36.5348,37.4777,38.4262,39.3805,40.3406,41.3064,42.2781,43.0151,43.5847,44.0329,44.3911,44.6816,44.9206,45.1195,45.2869,45.4293,45.5516,45.6575,45.7498,45.831,45.9028,45.966,46
0,0,0,0,0,0,0,0,0,0,0,0,0,0,0,0,0,0,0,0,0,0,0,0,0,0,0,0,0,0,0,0,0,0,0,1.29469,5.3811,8.36136,10.4335,11.8802,12.9633,13.87,14.7078,15.5263,16.3436,17.1647,17.9906,18.8216,19.6575,20.4985,21.3446,22.1957,23.052,23.9135,24.7802,25.6521,26.5293,27.4118,28.2996,29.1927,30.0913,30.9952,31.9047,32.8196,33.74,34.666,35.5976,36.5348,37.4777,38.4262,39.3805,40.3406,41.3064,42.2781,43.0151,43.5847,44.0329,44.3911,44.6816,44.9206,45.1195,45.2869,45.4293,45.5516,45.6575,45.7498,45.831,45.9028,45.966,46
0,0,0,0,0,0,0,0,0,0,0,0,0,0,0,0,0,0,0,0,0,0,0,0,0,0,0,0,0,0,0,0,0,0,0.568925,4.63081,7.59319,9.65292,11.0909,12.1675,13.0688,13.9016,14.7151,15.5275,16.3437,17.1647,17.9906,18.8216,19.6575,20.4985,21.3446,22.1957,23.052,23.9135,24.7802,25.6521,26.5293,27.4118,28.2996,29.1927,30.0913,30.9952,31.9047,32.8196,33.74,34.666,35.5976,36.5348,37.4777,38.4262,39.3805,40.3406,41.3064,42.2781,43.0151,43.5847,44.0329,44.3911,44.6816,44.9206,45.1195,45.2869,45.4293,45.5516,45.6575,45.7498,45.831,45.9028,45.966,46
0,0,0,0,0,0,0,0,0,0,0,0,0,0,0,0,0,0,0,0,0,0,0,0,0,0,0,0,0,0,0,0,0,0,3.88503,6.82963,8.87701,10.3063,11.3765,12.2724,13.1001,13.9088,14.7163,15.5276,16.3437,17.1647,17.9906,18.8216,19.6575,20.4985,21.3446,22.1957,23.052,23.9135,24.7802,25.6521,26.5293,27.4118,28.2996,29.1927,30.0913,30.9952,31.9047,32.8196,33.74,34.666,35.5976,36.5348,37.4777,38.4262,39.3805,40.3406,41.3064,42.2781,43.0151,43.5847,44.0329,44.3911,44.6816,44.9206,45.1195,45.2869,45.4293,45.5516,45.6575,45.7498,45.831,45.9028,45.966,46
0,0,0,0,0,0,0,0,0,0,0,0,0,0,0,0,0,0,0,0,0,0,0,0,0,0,0,0,0,0,0,0,0,3.14372,6.07065,8.10574,9.5265,10.5902,11.4807,12.3035,13.1074,13.91,14.7165,15.5276,16.3437,17.1647,17.9906,18.8216,19.6575,20.4985,21.3446,22.1957,23.052,23.9135,24.7802,25.6521,26.5293,27.4118,28.2996,29.1927,30.0913,30.9952,31.9047,32.8196,33.74,34.666,35.5976,36.5348,37.4777,38.4262,39.3805,40.3406,41.3064,42.2781,43.0151,43.5847,44.0329,44.3911,44.6816,44.9206,45.1195,45.2869,45.4293,45.5516,45.6575,45.7498,45.831,45.9028,45.966,46
0,0,0,0,0,0,0,0,0,0,0,0,0,0,0,0,0,0,0,0,0,0,0,0,0,0,0,0,0,0,0,0,2.40686,5.31623,7.33911,8.75135,9.80867,10.6938,11.5117,12.3107,13.1086,13.9102,14.7165,15.5276,16.3437,17.1647,17.9906,18.8216,19.6575,20.4985,21.3446,22.1957,23.052,23.9135,24.7802,25.6521,26.5293,27.4118,28.2996,29.1927,30.0913,30.9952,31.9047,32.8196,33.74,34.666,35.5976,36.5348,37.4777,38.4262,39.3805,40.3406,41.3064,42.2781,43.0151,43.5847,44.0329,44.3911,44.6816,44.9206,45.1195,45.2869,45.4293,45.5516,45.6575,45.7498,45.831,45.9028,45.966,46
0,0,0,0,0,0,0,0,0,0,0,0,0,0,0,0,0,0,0,0,0,0,0,0,0,0,0,0,0,0,0,1.67441,4.56633,6.57708,7.98084,9.03181,9.91168,10.7247,11.5189,12.3119,13.1087,13.9102,14.7165,15.5276,16.3437,17.1647,17.9906,18.8216,19.6575,20.4985,21.3446,22.1957,23.052,23.9135,24.7802,25.6521,26.5293,27.4118,28.2996,29.1927,30.0913,30.9952,31.9047,32.8196,33.74,34.666,35.5976,36.5348,37.4777,38.4262,39.3805,40.3406,41.3064,42.2781,43.0151,43.5847,44.0329,44.3911,44.6816,44.9206,45.1195,45.2869,45.4293,45.5516,45.6575,45.7498,45.831,45.9028,45.966,46
0,0,0,0,0,0,0,0,0,0,0,0,0,0,0,0,0,0,0,0,0,0,0,0,0,0,0,0,0,0,0.946368,3.82094,5.81961,7.21495,8.25962,9.13421,9.94231,10.7318,11.5201,12.3121,13.1087,13.9102,14.7165,15.5276,16.3437,17.1647,17.9906,18.8216,19.6575,20.4985,21.3446,22.1957,23.052,23.9135,24.7802,25.6521,26.5293,27.4118,28.2996,29.1927,30.0913,30.9952,31.9047,32.8196,33.74,34.666,35.5976,36.5348,37.4777,38.4262,39.3805,40.3406,41.3064,42.2781,43.0151,43.5847,44.0329,44.3911,44.6816,44.9206,45.1195,45.2869,45.4293,45.5516,45.6575,45.7498,45.831,45.9028,45.966,46
0,0,0,0,0,0,0,0,0,0,0,0,0,0,0,0,0,0,0,0,0,0,0,0,0,0,0,0,0,0.222689,3.08001,5.0667,6.45366,7.49207,8.3614,9.16465,9.94938,10.7329,11.5202,12.3121,13.1087,13.9102,14.7165,15.5276,16.3437,17.1647,17.9906,18.8216,19.6575,20.4985,21.3446,22.1957,23.052,23.9135,24.7802,25.6521,26.5293,27.4118,28.2996,29.1927,30.0913,30.9952,31.9047,32.8196,33.74,34.666,35.5976,36.5348,37.4777,38.4262,39.3805,40.3406,41.3064,42.2781,43.0151,43.5847,44.0329,44.3911,44.6816,44.9206,45.1195,45.2869,45.4293,45.5516,45.6575,45.7498,45.831,45.9028,45.966,46
0,0,0,0,0,0,0,0,0,0,0,0,0,0,0,0,0,0,0,0,0,0,0,0,0,0,0,0,0,2.34353,4.31829,5.69694,6.72911,7.59323,8.39167,9.17168,9.95054,10.7331,11.5202,12.3121,13.1087,13.9102,14.7165,15.5276,16.3437,17.1647,17.9906,18.8216,19.6575,20.4985,21.3446,22.1957,23.052,23.9135,24.7802,25.6521,26.5293,27.4118,28.2996,29.1927,30.0913,30.9952,31.9047,32.8196,33.74,34.666,35.5976,36.5348,37.4777,38.4262,39.3805,40.3406,41.3064,42.2781,43.0151,43.5847,44.0329,44.3911,44.6816,44.9206,45.1195,45.2869,45.4293,45.5516,45.6575,45.7498,45.831,45.9028,45.966,46
0,0,0,0,0,0,0,0,0,0,0,0,0,0,0,0,0,0,0,0,0,0,0,0,0,0,0,0,1.61147,3.57439,4.94476,5.97074,6.82968,7.62332,8.39865,9.17284,9.95066,10.7331,11.5202,12.3121,13.1087,13.9102,14.7165,15.5276,16.3437,17.1647,17.9906,18.8216,19.6575,20.4985,21.3446,22.1957,23.052,23.9135,24.7802,25.6521,26.5293,27.4118,28.2996,29.1927,30.0913,30.9952,31.9047,32.8196,33.74,34.666,35.5976,36.5348,37.4777,38.4262,39.3805,40.3406,41.3064,42.2781,43.0151,43.5847,44.0329,44.3911,44.6816,44.9206,45.1195,45.2869,45.4293,45.5516,45.6575,45.7498,45.831,45.9028,45.966,46
0,0,0,0,0,0,0,0,0,0,0,0,0,0,0,0,0,0,0,0,0,0,0,0,0,0,0,0.8838,2.83494,4.19709,5.21691,6.0707,6.85958,7.63026,8.3998,9.17296,9.95066,10.7331,11.5202,12.3121,13.1087,13.9102,14.7165,15.5276,16.3437,17.1647,17.9906,18.8216,19.6575,20.4985,21.3446,22.1957,23.052,23.9135,24.7802,25.6521,26.5293,27.4118,28.2996,29.1927,30.0913,30.9952,31.9047,32.8196,33.74,34.666,35.5976,36.5348,37.4777,38.4262,39.3805,40.3406,41.3064,42.2781,43.0151,43.5847,44.0329,44.3911,44.6816,44.9206,45.1195,45.2869,45.4293,45.5516,45.6575,45.7498,45.831,45.9028,45.966,46
0,0,0,0,0,0,0,0,0,0,0,0,0,0,0,0,0,0,0,0,0,0,0,0,0,0,0.160497,2.09993,3.45391,4.46761,5.31627,6.10042,6.86648,7.6314,8.39992,9.17296,9.95066,10.7331,11.5202,12.3121,13.1087,13.9102,14.7165,15.5276,16.3437,17.1647,17.9906,18.8216,19.6575,20.4985,21.3446,22.1957,23.052,23.9135,24.7802,25.6521,26.5293,27.4118,28.2996,29.1927,30.0913,30.9952,31.9047,32.8196,33.74,34.666,35.5976,36.5348,37.4777,38.4262,39.3805,40.3406,41.3064,42.2781,43.0151,43.5847,44.0329,44.3911,44.6816,44.9206,45.1195,45.2869,45.4293,45.5516,45.6575,45.7498,45.831,45.9028,45.966,46
0,0,0,0,0,0,0,0,0,0,0,0,0,0,0,0,0,0,0,0,0,0,0,0,0,0,1.36933,2.71518,3.72281,4.56638,5.34582,6.10728,6.86762,7.63152,8.39992,9.17296,9.95066,10.7331,11.5202,12.3121,13.1087,13.9102,14.7165,15.5276,16.3437,17.1647,17.9906,18.8216,19.6575,20.4985,21.3446,22.1957,23.052,23.9135,24.7802,25.6521,26.5293,27.4118,28.2996,29.1927,30.0913,30.9952,31.9047,32.8196,33.74,34.666,35.5976,36.5348,37.4777,38.4262,39.3805,40.3406,41.3064,42.2781,43.0151,43.5847,44.0329,44.3911,44.6816,44.9206,45.1195,45.2869,45.4293,45.5516,45.6575,45.7498,45.831,45.9028,45.966,46
0,0,0,0,0,0,0,0,0,0,0,0,0,0,0,0,0,0,0,0,0,0,0,0,0,0.643114,1.98089,2.98247,3.82098,4.59574,5.35263,6.10841,6.86773,7.63152,8.39992,9.17296,9.95066,10.7331,11.5202,12.3121,13.1087,13.9102,14.7165,15.5276,16.3437,17.1647,17.9906,18.8216,19.6575,20.4985,21.3446,22.1957,23.052,23.9135,24.7802,25.6521,26.5293,27.4118,28.2996,29.1927,30.0913,30.9952,31.9047,32.8196,33.74,34.666,35.5976,36.5348,37.4777,38.4262,39.3805,40.3406,41.3064,42.2781,43.0151,43.5847,44.0329,44.3911,44.6816,44.9206,45.1195,45.2869,45.4293,45.5516,45.6575,45.7498,45.831,45.9028,45.966,46
0,0,0,0,0,0,0,0,0,0,0,0,0,0,0,0,0,0,0,0,0,0,0,0,0,1.25101,2.24658,3.08005,3.85017,4.60252,5.35376,6.10852,6.86773,7.63152,8.39992,9.17296,9.95066,10.7331,11.5202,12.3121,13.1087,13.9102,14.7165,15.5276,16.3437,17.1647,17.9906,18.8216,19.6575,20.4985,21.3446,22.1957,23.052,23.9135,24.7802,25.6521,26.5293,27.4118,28.2996,29.1927,30.0913,30.9952,31.9047,32.8196,33.74,34.666,35.5976,36.5348,37.4777,38.4262,39.3805,40.3406,41.3064,42.2781,43.0151,43.5847,44.0329,44.3911,44.6816,44.9206,45.1195,45.2869,45.4293,45.5516,45.6575,45.7498,45.831,45.9028,45.966,46
0,0,0,0,0,0,0,0,0,0,0,0,0,0,0,0,0,0,0,0,0,0,0,0,0.525502,1.5151,2.34357,3.10907,3.8569,4.60364,5.35387,6.10853,6.86773,7.63152,8.39992,9.17296,9.95066,10.7331,11.5202,12.3121,13.1087,13.9102,14.7165,15.5276,16.3437,17.1647,17.9906,18.8216,19.6575,20.4985,21.3446,22.1957,23.052,23.9135,24.7802,25.6521,26.5293,27.4118,28.2996,29.1927,30.0913,30.9952,31.9047,32.8196,33.74,34.666,35.5976,36.5348,37.4777,38.4262,39.3805,40.3406,41.3064,42.2781,43.0151,43.5847,44.0329,44.3911,44.6816,44.9206,45.1195,45.2869,45.4293,45.5516,45.6575,45.7498,45.831,45.9028,45.966,46
0,0,0,0,0,0,0,0,0,0,0,0,0,0,0,0,0,0,0,0,0,0,0,0,0.788005,1.61151,2.37241,3.11576,3.85802,4.60375,5.35388,6.10853,6.86773,7.63152,8.39992,9.17296,9.95066,10.7331,11.5202,12.3121,13.1087,13.9102,14.7165,15.5276,16.3437,17.1647,17.9906,18.8216,19.6575,20.4985,21.3446,22.1957,23.052,23.9135,24.7802,25.6521,26.5293,27.4118,28.2996,29.1927,30.0913,30.9952,31.9047,32.8196,33.74,34.666,35.5976,36.5348,37.4777,38.4262,39.3805,40.3406,41.3064,42.2781,43.0151,43.5847,44.0329,44.3911,44.6816,44.9206,45.1195,45.2869,45.4293,45.5516,45.6575,45.7498,45.831,45.9028,45.966,46
0,0,0,0,0,0,0,0,0,0,0,0,0,0,0,0,0,0,0,0,0,0,0,0.0652772,0.883841,1.64018,2.37907,3.11687,3.85813,4.60375,5.35388,6.10853,6.86773,7.63152,8.39992,9.17296,9.95066,10.7331,11.5202,12.3121,13.1087,13.9102,14.7165,15.5276,16.3437,17.1647,17.9906,18.8216,19.6575,20.4985,21.3446,22.1957,23.052,23.9135,24.7802,25.6521,26.5293,27.4118,28.2996,29.1927,30.0913,30.9952,31.9047,32.8196,33.74,34.666,35.5976,36.5348,37.4777,38.4262,39.3805,40.3406,41.3064,42.2781,43.0151,43.5847,44.0329,44.3911,44.6816,44.9206,45.1195,45.2869,45.4293,45.5516,45.6575,45.7498,45.831,45.9028,45.966,46
0,0,0,0,0,0,0,0,0,0,0,0,0,0,0,0,0,0,0,0,0,0,0,0.160538,0.912335,1.64679,2.38017,3.11698,3.85813,4.60375,5.35388,6.10853,6.86773,7.63152,8.39992,9.17296,9.95066,10.7331,11.5202,12.3121,13.1087,13.9102,14.7165,15.5276,16.3437,17.1647,17.9906,18.8216,19.6575,20.4985,21.3446,22.1957,23.052,23.9135,24.7802,25.6521,26.5293,27.4118,28.2996,29.1927,30.0913,30.9952,31.9047,32.8196,33.74,34.666,35.5976,36.5348,37.4777,38.4262,39.3805,40.3406,41.3064,42.2781,43.0151,43.5847,44.0329,44.3911,44.6816,44.9206,45.1195,45.2869,45.4293,45.5516,45.6575,45.7498,45.831,45.9028,45.966,46
0,0,0,0,0,0,0,0,0,0,0,0,0,0,0,0,0,0,0,0,0,0,0,0.188861,0.918911,1.64789,2.38028,3.11698,3.85813,4.60375,5.35388,6.10853,6.86773,7.63152,8.39992,9.17296,9.95066,10.7331,11.5202,12.3121,13.1087,13.9102,14.7165,15.5276,16.3437,17.1647,17.9906,18.8216,19.6575,20.4985,21.3446,22.1957,23.052,23.9135,24.7802,25.6521,26.5293,27.4118,28.2996,29.1927,30.0913,30.9952,31.9047,32.8196,33.74,34.666,35.5976,36.5348,37.4777,38.4262,39.3805,40.3406,41.3064,42.2781,43.0151,43.5847,44.0329,44.3911,44.6816,44.9206,45.1195,45.2869,45.4293,45.5516,45.6575,45.7498,45.831,45.9028,45.966,46
0,0,0,0,0,0,0,0,0,0,0,0,0,0,0,0,0,0,0,0,0,0,0,0.195398,0.919998,1.64799,2.38028,3.11698,3.85813,4.60375,5.35388,6.10853,6.86773,7.63152,8.39992,9.17296,9.95066,10.7331,11.5202,12.3121,13.1087,13.9102,14.7165,15.5276,16.3437,17.1647,17.9906,18.8216,19.6575,20.4985,21.3446,22.1957,23.052,23.9135,24.7802,25.6521,26.5293,27.4118,28.2996,29.1927,30.0913,30.9952,31.9047,32.8196,33.74,34.666,35.5976,36.5348,37.4777,38.4262,39.3805,40.3406,41.3064,42.2781,43.0151,43.5847,44.0329,44.3911,44.6816,44.9206,45.1195,45.2869,45.4293,45.5516,45.6575,45.7498,45.831,45.9028,45.966,46
0,0,0,0,0,0,0,0,0,0,0,0,0,0,0,0,0,0,0,0,0,0,0,0.196478,0.920107,1.648,2.38028,3.11698,3.85813,4.60375,5.35388,6.10853,6.86773,7.63152,8.39992,9.17296,9.95066,10.7331,11.5202,12.3121,13.1087,13.9102,14.7165,15.5276,16.3437,17.1647,17.9906,18.8216,19.6575,20.4985,21.3446,22.1957,23.052,23.9135,24.7802,25.6521,26.5293,27.4118,28.2996,29.1927,30.0913,30.9952,31.9047,32.8196,33.74,34.666,35.5976,36.5348,37.4777,38.4262,39.3805,40.3406,41.3064,42.2781,43.0151,43.5847,44.0329,44.3911,44.6816,44.9206,45.1195,45.2869,45.4293,45.5516,45.6575,45.7498,45.831,45.9028,45.966,46
0,0,0,0,0,0,0,0,0,0,0,0,0,0,0,0,0,0,0,0,0,0,0,0.196586,0.920111,1.648,2.38028,3.11698,3.85813,4.60375,5.35388,6.10853,6.86773,7.63152,8.39992,9.17296,9.95066,10.7331,11.5202,12.3121,13.1087,13.9102,14.7165,15.5276,16.3437,17.1647,17.9906,18.8216,19.6575,20.4985,21.3446,22.1957,23.052,23.9135,24.7802,25.6521,26.5293,27.4118,28.2996,29.1927,30.0913,30.9952,31.9047,32.8196,33.74,34.666,35.5976,36.5348,37.4777,38.4262,39.3805,40.3406,41.3064,42.2781,43.0151,43.5847,44.0329,44.3911,44.6816,44.9206,45.1195,45.2869,45.4293,45.5516,45.6575,45.7498,45.831,45.9028,45.966,46
0,0,0,0,0,0,0,0,0,0,0,0,0,0,0,0,0,0,0,0,0,0,0,0.19659,0.920111,1.648,2.38028,3.11698,3.85813,4.60375,5.35388,6.10853,6.86773,7.63152,8.39992,9.17296,9.95066,10.7331,11.5202,12.3121,13.1087,13.9102,14.7165,15.5276,16.3437,17.1647,17.9906,18.8216,19.6575,20.4985,21.3446,22.1957,23.052,23.9135,24.7802,25.6521,26.5293,27.4118,28.2996,29.1927,30.0913,30.9952,31.9047,32.8196,33.74,34.666,35.5976,36.5348,37.4777,38.4262,39.3805,40.3406,41.3064,42.2781,43.0151,43.5847,44.0329,44.3911,44.6816,44.9206,45.1195,45.2869,45.4293,45.5516,45.6575,45.7498,45.831,45.9028,45.966,46
0,0,0,0,0,0,0,0,0,0,0,0,0,0,0,0,0,0,0,0,0,0,0,0.19659,0.920111,1.648,2.38028,3.11698,3.85813,4.60375,5.35388,6.10853,6.86773,7.63152,8.39992,9.17296,9.95066,10.7331,11.5202,12.3121,13.1087,13.9102,14.7165,15.5276,16.3437,17.1647,17.9906,18.8216,19.6575,20.4985,21.3446,22.1957,23.052,23.9135,24.7802,25.6521,26.5293,27.4118,28.2996,29.1927,30.0913,30.9952,31.9047,32.8196,33.74,34.666,35.5976,36.5348,37.4777,38.4262,39.3805,40.3406,41.3064,42.2781,43.0151,43.5847,44.0329,44.3911,44.6816,44.9206,45.1195,45.2869,45.4293,45.5516,45.6575,45.7498,45.831,45.9028,45.966,46
0,0,0,0,0,0,0,0,0,0,0,0,0,0,0,0,0,0,0,0,0,0,0,0.19659,0.920111,1.648,2.38028,3.11698,3.85813,4.60375,5.35388,6.10853,6.86773,7.63152,8.39992,9.17296,9.95066,10.7331,11.5202,12.3121,13.1087,13.9102,14.7165,15.5276,16.3437,17.1647,17.9906,18.8216,19.6575,20.4985,21.3446,22.1957,23.052,23.9135,24.7802,25.6521,26.5293,27.4118,28.2996,29.1927,30.0913,30.9952,31.9047,32.8196,33.74,34.666,35.5976,36.5348,37.4777,38.4262,39.3805,40.3406,41.3064,42.2781,43.0151,43.5847,44.0329,44.3911,44.6816,44.9206,45.1195,45.2869,45.4293,45.5516,45.6575,45.7498,45.831,45.9028,45.966,46
0,0,0,0,0,0,0,0,0,0,0,0,0,0,0,0,0,0,0,0,0,0,0,0.19659,0.920111,1.648,2.38028,3.11698,3.85813,4.60375,5.35388,6.10853,6.86773,7.63152,8.39992,9.17296,9.95066,10.7331,11.5202,12.3121,13.1087,13.9102,14.7165,15.5276,16.3437,17.1647,17.9906,18.8216,19.6575,20.4985,21.3446,22.1957,23.052,23.9135,24.7802,25.6521,26.5293,27.4118,28.2996,29.1927,30.0913,30.9952,31.9047,32.8196,33.74,34.666,35.5976,36.5348,37.4777,38.4262,39.3805,40.3406,41.3064,42.2781,43.0151,43.5847,44.0329,44.3911,44.6816,44.9206,45.1195,45.2869,45.4293,45.5516,45.6575,45.7498,45.831,45.9028,45.966,46
0,0,0,0,0,0,0,0,0,0,0,0,0,0,0,0,0,0,0,0,0,0,0,0.19659,0.920111,1.648,2.38028,3.11698,3.85813,4.60375,5.35388,6.10853,6.86773,7.63152,8.39992,9.17296,9.95066,10.7331,11.5202,12.3121,13.1087,13.9102,14.7165,15.5276,16.3437,17.1647,17.9906,18.8216,19.6575,20.4985,21.3446,22.1957,23.052,23.9135,24.7802,25.6521,26.5293,27.4118,28.2996,29.1927,30.0913,30.9952,31.9047,32.8196,33.74,34.666,35.5976,36.5348,37.4777,38.4262,39.3805,40.3406,41.3064,42.2781,43.0151,43.5847,44.0329,44.3911,44.6816,44.9206,45.1195,45.2869,45.4293,45.5516,45.6575,45.7498,45.831,45.9028,45.966,46
0,0,0,0,0,0,0,0,0,0,0,0,0,0,0,0,0,0,0,0,0,0,0,0.19659,0.920111,1.648,2.38028,3.11698,3.85813,4.60375,5.35388,6.10853,6.86773,7.63152,8.39992,9.17296,9.95066,10.7331,11.5202,12.3121,13.1087,13.9102,14.7165,15.5276,16.3437,17.1647,17.9906,18.8216,19.6575,20.4985,21.3446,22.1957,23.052,23.9135,24.7802,25.6521,26.5293,27.4118,28.2996,29.1927,30.0913,30.9952,31.9047,32.8196,33.74,34.666,35.5976,36.5348,37.4777,38.4262,39.3805,40.3406,41.3064,42.2781,43.0151,43.5847,44.0329,44.3911,44.6816,44.9206,45.1195,45.2869,45.4293,45.5516,45.6575,45.7498,45.831,45.9028,45.966,46
0,0,0,0,0,0,0,0,0,0,0,0,0,0,0,0,0,0,0,0,0,0,0,0.19659,0.920111,1.648,2.38028,3.11698,3.85813,4.60375,5.35388,6.10853,6.86773,7.63152,8.39992,9.17296,9.95066,10.7331,11.5202,12.3121,13.1087,13.9102,14.7165,15.5276,16.3437,17.1647,17.9906,18.8216,19.6575,20.4985,21.3446,22.1957,23.052,23.9135,24.7802,25.6521,26.5293,27.4118,28.2996,29.1927,30.0913,30.9952,31.9047,32.8196,33.74,34.666,35.5976,36.5348,37.4777,38.4262,39.3805,40.3406,41.3064,42.2781,43.0151,43.5847,44.0329,44.3911,44.6816,44.9206,45.1195,45.2869,45.4293,45.5516,45.6575,45.7498,45.831,45.9028,45.966,46
0,0,0,0,0,0,0,0,0,0,0,0,0,0,0,0,0,0,0,0,0,0,0,0.19659,0.920111,1.648,2.38028,3.11698,3.85813,4.60375,5.35388,6.10853,6.86773,7.63152,8.39992,9.17296,9.95066,10.7331,11.5202,12.3121,13.1087,13.9102,14.7165,15.5276,16.3437,17.1647,17.9906,18.8216,19.6575,20.4985,21.3446,22.1957,23.052,23.9135,24.7802,25.6521,26.5293,27.4118,28.2996,29.1927,30.0913,30.9952,31.9047,32.8196,33.74,34.666,35.5976,36.5348,37.4777,38.4262,39.3805,40.3406,41.3064,42.2781,43.0151,43.5847,44.0329,44.3911,44.6816,44.9206,45.1195,45.2869,45.4293,45.5516,45.6575,45.7498,45.831,45.9028,45.966,46
0,0,0,0,0,0,0,0,0,0,0,0,0,0,0,0,0,0,0,0,0,0,0,0.19659,0.920111,1.648,2.38028,3.11698,3.85813,4.60375,5.35388,6.10853,6.86773,7.63152,8.39992,9.17296,9.95066,10.7331,11.5202,12.3121,13.1087,13.9102,14.7165,15.5276,16.3437,17.1647,17.9906,18.8216,19.6575,20.4985,21.3446,22.1957,23.052,23.9135,24.7802,25.6521,26.5293,27.4118,28.2996,29.1927,30.0913,30.9952,31.9047,32.8196,33.74,34.666,35.5976,36.5348,37.4777,38.4262,39.3805,40.3406,41.3064,42.2781,43.0151,43.5847,44.0329,44.3911,44.6816,44.9206,45.1195,45.2869,45.4293,45.5516,45.6575,45.7498,45.831,45.9028,45.966,46
0,0,0,0,0,0,0,0,0,0,0,0,0,0,0,0,0,0,0,0,0,0,0,0.19659,0.920111,1.648,2.38028,3.11698,3.85813,4.60375,5.35388,6.10853,6.86773,7.63152,8.39992,9.17296,9.95066,10.7331,11.5202,12.3121,13.1087,13.9102,14.7165,15.5276,16.3437,17.1647,17.9906,18.8216,19.6575,20.4985,21.3446,22.1957,23.052,23.9135,24.7802,25.6521,26.5293,27.4118,28.2996,29.1927,30.0913,30.9952,31.9047,32.8196,33.74,34.666,35.5976,36.5348,37.4777,38.4262,39.3805,40.3406,41.3064,42.2781,43.0151,43.5847,44.0329,44.3911,44.6816,44.9206,45.1195,45.2869,45.4293,45.5516,45.6575,45.7498,45.831,45.9028,45.966,46
0,0,0,0,0,0,0,0,0,0,0,0,0,0,0,0,0,0,0,0,0,0,0,0.19659,0.920111,1.648,2.38028,3.11698,3.85813,4.60375,5.35388,6.10853,6.86773,7.63152,8.39992,9.17296,9.95066,10.7331,11.5202,12.3121,13.1087,13.9102,14.7165,15.5276,16.3437,17.1647,17.9906,18.8216,19.6575,20.4985,21.3446,22.1957,23.052,23.9135,24.7802,25.6521,26.5293,27.4118,28.2996,29.1927,30.0913,30.9952,31.9047,32.8196,33.74,34.666,35.5976,36.5348,37.4777,38.4262,39.3805,40.3406,41.3064,42.2781,43.0151,43.5847,44.0329,44.3911,44.6816,44.9206,45.1195,45.2869,45.4293,45.5516,45.6575,45.7498,45.831,45.9028,45.966,46
0,0,0,0,0,0,0,0,0,0,0,0,0,0,0,0,0,0,0,0,0,0,0,0.203169,0.92669,1.65458,2.38686,3.12356,3.86471,4.61033,5.36046,6.11511,6.87431,7.6381,8.4065,9.17954,9.95724,10.7396,11.5268,12.3186,13.1153,13.9167,14.723,15.5342,16.3503,17.1713,17.9972,18.8281,19.6641,20.5051,21.3511,22.2023,23.0586,23.9201,24.7868,25.6587,26.5359,27.4183,28.3061,29.1993,30.0979,31.0018,31.9112,32.8262,33.7466,34.6726,35.6042,36.5414,37.4843,38.4328,39.3871,40.3471,41.313,42.3504,43.1532,43.7887,44.3026,44.7266,45.083,45.3877,45.6524,45.8856,46.0938,46.2819,46.4535,46.6117,46.7587,46.8962,47.0252,47.0965
0,0,0,0,0,0,0,0,0,0,0,0,0,0,0,0,0,0,0,0,0,0,0,0.236603,0.960124,1.68801,2.42029,3.157,3.89814,4.64377,5.39389,6.14854,6.90775,7.67154,8.43994,9.21297,9.99068,10.7731,11.5602,12.3521,13.1487,13.9502,14.7565,15.5676,16.3837,17.2047,18.0306,18.8616,19.6975,20.5385,21.3846,22.2357,23.0921,23.9535,24.8202,25.6921,26.5693,27.4518,28.3396,29.2327,30.1313,31.0353,31.9447,32.8596,33.78,34.706,35.6376,36.5748,37.5177,38.4663,39.4205,40.3806,41.4118,42.7753,43.8963,44.842,45.6583,46.3767,47.0197,47.6031,48.1386,48.6347,49.0979,49.533,49.9439,50.3334,50.7038,51.0569,51.3925,51.5789
0,0,0,0,0,0,0,0,0,0,0,0,0,0,0,0,0,0,0,0,0,0,0,0.292293,1.01581,1.7437,2.47598,3.21269,3.95383,4.69946,5.44958,6.20423,6.96344,7.72723,8.49563,9.26866,10.0464,10.8288,11.6159,12.4078,13.2044,14.0059,14.8122,15.6233,16.4394,17.2604,18.0863,18.9173,19.7532,20.5942,21.4403,22.2914,23.1478,24.0092,24.8759,25.7478,26.625,27.5075,28.3953,29.2884,30.187,31.0909,32.0004,32.9153,33.8357,34.7617,35.6933,36.6305,37.5734,38.5219,39.4762,40.5013,41.8566,43.7163,45.2884,46.6417,47.8232,48.8661,49.7941,50.6246,51.3706,52.0421,52.6469,53.1915,53.6809,54.1194,54.5109,54.8583,55.1604,55.3217
0,0,0,0,0,0,0,0,0,0,0,0,0,0,0,0,0,0,0,0,0,0,0,0.36429,1.08781,1.8157,2.54798,3.28468,4.02583,4.77145,5.52158,6.27623,7.03543,7.79922,8.56762,9.34066,10.1184,10.9008,11.6879,12.4798,13.2764,14.0779,14.8842,15.6953,16.5114,17.3324,18.1583,18.9893,19.8252,20.6662,21.5123,22.3634,23.2197,24.0812,24.9479,25.8198,26.697,27.5795,28.4673,29.3604,30.259,31.1629,32.0724,32.9873,33.9077,34.8337,35.7653,36.7025,37.6454,38.5939,39.6128,40.96,42.8086,45.1997,47.2108,48.9198,50.3824,51.6402,52.7248,53.6613,54.4699,55.1677,55.7691,56.2868,56.7318,57.1141,57.4427,57.7253,57.9669,58.0952
0,0,0,0,0,0,0,0,0,0,0,0,0,0,0,0,0,0,0,0,0,0,0,0.446787,1.17031,1.8982,2.63048,3.36718,4.10833,4.85395,5.60407,6.35872,7.11793,7.88172,8.65012,9.42316,10.2009,10.9833,11.7704,12.5623,13.3589,14.1604,14.9667,15.7778,16.5939,17.4149,18.2408,19.0718,19.9077,20.7487,21.5948,22.4459,23.3022,24.1637,25.0304,25.9023,26.7795,27.662,28.5498,29.4429,30.3415,31.2454,32.1549,33.0698,33.9902,34.9162,35.8478,36.785,37.7279,38.7407,40.0798,41.9173,44.294,47.1154,49.4315,51.3419,52.9224,54.2317,55.3169,56.2164,56.9619,57.58,58.0928,58.5193,58.8751,59.1736,59.4256,59.6398,59.8212,59.9172
0,0,0,0,0,0,0,0,0,0,0,0,0,0,0,0,0,0,0,0,0,0,0,0.535117,1.25864,1.98653,2.71881,3.45551,4.19666,4.94228,5.6924,6.44705,7.20626,7.97005,8.73845,9.51149,10.2892,11.0716,11.8587,12.6506,13.4472,14.2487,15.055,15.8662,16.6822,17.5032,18.3292,19.1601,19.996,20.837,21.6831,22.5343,23.3906,24.2521,25.1187,25.9907,26.8678,27.7503,28.6381,29.5313,30.4298,31.3338,32.2432,33.1581,34.0786,35.0046,35.9361,36.8733,37.8801,39.2111,41.0376,43.4001,46.2046,49.2591,51.6813,53.6056,55.1358,56.3533,57.3229,58.0962,58.7144,59.2108,59.6115,59.9376,60.2052,60.427,60.6127,60.7697,60.902,60.9719
0,0,0,0,0,0,0,0,0,0,0,0,0,0,0,0,0,0,0,0,0,0,0,0.626112,1.34963,2.07752,2.8098,3.5465,4.28765,5.03328,5.7834,6.53805,7.29726,8.06105,8.82945,9.60248,10.3802,11.1626,11.9497,12.7416,13.5382,14.3397,15.146,15.9572,16.7732,17.5942,18.4202,19.2511,20.087,20.928,21.7741,22.6253,23.4816,24.3431,25.2097,26.0816,26.9588,27.8413,28.7291,29.6222,30.5208,31.4248,32.3342,33.2491,34.1696,35.0955,36.0271,37.0278,38.3509,40.1664,42.5147,45.3024,48.3386,51.3956,53.7268,55.5063,56.8665,57.9084,58.7096,59.3289,59.8115,60.191,60.493,60.7364,60.9352,61.0996,61.2372,61.3537,61.4523,61.5044
0,0,0,0,0,0,0,0,0,0,0,0,0,0,0,0,0,0,0,0,0,0,0,0.717947,1.44147,2.16936,2.90164,3.63834,4.37949,5.12511,5.87523,6.62988,7.38909,8.15288,8.92128,9.69432,10.472,11.2544,12.0415,12.8334,13.6301,14.4315,15.2378,16.049,16.8651,17.686,18.512,19.3429,20.1789,21.0199,21.8659,22.7171,23.5734,24.4349,25.3016,26.1735,27.0507,27.9331,28.8209,29.7141,30.6126,31.5166,32.426,33.3409,34.2614,35.1874,36.182,37.4972,39.3018,41.636,44.407,47.425,50.4636,53.3214,55.4172,56.9581,58.0959,58.9414,59.5757,60.057,60.4275,60.7173,60.9478,61.1341,61.2871,61.4147,61.5226,61.6147,61.6935,61.7353
0,0,0,0,0,0,0,0,0,0,0,0,0,0,0,0,0,0,0,0,0,0,0.0905561,0.809736,1.53326,2.26114,2.99343,3.73013,4.47128,5.2169,5.96702,6.72167,7.48088,8.24467,9.01307,9.78611,10.5638,11.3462,12.1333,12.9252,13.7219,14.5233,15.3296,16.1408,16.9568,17.7778,18.6038,19.4347,20.2706,21.1116,21.9577,22.8089,23.6652,24.5267,25.3934,26.2653,27.1424,28.0249,28.9127,29.8059,30.7044,31.6084,32.5178,33.4327,34.3532,35.3419,36.6491,38.4429,40.7631,43.5174,46.5173,49.5378,52.3784,54.9057,56.6966,57.9745,58.8955,59.5683,60.0681,60.4465,60.739,60.9697,61.1554,61.3077,61.4346,61.542,61.634,61.7137,61.7827,61.8195
0,0,0,0,0,0,0,0,0,0,0,0,0,0,0,0,0,0,0,0,0,0,0.181944,0.901124,1.62464,2.35253,3.08481,3.82152,4.56266,5.30829,6.05841,6.81306,7.57227,8.33606,9.10446,9.87749,10.6552,11.4376,12.2247,13.0166,13.8132,14.6147,15.421,16.2322,17.0482,17.8692,18.6952,19.5261,20.362,21.203,22.0491,22.9003,23.7566,24.6181,25.4847,26.3567,27.2338,28.1163,29.0041,29.8973,30.7958,31.6998,32.6092,33.5241,34.5069,35.8063,37.5893,39.8956,42.6334,45.6153,48.6176,51.4412,53.9534,56.1024,57.5881,58.63,59.3742,59.9177,60.3242,60.6359,60.8809,61.0777,61.239,61.3736,61.4876,61.5855,61.6704,61.7447,61.8097,61.8445
0,0,0,0,0,0,0,0,0,0,0,0,0,0,0,0,0,0,0,0,0,0,0.272819,0.991998,1.71552,2.44341,3.17569,3.91239,4.65354,5.39916,6.14929,6.90394,7.66314,8.42693,9.19533,9.96837,10.7461,11.5285,12.3156,13.1075,13.9041,14.7056,15.5119,16.323,17.1391,17.9601,18.786,19.617,20.4529,21.2939,22.14,22.9911,23.8475,24.7089,25.5756,26.4475,27.3247,28.2072,29.095,29.9881,30.8867,31.7907,32.7001,33.6769,34.9686,36.7409,39.0333,41.7547,44.7187,47.703,50.5096,53.0067,55.1429,56.9354,58.1617,59.0208,59.6391,60.0972,60.4464,60.7198,60.9392,61.1188,61.2685,61.3952,61.5037,61.5978,61.68,61.7525,61.8161,61.8503
0,0,0,0,0,0,0,0,0,0,0,0,0,0,0,0,0,0,0,0,0,0,0.363154,1.08233,1.80585,2.53374,3.26602,4.00273,4.74387,5.4895,6.23962,6.99427,7.75348,8.51727,9.28567,10.0587,10.8364,11.6188,12.4059,13.1978,13.9945,14.7959,15.6022,16.4134,17.2294,18.0504,18.8764,19.7073,20.5432,21.3842,22.2303,23.0815,23.9378,24.7993,25.666,26.5379,27.415,28.2975,29.1853,30.0785,30.977,31.881,32.852,34.1359,35.8976,38.1762,40.8813,43.8275,46.7939,49.5837,52.0658,54.1891,55.9709,57.4712,58.5034,59.2366,59.7747,60.1823,60.4999,60.7537,60.9607,61.1327,61.2775,61.4012,61.5078,61.6006,61.682,61.7539,61.8172,61.8512
0,0,0,0,0,0,0,0,0,0,0,0,0,0,0,0,0,0,0,0,0,0,0.452947,1.17213,1.89565,2.62354,3.35582,4.09252,4.83367,5.57929,6.32941,7.08406,7.84327,8.60706,9.37546,10.1485,10.9262,11.7086,12.4957,13.2876,14.0842,14.8857,15.692,16.5032,17.3192,18.1402,18.9662,19.7971,20.633,21.474,22.3201,23.1713,24.0276,24.8891,25.7557,26.6277,27.5048,28.3873,29.2751,30.1683,31.0668,32.032,33.3082,35.0593,37.3243,40.0131,42.9416,45.8902,48.6633,51.1305,53.2411,55.0122,56.5035,57.7904,58.692,59.3469,59.8389,60.2195,60.5214,60.7661,60.9679,61.1368,61.28,61.4026,61.5086,61.6011,61.6823,61.7541,61.8173,61.8513
0,0,0,0,0,0,0,0,0,0,0,0,0,0,0,0,0,0,0,0,0,0,0.542202,1.26138,1.9849,2.71279,3.44507,4.18177,4.92292,5.66855,6.41867,7.17332,7.93253,8.69632,9.46471,10.2378,11.0155,11.7979,12.585,13.3768,14.1735,14.975,15.7813,16.5924,17.4085,18.2295,19.0554,19.8863,20.7223,21.5633,22.4094,23.2605,24.1168,24.9783,25.845,26.7169,27.5941,28.4766,29.3644,30.2575,31.2169,32.4854,34.226,36.4774,39.1501,42.0611,44.992,47.7484,50.2008,52.2988,54.0592,55.5416,56.8207,57.9665,58.7885,59.3992,59.8669,60.2344,60.5293,60.7703,60.9701,61.1379,61.2805,61.4029,61.5088,61.6012,61.6824,61.7541,61.8173,61.8513
0,0,0,0,0,0,0,0,0,0,0,0,0,0,0,0,0,0,0,0,0,0,0.630921,1.3501,2.07362,2.80151,3.53379,4.27049,5.01164,5.75726,6.50739,7.26204,8.02125,8.78503,9.55343,10.3265,11.1042,11.8866,12.6737,13.4656,14.2622,15.0637,15.87,16.6811,17.4972,18.3182,19.1441,19.9751,20.811,21.652,22.4981,23.3492,24.2056,25.067,25.9337,26.8056,27.6828,28.5653,29.4531,30.4067,31.6676,33.3978,35.6357,38.2923,41.1858,44.0992,46.839,49.2768,51.3621,53.112,54.5855,55.8569,56.9958,58.0566,58.8342,59.422,59.8782,60.2399,60.5319,60.7715,60.9706,61.1382,61.2806,61.4029,61.5088,61.6012,61.6824,61.7541,61.8173,61.8513
0,0,0,0,0,0,0,0,0,0,0,0,0,0,0,0,0,0,0,0,0,0.00424386,0.719108,1.43829,2.16181,2.8897,3.62198,4.35868,5.09983,5.84545,6.59557,7.35023,8.10943,8.87322,9.64162,10.4147,11.1924,11.9748,12.7619,13.5538,14.3504,15.1519,15.9582,16.7693,17.5854,18.4064,19.2323,20.0633,20.8992,21.7402,22.5863,23.4374,24.2937,25.1552,26.0219,26.8938,27.771,28.6535,29.6014,30.8547,32.5745,34.799,37.4397,40.3158,43.2117,45.9351,48.3582,50.431,52.1704,53.6351,54.8989,56.031,57.0854,58.0993,58.8541,59.4312,59.8823,60.2417,60.5327,60.7718,60.9708,61.1382,61.2807,61.4029,61.5088,61.6012,61.6824,61.7541,61.8173,61.8513
0,0,0,0,0,0,0,0,0,0,0,0,0,0,0,0,0,0,0,0,0,0.0919017,0.806766,1.52595,2.24947,2.97735,3.70964,4.44634,5.18749,5.93311,6.68323,7.43788,8.19709,8.96088,9.72928,10.5023,11.28,12.0624,12.8495,13.6414,14.4381,15.2395,16.0458,16.857,17.6731,18.494,19.32,20.1509,20.9869,21.8278,22.6739,23.5251,24.3814,25.2429,26.1096,26.9815,27.8587,28.8009,30.0467,31.7562,33.9673,36.5922,39.4511,42.3295,45.0366,47.4452,49.5055,51.2345,52.6904,53.9466,55.0719,56.12,57.1278,58.1179,58.8621,59.4345,59.8836,60.2422,60.5329,60.7719,60.9708,61.1382,61.2807,61.4029,61.5088,61.6012,61.6824,61.7541,61.8173,61.8513
0,0,0,0,0,0,0,0,0,0,0,0,0,0,0,0,0,0,0,0,0,0.179034,0.893898,1.61308,2.3366,3.06449,3.79677,4.53347,5.27462,6.02024,6.77036,7.52502,8.28422,9.04801,9.81641,10.5894,11.3672,12.1496,12.9367,13.7285,14.5252,15.3267,16.133,16.9441,17.7602,18.5812,19.4071,20.238,21.074,21.915,22.761,23.6122,24.4685,25.33,26.1967,27.0686,28.0052,29.2435,30.9427,33.1406,35.7497,38.5915,41.4527,44.1435,46.5376,48.5856,50.3042,51.7513,53,54.1186,55.1604,56.1621,57.1463,58.1254,58.865,59.4356,59.8841,60.2424,60.533,60.7719,60.9708,61.1382,61.2807,61.4029,61.5088,61.6012,61.6824,61.7541,61.8173,61.8513
0,0,0,0,0,0,0,0,0,0,0,0,0,0,0,0,0,0,0,0,0,0.265643,0.980507,1.69969,2.42321,3.1511,3.88338,4.62008,5.36123,6.10685,6.85697,7.61162,8.37083,9.13462,9.90302,10.6761,11.4538,12.2362,13.0233,13.8152,14.6118,15.4133,16.2196,17.0307,17.8468,18.6678,19.4937,20.3247,21.1606,22.0016,22.8477,23.6988,24.5551,25.4166,26.2833,27.2143,28.4452,30.1342,32.3189,34.9123,37.737,40.581,43.2557,45.6355,47.6712,49.3795,50.8179,52.0591,53.171,54.2065,55.2023,56.1805,57.1538,58.1281,58.866,59.436,59.8842,60.2424,60.533,60.7719,60.9708,61.1382,61.2807,61.4029,61.5088,61.6012,61.6824,61.7541,61.8173,61.8513
0,0,0,0,0,0,0,0,0,0,0,0,0,0,0,0,0,0,0,0,0,0.351732,1.0666,1.78578,2.5093,3.23718,3.96947,4.70617,5.44732,6.19294,6.94306,7.69771,8.45692,9.22071,9.98911,10.7621,11.5399,12.3222,13.1094,13.9012,14.6979,15.4994,16.3057,17.1168,17.9329,18.7539,19.5798,20.4107,21.2467,22.0877,22.9337,23.7849,24.6412,25.5027,26.4281,27.6516,29.3305,31.5021,34.08,36.8877,39.7147,42.3733,44.7388,46.7623,48.4603,49.8901,51.1239,52.2291,53.2584,54.2482,55.2206,56.1879,57.1565,58.129,58.8663,59.4361,59.8842,60.2424,60.533,60.7719,60.9708,61.1382,61.2807,61.4029,61.5088,61.6012,61.6824,61.7541,61.8173,61.8513
0,0,0,0,0,0,0,0,0,0,0,0,0,0,0,0,0,0,0,0,0,0.437305,1.15217,1.87135,2.59487,3.32276,4.05504,4.79174,5.53289,6.27851,7.02864,7.78329,8.54249,9.30628,10.0747,10.8477,11.6254,12.4078,13.1949,13.9868,14.7835,15.5849,16.3912,17.2024,18.0185,18.8394,19.6654,20.4963,21.3323,22.1733,23.0193,23.8705,24.7268,25.6466,26.8628,28.5316,30.6902,33.2526,36.0435,38.8535,41.4962,43.8474,45.8588,47.5466,48.9679,50.1943,51.2928,52.316,53.2998,54.2664,55.2279,56.1906,57.1574,58.1293,58.8664,59.4361,59.8842,60.2424,60.533,60.7719,60.9708,61.1382,61.2807,61.4029,61.5088,61.6012,61.6824,61.7541,61.8173,61.8513
0,0,0,0,0,0,0,0,0,0,0,0,0,0,0,0,0,0,0,0,0,0.522364,1.23723,1.95641,2.67993,3.40782,4.1401,4.8768,5.61795,6.36357,7.1137,7.86835,8.62755,9.39134,10.1597,10.9328,11.7105,12.4929,13.28,14.0719,14.8685,15.67,16.4763,17.2875,18.1035,18.9245,19.7504,20.5814,21.4173,22.2583,23.1044,23.9556,24.8698,26.0787,27.7375,29.8831,32.4302,35.2043,37.9975,40.6243,42.9615,44.9608,46.6385,48.0512,49.2702,50.3621,51.3792,52.3571,53.3179,54.2737,55.2306,56.1915,57.1576,58.1294,58.8664,59.4361,59.8842,60.2424,60.533,60.7719,60.9708,61.1382,61.2807,61.4029,61.5088,61.6012,61.6824,61.7541,61.8173,61.8513
0,0,0,0,0,0,0,0,0,0,0,0,0,0,0,0,0,0,0,0,0,0.606913,1.32178,2.04096,2.76448,3.49237,4.22465,4.96135,5.7025,6.44812,7.19824,7.9529,8.7121,9.47589,10.2443,11.0173,11.795,12.5774,13.3646,14.1564,14.9531,15.7545,16.5608,17.372,18.1881,19.0091,19.835,20.6659,21.5019,22.3429,23.1889,24.0977,25.2994,26.9482,29.0809,31.6127,34.3702,37.1466,39.7577,42.0808,44.0681,45.7357,47.14,48.3517,49.4371,50.448,51.4201,52.3751,53.3251,54.2763,55.2315,56.1918,57.1577,58.1294,58.8664,59.4361,59.8842,60.2424,60.533,60.7719,60.9708,61.1382,61.2807,61.4029,61.5088,61.6012,61.6824,61.7541,61.8173,61.8513
0,0,0,0,0,0,0,0,0,0,0,0,0,0,0,0,0,0,0,0,0,0.690955,1.40582,2.125,2.84852,3.57641,4.30869,5.04539,5.78654,6.53216,7.28229,8.03694,8.79614,9.55993,10.3283,11.1014,11.8791,12.6615,13.4486,14.2405,15.0371,15.8386,16.6449,17.456,18.2721,19.0931,19.919,20.75,21.5859,22.4269,23.3303,24.5247,26.1636,28.2836,30.8001,33.5411,36.3008,38.8962,41.2054,43.1808,44.8384,46.2343,47.4387,48.5176,49.5224,50.4887,51.4379,52.3823,53.3278,54.2772,55.2318,56.1919,57.1577,58.1294,58.8664,59.4361,59.8842,60.2424,60.533,60.7719,60.9708,61.1382,61.2807,61.4029,61.5088,61.6012,61.6824,61.7541,61.8173,61.8513
0,0,0,0,0,0,0,0,0,0,0,0,0,0,0,0,0,0,0,0,0.0639176,0.774493,1.48936,2.20854,2.93206,3.65995,4.39223,5.12893,5.87008,6.6157,7.36582,8.12047,8.87968,9.64347,10.4119,11.1849,11.9626,12.745,13.5321,14.324,15.1207,15.9221,16.7284,17.5396,18.3556,19.1766,20.0026,20.8335,21.6694,22.5674,23.7546,25.3838,27.491,29.9924,32.717,35.4601,38.0399,40.3353,42.2988,43.9465,45.334,46.5312,47.6036,48.6024,49.5628,50.5064,51.4451,52.3849,53.3287,54.2775,55.2318,56.1919,57.1577,58.1294,58.8664,59.4361,59.8842,60.2424,60.533,60.7719,60.9708,61.1382,61.2807,61.4029,61.5088,61.6012,61.6824,61.7541,61.8173,61.8513
0,0,0,0,0,0,0,0,0,0,0,0,0,0,0,0,0,0,0,0,0.146954,0.857529,1.57239,2.29157,3.01509,3.74298,4.47526,5.21197,5.95311,6.69874,7.44886,8.20351,8.96272,9.72651,10.4949,11.2679,12.0456,12.828,13.6152,14.407,15.2037,16.0052,16.8115,17.6226,18.4387,19.2597,20.0856,20.9165,21.8091,22.9892,24.6086,26.7031,29.1896,31.8978,34.6245,37.1888,39.4704,41.4222,43.0599,44.4391,45.6291,46.695,47.6879,48.6426,49.5805,50.5135,51.4477,52.3858,53.3289,54.2776,55.2319,56.1919,57.1577,58.1294,58.8664,59.4361,59.8842,60.2424,60.533,60.7719,60.9708,61.1382,61.2807,61.4029,61.5088,61.6012,61.6824,61.7541,61.8173,61.8513
0,0,0,0,0,0,0,0,0,0,0,0,0,0,0,0,0,0,0,0,0.229492,0.940067,1.65493,2.37411,3.09763,3.82552,4.5578,5.2945,6.03565,6.78127,7.5314,8.28605,9.04526,9.80904,10.5774,11.3505,12.1282,12.9106,13.6977,14.4896,15.2862,16.0877,16.894,17.7052,18.5212,19.3422,20.1681,21.0553,22.2284,23.838,25.92,28.3916,31.0835,33.7938,36.3428,38.6107,40.5507,42.1787,43.5495,44.7324,45.792,46.7789,47.7278,48.6601,49.5876,50.5161,51.4486,52.3861,53.329,54.2776,55.2319,56.1919,57.1577,58.1294,58.8664,59.4361,59.8842,60.2424,60.533,60.7719,60.9708,61.1382,61.2807,61.4029,61.5088,61.6012,61.6824,61.7541,61.8173,61.8513
0,0,0,0,0,0,0,0,0,0,0,0,0,0,0,0,0,0,0,0,0.311535,1.02211,1.73697,2.45615,3.17967,3.90756,4.63984,5.37655,6.1177,6.86332,7.61344,8.36809,9.1273,9.89109,10.6595,11.4325,12.2102,12.9926,13.7797,14.5716,15.3683,16.1697,16.976,17.7872,18.6033,19.4242,20.3061,21.4721,23.0721,25.1416,27.5983,30.2741,32.9682,35.5018,37.7561,39.6845,41.3027,42.6654,43.8411,44.8943,45.8753,46.8186,47.7452,48.6671,49.5902,50.517,51.4489,52.3861,53.329,54.2776,55.2319,56.1919,57.1577,58.1294,58.8664,59.4361,59.8842,60.2424,60.533,60.7719,60.9708,61.1382,61.2807,61.4029,61.5088,61.6012,61.6824,61.7541,61.8173,61.8513
0,0,0,0,0,0,0,0,0,0,0,0,0,0,0,0,0,0,0,0,0.393085,1.10366,1.81853,2.5377,3.26123,3.98911,4.7214,5.4581,6.19925,6.94487,7.69499,8.44964,9.20885,9.97264,10.741,11.5141,12.2918,13.0742,13.8613,14.6532,15.4498,16.2513,17.0576,17.8687,18.6848,19.5614,20.7204,22.3108,24.3679,26.8098,29.4696,32.1475,34.6659,36.9067,38.8235,40.432,41.7865,42.9552,44.0021,44.9772,45.9147,46.8359,47.7522,48.6697,49.591,50.5173,51.4489,52.3861,53.329,54.2776,55.2319,56.1919,57.1577,58.1294,58.8664,59.4361,59.8842,60.2424,60.533,60.7719,60.9708,61.1382,61.2807,61.4029,61.5088,61.6012,61.6824,61.7541,61.8173,61.8513
0,0,0,0,0,0,0,0,0,0,0,0,0,0,0,0,0,0,0,0,0.474147,1.18472,1.89959,2.61877,3.34229,4.07017,4.80246,5.53916,6.28031,7.02593,7.77605,8.5307,9.28991,10.0537,10.8221,11.5951,12.3728,13.1552,13.9424,14.7342,15.5309,16.3323,17.1386,17.9498,18.8211,19.9732,21.554,23.5988,26.0261,28.6698,31.3317,33.8351,36.0624,37.9677,39.5665,40.9129,42.0746,43.1152,44.0844,45.0164,45.932,46.8428,47.7548,48.6706,49.5913,50.5173,51.4489,52.3862,53.329,54.2776,55.2319,56.1919,57.1577,58.1294,58.8664,59.4361,59.8842,60.2424,60.533,60.7719,60.9708,61.1382,61.2807,61.4029,61.5088,61.6012,61.6824,61.7541,61.8173,61.8513
0,0,0,0,0,0,0,0,0,0,0,0,0,0,0,0,0,0,0,0,0.554722,1.2653,1.98016,2.69934,3.42286,4.15075,4.88303,5.61973,6.36088,7.1065,7.85663,8.61128,9.37049,10.1343,10.9027,11.6757,12.4534,13.2358,14.0229,14.8148,15.6115,16.4129,17.2192,18.0853,19.2305,20.8018,22.8343,25.247,27.8749,30.5208,33.0092,35.2231,37.117,38.7062,40.0445,41.1992,42.2336,43.197,44.1234,45.0335,45.9389,46.8454,47.7557,48.6708,49.5913,50.5174,51.4489,52.3862,53.329,54.2776,55.2319,56.1919,57.1577,58.1294,58.8664,59.4361,59.8842,60.2424,60.533,60.7719,60.9708,61.1382,61.2807,61.4029,61.5088,61.6012,61.6824,61.7541,61.8173,61.8513
0,0,0,0,0,0,0,0,0,0,0,0,0,0,0,0,0,0,0,0,0.634813,1.34539,2.06025,2.77943,3.50295,4.23084,4.96312,5.69982,6.44097,7.1866,7.93672,8.69137,9.45058,10.2144,10.9828,11.7558,12.5335,13.3159,14.103,14.8949,15.6916,16.493,17.3539,18.4922,20.0541,22.0744,24.4727,27.0848,29.7148,32.1882,34.3889,36.2714,37.8511,39.1813,40.3291,41.3573,42.3149,43.2357,44.1404,45.0404,45.9414,46.8462,47.7559,48.6709,49.5914,50.5174,51.4489,52.3862,53.329,54.2776,55.2319,56.1919,57.1577,58.1294,58.8664,59.4361,59.8842,60.2424,60.533,60.7719,60.9708,61.1382,61.2807,61.4029,61.5088,61.6012,61.6824,61.7541,61.8173,61.8513
0,0,0,0,0,0,0,0,0,0,0,0,0,0,0,0,0,0,0,0.00811237,0.714424,1.425,2.13986,2.85904,3.58256,4.31045,5.04273,5.77944,6.52058,7.26621,8.01633,8.77098,9.53019,10.294,11.0624,11.8354,12.6131,13.3955,14.1826,14.9745,15.7712,16.6269,17.7583,19.3109,21.319,23.7029,26.2994,28.9136,31.3722,33.5597,35.4309,37.0011,38.3234,39.4643,40.4863,41.4382,42.3534,43.2527,44.1472,45.0429,45.9423,46.8465,47.756,48.6709,49.5914,50.5174,51.4489,52.3862,53.329,54.2776,55.2319,56.1919,57.1577,58.1294,58.8664,59.4361,59.8842,60.2424,60.533,60.7719,60.9708,61.1382,61.2807,61.4029,61.5088,61.6012,61.6824,61.7541,61.8173,61.8513
0,0,0,0,0,0,0,0,0,0,0,0,0,0,0,0,0,0,0,0.0872457,0.793557,1.50413,2.219,2.93818,3.6617,4.38959,5.12187,5.85857,6.59972,7.34534,8.09546,8.85011,9.60932,10.3731,11.1415,11.9145,12.6923,13.4746,14.2618,15.0536,15.9042,17.0289,18.5721,20.5682,22.9378,25.5187,28.1173,30.5611,32.7354,34.5954,36.1562,37.4705,38.6046,39.6205,40.5666,41.4764,42.3703,43.2595,44.1497,45.0437,45.9425,46.8466,47.756,48.6709,49.5914,50.5174,51.4489,52.3862,53.329,54.2776,55.2319,56.1919,57.1577,58.1294,58.8664,59.4361,59.8842,60.2424,60.533,60.7719,60.9708,61.1382,61.2807,61.4029,61.5088,61.6012,61.6824,61.7541,61.8173,61.8513
0,0,0,0,0,0,0,0,0,0,0,0,0,0,0,0,0,0,0,0.165904,0.872216,1.58279,2.29766,3.01684,3.74036,4.46824,5.20053,5.93723,6.67838,7.424,8.17412,8.92877,9.68798,10.4518,11.2202,11.9932,12.7709,13.5533,14.3404,15.1859,16.3038,17.8378,19.8219,22.1773,24.7427,27.3257,29.7548,31.9161,33.7649,35.3164,36.6228,37.7501,38.7598,39.7003,40.6047,41.4931,42.377,43.2619,44.1506,45.044,45.9426,46.8466,47.756,48.6709,49.5914,50.5174,51.4489,52.3862,53.329,54.2776,55.2319,56.1919,57.1577,58.1294,58.8664,59.4361,59.8842,60.2424,60.533,60.7719,60.9708,61.1382,61.2807,61.4029,61.5088,61.6012,61.6824,61.7541,61.8173,61.8513
0,0,0,0,0,0,0,0,0,0,0,0,0,0,0,0,0,0,0,0.244091,0.950402,1.66098,2.37584,3.09502,3.81854,4.54643,5.27871,6.01541,6.75656,7.50219,8.25231,9.00696,9.76617,10.53,11.2984,12.0714,12.8491,13.6315,14.4719,15.5831,17.1079,19.0801,21.4214,23.9714,26.5388,28.9534,31.1017,32.9395,34.4816,35.7802,36.9007,37.9044,38.8392,39.7382,40.6213,41.4999,42.3795,43.2628,44.1508,45.044,45.9426,46.8466,47.756,48.6709,49.5914,50.5174,51.4489,52.3862,53.329,54.2776,55.2319,56.1919,57.1577,58.1294,58.8664,59.4361,59.8842,60.2424,60.533,60.7719,60.9708,61.1382,61.2807,61.4029,61.5088,61.6012,61.6824,61.7541,61.8173,61.8513
0,0,0,0,0,0,0,0,0,0,0,0,0,0,0,0,0,0,0,0.321808,1.02812,1.7387,2.45356,3.17274,3.89626,4.62415,5.35643,6.09313,6.83428,7.5799,8.33003,9.08468,9.84388,10.6077,11.3761,12.1491,12.9268,13.7622,14.8667,16.3823,18.3427,20.6699,23.2046,25.7567,28.1568,30.2922,32.1189,33.6518,34.9426,36.0564,37.0541,37.9833,38.8768,39.7547,40.628,41.5023,42.3803,43.263,44.1509,45.0441,45.9426,46.8466,47.756,48.6709,49.5914,50.5174,51.4489,52.3862,53.329,54.2776,55.2319,56.1919,57.1577,58.1294,58.8664,59.4361,59.8842,60.2424,60.533,60.7719,60.9708,61.1382,61.2807,61.4029,61.5088,61.6012,61.6824,61.7541,61.8173,61.8513
0,0,0,0,0,0,0,0,0,0,0,0,0,0,0,0,0,0,0,0.399059,1.10537,1.81595,2.53081,3.24999,3.97351,4.7014,5.43368,6.17038,6.91153,7.65715,8.40728,9.16193,9.92113,10.6849,11.4533,12.2264,13.0567,14.1546,15.6612,17.6098,19.923,22.4425,24.9793,27.3649,29.4876,31.3033,32.827,34.1101,35.2172,36.2089,37.1325,38.0207,38.8933,39.7613,40.6304,41.5031,42.3805,43.2631,44.1509,45.0441,45.9426,46.8466,47.756,48.6709,49.5914,50.5174,51.4489,52.3862,53.329,54.2776,55.2319,56.1919,57.1577,58.1294,58.8664,59.4361,59.8842,60.2424,60.533,60.7719,60.9708,61.1382,61.2807,61.4029,61.5088,61.6012,61.6824,61.7541,61.8173,61.8513
0,0,0,0,0,0,0,0,0,0,0,0,0,0,0,0,0,0,0,0.475847,1.18216,1.89273,2.6076,3.32678,4.0503,4.77819,5.51047,6.24717,6.98832,7.73394,8.48406,9.23872,9.99792,10.7617,11.5301,12.3555,13.4468,14.9443,16.8812,19.1806,21.685,24.2065,26.5779,28.6877,30.4926,32.0072,33.2825,34.383,35.3687,36.2868,37.1697,38.037,38.8998,39.7637,40.6312,41.5034,42.3806,43.2631,44.1509,45.0441,45.9426,46.8466,47.756,48.6709,49.5914,50.5174,51.4489,52.3862,53.329,54.2776,55.2319,56.1919,57.1577,58.1294,58.8664,59.4361,59.8842,60.2424,60.533,60.7719,60.9708,61.1382,61.2807,61.4029,61.5088,61.6012,61.6824,61.7541,61.8173,61.8513
0,0,0,0,0,0,0,0,0,0,0,0,0,0,0,0,0,0,0,0.552174,1.25849,1.96906,2.68393,3.4031,4.12663,4.85451,5.5868,6.3235,7.06465,7.81027,8.56039,9.31504,10.0742,10.838,11.6585,12.7432,14.2317,16.1571,18.4426,20.932,23.4384,25.7955,27.8927,29.6868,31.1922,32.4599,33.5538,34.5336,35.4462,36.3238,37.1859,38.0436,38.9023,39.7645,40.6315,41.5034,42.3806,43.2631,44.1509,45.0441,45.9426,46.8466,47.756,48.6709,49.5914,50.5174,51.4489,52.3862,53.329,54.2776,55.2319,56.1919,57.1577,58.1294,58.8664,59.4361,59.8842,60.2424,60.533,60.7719,60.9708,61.1382,61.2807,61.4029,61.5088,61.6012,61.6824,61.7541,61.8173,61.8513
0,0,0,0,0,0,0,0,0,0,0,0,0,0,0,0,0,0,0,0.628043,1.33435,2.04493,2.75979,3.47897,4.20249,4.93038,5.66266,6.39937,7.14051,7.88614,8.63626,9.39091,10.1501,10.9656,12.0439,13.5235,15.4372,17.7091,20.1835,22.6748,25.0178,27.1025,28.8858,30.3822,31.6423,32.7296,33.7035,34.6107,35.4829,36.3399,37.1924,38.046,38.9031,39.7648,40.6315,41.5035,42.3806,43.2631,44.1509,45.0441,45.9426,46.8466,47.756,48.6709,49.5914,50.5174,51.4489,52.3862,53.329,54.2776,55.2319,56.1919,57.1577,58.1294,58.8664,59.4361,59.8842,60.2424,60.533,60.7719,60.9708,61.1382,61.2807,61.4029,61.5088,61.6012,61.6824,61.7541,61.8173,61.8513
0,0,0,0,0,0,0,0,0,0,0,0,0,0,0,0,0,0,0.00138234,0.703456,1.40977,2.12034,2.83521,3.55439,4.27791,5.0058,5.73808,6.47478,7.21593,7.96155,8.71167,9.46633,10.2769,11.3487,12.8194,14.7217,16.9799,19.4395,21.9159,24.2448,26.317,28.0896,29.577,30.8295,31.9103,32.8784,33.7801,34.6471,35.499,36.3464,37.1948,38.0468,38.9033,39.7648,40.6315,41.5035,42.3806,43.2631,44.1509,45.0441,45.9426,46.8466,47.756,48.6709,49.5914,50.5174,51.4489,52.3862,53.329,54.2776,55.2319,56.1919,57.1577,58.1294,58.8664,59.4361,59.8842,60.2424,60.533,60.7719,60.9708,61.1382,61.2807,61.4029,61.5088,61.6012,61.6824,61.7541,61.8173,61.8513
0,0,0,0,0,0,0,0,0,0,0,0,0,0,0,0,0,0,0.0763436,0.778418,1.48473,2.1953,2.91017,3.62935,4.35287,5.08076,5.81304,6.54974,7.29089,8.03651,8.78664,9.59238,10.6578,12.1196,14.0105,16.2552,18.7,21.1615,23.4765,25.5362,27.2981,28.7766,30.0216,31.0959,32.0582,32.9545,33.8164,34.6631,35.5054,36.3487,37.1956,38.047,38.9034,39.7649,40.6315,41.5035,42.3806,43.2631,44.1509,45.0441,45.9426,46.8466,47.756,48.6709,49.5914,50.5174,51.4489,52.3862,53.329,54.2776,55.2319,56.1919,57.1577,58.1294,58.8664,59.4361,59.8842,60.2424,60.533,60.7719,60.9708,61.1382,61.2807,61.4029,61.5088,61.6012,61.6824,61.7541,61.8173,61.8513
0,0,0,0,0,0,0,0,0,0,0,0,0,0,0,0,0,0,0.150855,0.852929,1.55924,2.26982,2.98468,3.70386,4.42738,5.15527,5.88755,6.62425,7.3654,8.11102,8.91194,9.97091,11.424,13.3035,15.5347,17.9649,20.4116,22.7127,24.7601,26.5114,27.9811,29.2186,30.2865,31.243,32.1339,32.9906,33.8322,34.6695,35.5077,36.3495,37.1958,38.0471,38.9034,39.7649,40.6315,41.5035,42.3806,43.2631,44.1509,45.0441,45.9426,46.8466,47.756,48.6709,49.5914,50.5174,51.4489,52.3862,53.329,54.2776,55.2319,56.1919,57.1577,58.1294,58.8664,59.4361,59.8842,60.2424,60.533,60.7719,60.9708,61.1382,61.2807,61.4029,61.5088,61.6012,61.6824,61.7541,61.8173,61.8513
0,0,0,0,0,0,0,0,0,0,0,0,0,0,0,0,0,0,0.224919,0.926993,1.63331,2.34388,3.05874,3.77792,4.50145,5.22933,5.96161,6.69832,7.43947,8.23557,9.2882,10.7326,12.6008,14.8186,17.2342,19.6663,21.9535,23.9886,25.7295,27.1903,28.4204,29.4819,30.4326,31.3182,32.1697,33.0063,33.8386,34.6718,35.5085,36.3497,37.1959,38.0471,38.9034,39.7649,40.6315,41.5035,42.3806,43.2631,44.1509,45.0441,45.9426,46.8466,47.756,48.6709,49.5914,50.5174,51.4489,52.3862,53.329,54.2776,55.2319,56.1919,57.1577,58.1294,58.8664,59.4361,59.8842,60.2424,60.533,60.7719,60.9708,61.1382,61.2807,61.4029,61.5088,61.6012,61.6824,61.7541,61.8173,61.8513
0,0,0,0,0,0,0,0,0,0,0,0,0,0,0,0,0,0,0.298539,1.00061,1.70693,2.4175,3.13236,3.85154,4.57507,5.30295,6.03523,6.77194,7.56327,8.60958,10.0453,11.9023,14.1068,16.5079,18.9254,21.1989,23.2218,24.9522,26.4043,27.627,28.6821,29.6272,30.5074,31.3538,32.1854,33.0126,33.8409,34.6726,35.5088,36.3498,37.1959,38.0471,38.9034,39.7649,40.6315,41.5035,42.3806,43.2631,44.1509,45.0441,45.9426,46.8466,47.756,48.6709,49.5914,50.5174,51.4489,52.3862,53.329,54.2776,55.2319,56.1919,57.1577,58.1294,58.8664,59.4361,59.8842,60.2424,60.533,60.7719,60.9708,61.1382,61.2807,61.4029,61.5088,61.6012,61.6824,61.7541,61.8173,61.8513
0,0,0,0,0,0,0,0,0,0,0,0,0,0,0,0,0,0,0.371718,1.07379,1.7801,2.49068,3.20554,3.92472,4.64824,5.37613,6.10841,6.895,7.93503,9.36212,11.208,13.3993,15.7859,18.1889,20.4489,22.4596,24.1796,25.623,26.8384,27.8871,28.8265,29.7015,30.5428,31.3694,32.1917,33.0149,33.8417,34.6728,35.5088,36.3498,37.1959,38.0471,38.9034,39.7649,40.6315,41.5035,42.3806,43.2631,44.1509,45.0441,45.9426,46.8466,47.756,48.6709,49.5914,50.5174,51.4489,52.3862,53.329,54.2776,55.2319,56.1919,57.1577,58.1294,58.8664,59.4361,59.8842,60.2424,60.533,60.7719,60.9708,61.1382,61.2807,61.4029,61.5088,61.6012,61.6824,61.7541,61.8173,61.8513
0,0,0,0,0,0,0,0,0,0,0,0,0,0,0,0,0,0,0.444457,1.14653,1.85284,2.56342,3.27828,3.99746,4.72098,5.44887,6.23073,7.26452,8.68306,10.5179,12.696,15.0683,17.4569,19.7033,21.7019,23.4116,24.8463,26.0544,27.0969,28.0307,28.9004,29.7367,30.5583,31.3756,32.194,33.0157,33.8419,34.6729,35.5088,36.3498,37.1959,38.0471,38.9034,39.7649,40.6315,41.5035,42.3806,43.2631,44.1509,45.0441,45.9426,46.8466,47.756,48.6709,49.5914,50.5174,51.4489,52.3862,53.329,54.2776,55.2319,56.1919,57.1577,58.1294,58.8664,59.4361,59.8842,60.2424,60.533,60.7719,60.9708,61.1382,61.2807,61.4029,61.5088,61.6012,61.6824,61.7541,61.8173,61.8513
0,0,0,0,0,0,0,0,0,0,0,0,0,0,0,0,0,0,0.51676,1.21883,1.92515,2.63572,3.35059,4.06976,4.79329,5.57046,6.59805,8.00807,9.83187,11.9969,14.355,16.7293,18.9622,20.9488,22.6483,24.0744,25.2752,26.3114,27.2396,28.1041,28.9353,29.752,30.5645,31.3779,32.1947,33.0159,33.8419,34.6729,35.5088,36.3498,37.1959,38.0471,38.9034,39.7649,40.6315,41.5035,42.3806,43.2631,44.1509,45.0441,45.9426,46.8466,47.756,48.6709,49.5914,50.5174,51.4489,52.3862,53.329,54.2776,55.2319,56.1919,57.1577,58.1294,58.8664,59.4361,59.8842,60.2424,60.533,60.7719,60.9708,61.1382,61.2807,61.4029,61.5088,61.6012,61.6824,61.7541,61.8173,61.8513
0,0,0,0,0,0,0,0,0,0,0,0,0,0,0,0,0,0,0.588629,1.2907,1.99701,2.70759,3.42245,4.14163,4.91414,5.93557,7.33713,9.14999,11.3021,13.646,16.006,18.2255,20.2002,21.8895,23.307,24.5007,25.5306,26.4532,27.3126,28.1388,28.9506,29.7582,30.5667,31.3787,32.195,33.016,33.842,34.6729,35.5088,36.3498,37.1959,38.0471,38.9034,39.7649,40.6315,41.5035,42.3806,43.2631,44.1509,45.0441,45.9426,46.8466,47.756,48.6709,49.5914,50.5174,51.4489,52.3862,53.329,54.2776,55.2319,56.1919,57.1577,58.1294,58.8664,59.4361,59.8842,60.2424,60.533,60.7719,60.9708,61.1382,61.2807,61.4029,61.5088,61.6012,61.6824,61.7541,61.8173,61.8513
0,0,0,0,0,0,0,0,0,0,0,0,0,0,0,0,0,0,0.660066,1.36214,2.06845,2.77903,3.49389,4.26177,5.27706,6.67021,8.4722,10.6114,12.9412,15.2871,17.4932,19.4561,21.1353,22.5443,23.7308,24.7546,25.6716,26.5258,27.3471,28.154,28.9568,29.7605,30.5675,31.3789,32.195,33.016,33.842,34.6729,35.5088,36.3498,37.1959,38.0471,38.9034,39.7649,40.6315,41.5035,42.3806,43.2631,44.1509,45.0441,45.9426,46.8466,47.756,48.6709,49.5914,50.5174,51.4489,52.3862,53.329,54.2776,55.2319,56.1919,57.1577,58.1294,58.8664,59.4361,59.8842,60.2424,60.533,60.7719,60.9708,61.1382,61.2807,61.4029,61.5088,61.6012,61.6824,61.7541,61.8173,61.8513
0,0,0,0,0,0,0,0,0,0,0,0,0,0,0,0,0,0.033214,0.731075,1.43315,2.13946,2.85004,3.6133,4.62251,6.0073,7.79847,9.9248,12.2407,14.5725,16.7654,18.7165,20.3856,21.7861,22.9655,23.9832,24.8947,25.7438,26.5601,27.3622,28.1601,28.959,29.7612,30.5677,31.379,32.195,33.016,33.842,34.6729,35.5088,36.3498,37.1959,38.0471,38.9034,39.7649,40.6315,41.5035,42.3806,43.2631,44.1509,45.0441,45.9426,46.8466,47.756,48.6709,49.5914,50.5174,51.4489,52.3862,53.329,54.2776,55.2319,56.1919,57.1577,58.1294,58.8664,59.4361,59.8842,60.2424,60.533,60.7719,60.9708,61.1382,61.2807,61.4029,61.5088,61.6012,61.6824,61.7541,61.8173,61.8513
0,0,0,0,0,0,0,0,0,0,0,0,0,0,0,0,0,0.103797,0.801659,1.50373,2.21004,2.96873,3.97188,5.34836,7.12879,9.24236,11.5444,13.8621,16.0419,17.9813,19.6404,21.0325,22.2048,23.2164,24.1225,24.9664,25.7779,26.5751,27.3683,28.1624,28.9597,29.7614,30.5678,31.379,32.195,33.016,33.842,34.6729,35.5088,36.3498,37.1959,38.0471,38.9034,39.7649,40.6315,41.5035,42.3806,43.2631,44.1509,45.0441,45.9426,46.8466,47.756,48.6709,49.5914,50.5174,51.4489,52.3862,53.329,54.2776,55.2319,56.1919,57.1577,58.1294,58.8664,59.4361,59.8842,60.2424,60.533,60.7719,60.9708,61.1382,61.2807,61.4029,61.5088,61.6012,61.6824,61.7541,61.8173,61.8513
0,0,0,0,0,0,0,0,0,0,0,0,0,0,0,0,0,0.173957,0.871818,1.57389,2.32803,3.32516,4.69338,6.46313,8.56401,10.8522,13.1561,15.3228,17.2505,18.8996,20.2834,21.4487,22.4542,23.3548,24.1937,25.0003,25.7928,26.5812,27.3705,28.1631,28.96,29.7615,30.5678,31.379,32.195,33.016,33.842,34.6729,35.5088,36.3498,37.1959,38.0471,38.9034,39.7649,40.6315,41.5035,42.3806,43.2631,44.1509,45.0441,45.9426,46.8466,47.756,48.6709,49.5914,50.5174,51.4489,52.3862,53.329,54.2776,55.2319,56.1919,57.1577,58.1294,58.8664,59.4361,59.8842,60.2424,60.533,60.7719,60.9708,61.1382,61.2807,61.4029,61.5088,61.6012,61.6824,61.7541,61.8173,61.8513
0,0,0,0,0,0,0,0,0,0,0,0,0,0,0,0,0,0.243695,0.941557,1.69117,2.68231,4.04233,5.80145,7.88974,10.1642,12.4543,14.6079,16.5241,18.1633,19.5388,20.6971,21.6966,22.5918,23.4257,24.2274,25.0152,25.7988,26.5834,27.3712,28.1633,28.96,29.7615,30.5678,31.379,32.195,33.016,33.842,34.6729,35.5088,36.3498,37.1959,38.0471,38.9034,39.7649,40.6315,41.5035,42.3806,43.2631,44.1509,45.0441,45.9426,46.8466,47.756,48.6709,49.5914,50.5174,51.4489,52.3862,53.329,54.2776,55.2319,56.1919,57.1577,58.1294,58.8664,59.4361,59.8842,60.2424,60.533,60.7719,60.9708,61.1382,61.2807,61.4029,61.5088,61.6012,61.6824,61.7541,61.8173,61.8513
0,0,0,0,0,0,0,0,0,0,0,0,0,0,0,0,0,0.313015,1.05813,2.04333,3.39518,5.14375,7.21951,9.48033,11.7566,13.8974,15.8021,17.4315,18.7987,19.95,20.9435,21.8334,22.6622,23.4592,24.2422,25.0211,25.801,26.5841,27.3714,28.1634,28.96,29.7615,30.5678,31.379,32.195,33.016,33.842,34.6729,35.5088,36.3498,37.1959,38.0471,38.9034,39.7649,40.6315,41.5035,42.3806,43.2631,44.1509,45.0441,45.9426,46.8466,47.756,48.6709,49.5914,50.5174,51.4489,52.3862,53.329,54.2776,55.2319,56.1919,57.1577,58.1294,58.8664,59.4361,59.8842,60.2424,60.533,60.7719,60.9708,61.1382,61.2807,61.4029,61.5088,61.6012,61.6824,61.7541,61.8173,61.8513
0,0,0,0,0,0,0,0,0,0,0,0,0,0,0,0,0,0.428888,1.40817,2.75192,4.49,6.5533,8.80056,11.0632,13.1911,15.0844,16.704,18.063,19.2074,20.1949,21.0795,21.9033,22.6955,23.4738,24.2481,25.0233,25.8017,26.5843,27.3715,28.1634,28.96,29.7615,30.5678,31.379,32.195,33.016,33.842,34.6729,35.5088,36.3498,37.1959,38.0471,38.9034,39.7649,40.6315,41.5035,42.3806,43.2631,44.1509,45.0441,45.9426,46.8466,47.756,48.6709,49.5914,50.5174,51.4489,52.3862,53.329,54.2776,55.2319,56.1919,57.1577,58.1294,58.8664,59.4361,59.8842,60.2424,60.533,60.7719,60.9708,61.1382,61.2807,61.4029,61.5088,61.6012,61.6824,61.7541,61.8173,61.8513
0,0,0,0,0,0,0,0,0,0,0,0,0,0,0,0,0,0.776833,2.11252,3.84017,5.89109,8.12486,10.3739,12.4891,14.371,15.9809,17.3318,18.4693,19.4509,20.3301,21.149,21.9365,22.7101,23.4797,24.2502,25.024,25.8019,26.5844,27.3715,28.1634,28.96,29.7615,30.5678,31.379,32.195,33.016,33.842,34.6729,35.5088,36.3498,37.1959,38.0471,38.9034,39.7649,40.6315,41.5035,42.3806,43.2631,44.1509,45.0441,45.9426,46.8466,47.756,48.6709,49.5914,50.5174,51.4489,52.3862,53.329,54.2776,55.2319,56.1919,57.1577,58.1294,58.8664,59.4361,59.8842,60.2424,60.533,60.7719,60.9708,61.1382,61.2807,61.4029,61.5088,61.6012,61.6824,61.7541,61.8173,61.8513
0,0,0,0,0,0,0,0,0,0,0,0,0,0,0,0,0.14928,1.47695,3.19423,5.23285,7.45322,9.6888,11.7913,13.6619,15.2621,16.6049,17.7356,18.7113,19.5852,20.3992,21.182,21.9509,22.7159,23.4819,24.251,25.0242,25.802,26.5844,27.3715,28.1634,28.96,29.7615,30.5678,31.379,32.195,33.016,33.842,34.6729,35.5088,36.3498,37.1959,38.0471,38.9034,39.7649,40.6315,41.5035,42.3806,43.2631,44.1509,45.0441,45.9426,46.8466,47.756,48.6709,49.5914,50.5174,51.4489,52.3862,53.329,54.2776,55.2319,56.1919,57.1577,58.1294,58.8664,59.4361,59.8842,60.2424,60.533,60.7719,60.9708,61.1382,61.2807,61.4029,61.5088,61.6012,61.6824,61.7541,61.8173,61.8513
0,0,0,0,0,0,0,0,0,0,0,0,0,0,0,0,0.845195,2.55218,4.57856,6.78561,9.00778,11.0976,12.957,14.5476,15.8824,17.0063,17.9761,18.8448,19.654,20.432,21.1963,21.9567,22.7181,23.4826,24.2512,25.0243,25.802,26.5844,27.3715,28.1634,28.96,29.7615,30.5678,31.379,32.195,33.016,33.842,34.6729,35.5088,36.3498,37.1959,38.0471,38.9034,39.7649,40.6315,41.5035,42.3806,43.2631,44.1509,45.0441,45.9426,46.8466,47.756,48.6709,49.5914,50.5174,51.4489,52.3862,53.329,54.2776,55.2319,56.1919,57.1577,58.1294,58.8664,59.4361,59.8842,60.2424,60.533,60.7719,60.9708,61.1382,61.2807,61.4029,61.5088,61.6012,61.6824,61.7541,61.8173,61.8513
0,0,0,0,0,0,0,0,0,0,0,0,0,0,0,0.217232,1.91397,3.9282,6.12201,8.33084,10.4081,12.2564,13.8374,15.1642,16.2814,17.2454,18.1089,18.9131,19.6865,20.4463,21.2021,21.9589,22.7188,23.4828,24.2512,25.0243,25.802,26.5844,27.3715,28.1634,28.96,29.7615,30.5678,31.379,32.195,33.016,33.842,34.6729,35.5088,36.3498,37.1959,38.0471,38.9034,39.7649,40.6315,41.5035,42.3806,43.2631,44.1509,45.0441,45.9426,46.8466,47.756,48.6709,49.5914,50.5174,51.4489,52.3862,53.329,54.2776,55.2319,56.1919,57.1577,58.1294,58.8664,59.4361,59.8842,60.2424,60.533,60.7719,60.9708,61.1382,61.2807,61.4029,61.5088,61.6012,61.6824,61.7541,61.8173,61.8513
0,0,0,0,0,0,0,0,0,0,0,0,0,0,0,1.2796,3.28174,5.46238,7.65796,9.7228,11.56,13.1315,14.4503,15.5608,16.519,17.3773,18.1768,18.9455,19.7007,20.452,21.2042,21.9596,22.719,23.4828,24.2513,25.0243,25.802,26.5844,27.3715,28.1634,28.96,29.7615,30.5678,31.379,32.195,33.016,33.842,34.6729,35.5088,36.3498,37.1959,38.0471,38.9034,39.7649,40.6315,41.5035,42.3806,43.2631,44.1509,45.0441,45.9426,46.8466,47.756,48.6709,49.5914,50.5174,51.4489,52.3862,53.329,54.2776,55.2319,56.1919,57.1577,58.1294,58.8664,59.4361,59.8842,60.2424,60.533,60.7719,60.9708,61.1382,61.2807,61.4029,61.5088,61.6012,61.6824,61.7541,61.8173,61.8513
0,0,0,0,0,0,0,0,0,0,0,0,0,0,0.649027,2.63915,4.80672,6.98912,9.04157,10.8677,12.4298,13.7407,14.8445,15.797,16.6502,17.4448,18.2089,18.9596,19.7064,20.4541,21.2049,21.9598,22.7191,23.4829,24.2513,25.0243,25.802,26.5844,27.3715,28.1634,28.96,29.7615,30.5678,31.379,32.195,33.016,33.842,34.6729,35.5088,36.3498,37.1959,38.0471,38.9034,39.7649,40.6315,41.5035,42.3806,43.2631,44.1509,45.0441,45.9426,46.8466,47.756,48.6709,49.5914,50.5174,51.4489,52.3862,53.329,54.2776,55.2319,56.1919,57.1577,58.1294,58.8664,59.4361,59.8842,60.2424,60.533,60.7719,60.9708,61.1382,61.2807,61.4029,61.5088,61.6012,61.6824,61.7541,61.8173,61.8513
0,0,0,0,0,0,0,0,0,0,0,0,0,0.0222404,2.00043,4.15498,6.32429,8.36443,10.1796,11.7324,13.0354,14.1326,15.0793,15.9274,16.7173,17.4768,18.223,18.9653,19.7085,20.4548,21.2051,21.9598,22.7191,23.4829,24.2513,25.0243,25.802,26.5844,27.3715,28.1634,28.96,29.7615,30.5678,31.379,32.195,33.016,33.842,34.6729,35.5088,36.3498,37.1959,38.0471,38.9034,39.7649,40.6315,41.5035,42.3806,43.2631,44.1509,45.0441,45.9426,46.8466,47.756,48.6709,49.5914,50.5174,51.4489,52.3862,53.329,54.2776,55.2319,56.1919,57.1577,58.1294,58.8664,59.4361,59.8842,60.2424,60.533,60.7719,60.9708,61.1382,61.2807,61.4029,61.5088,61.6012,61.6824,61.7541,61.8173,61.8513
0,0,0,0,0,0,0,0,0,0,0,0,0,1.36553,3.50716,5.66346,7.69135,9.49564,11.0391,12.3343,13.4249,14.366,15.2089,15.9941,16.749,17.4907,18.2286,18.9674,19.7092,20.455,21.2052,21.9599,22.7191,23.4829,24.2513,25.0243,25.802,26.5844,27.3715,28.1634,28.96,29.7615,30.5678,31.379,32.195,33.016,33.842,34.6729,35.5088,36.3498,37.1959,38.0471,38.9034,39.7649,40.6315,41.5035,42.3806,43.2631,44.1509,45.0441,45.9426,46.8466,47.756,48.6709,49.5914,50.5174,51.4489,52.3862,53.329,54.2776,55.2319,56.1919,57.1577,58.1294,58.8664,59.4361,59.8842,60.2424,60.533,60.7719,60.9708,61.1382,61.2807,61.4029,61.5088,61.6012,61.6824,61.7541,61.8173,61.8513
0,0,0,0,0,0,0,0,0,0,0,0,0.734446,2.86323,5.00658,7.02231,8.81577,10.35,11.6374,12.7214,13.6569,14.4948,15.2752,16.0256,16.7629,17.4963,18.2307,18.968,19.7094,20.4551,21.2052,21.9599,22.7191,23.4829,24.2513,25.0243,25.802,26.5844,27.3715,28.1634,28.96,29.7615,30.5678,31.379,32.195,33.016,33.842,34.6729,35.5088,36.3498,37.1959,38.0471,38.9034,39.7649,40.6315,41.5035,42.3806,43.2631,44.1509,45.0441,45.9426,46.8466,47.756,48.6709,49.5914,50.5174,51.4489,52.3862,53.329,54.2776,55.2319,56.1919,57.1577,58.1294,58.8664,59.4361,59.8842,60.2424,60.533,60.7719,60.9708,61.1382,61.2807,61.4029,61.5088,61.6012,61.6824,61.7541,61.8173,61.8513
0,0,0,0,0,0,0,0,0,0,0,0.107148,2.22315,4.35365,6.35728,8.13998,9.66497,10.9446,12.0222,12.952,13.7849,14.5607,15.3066,16.0394,16.7685,17.4984,18.2313,18.9682,19.7094,20.4551,21.2052,21.9599,22.7191,23.4829,24.2513,25.0243,25.802,26.5844,27.3715,28.1634,28.96,29.7615,30.5678,31.379,32.195,33.016,33.842,34.6729,35.5088,36.3498,37.1959,38.0471,38.9034,39.7649,40.6315,41.5035,42.3806,43.2631,44.1509,45.0441,45.9426,46.8466,47.756,48.6709,49.5914,50.5174,51.4489,52.3862,53.329,54.2776,55.2319,56.1919,57.1577,58.1294,58.8664,59.4361,59.8842,60.2424,60.533,60.7719,60.9708,61.1382,61.2807,61.4029,61.5088,61.6012,61.6824,61.7541,61.8173,61.8513
0,0,0,0,0,0,0,0,0,0,0,1.58692,3.70464,5.69625,7.46825,8.98409,10.2561,11.3272,12.2514,13.0793,13.8504,14.5919,15.3203,16.045,16.7705,17.4991,18.2315,18.9683,19.7095,20.4551,21.2052,21.9599,22.7191,23.4829,24.2513,25.0243,25.802,26.5844,27.3715,28.1634,28.96,29.7615,30.5678,31.379,32.195,33.016,33.842,34.6729,35.5088,36.3498,37.1959,38.0471,38.9034,39.7649,40.6315,41.5035,42.3806,43.2631,44.1509,45.0441,45.9426,46.8466,47.756,48.6709,49.5914,50.5174,51.4489,52.3862,53.329,54.2776,55.2319,56.1919,57.1577,58.1294,58.8664,59.4361,59.8842,60.2424,60.533,60.7719,60.9708,61.1382,61.2807,61.4029,61.5088,61.6012,61.6824,61.7541,61.8173,61.8513
0,0,0,0,0,0,0,0,0,0,0.95451,3.05952,5.03918,6.80055,8.30729,9.57166,10.6363,11.555,12.3779,13.1444,13.8814,14.6055,15.3258,16.047,16.7712,17.4993,18.2316,18.9683,19.7095,20.4551,21.2052,21.9599,22.7191,23.4829,24.2513,25.0243,25.802,26.5844,27.3715,28.1634,28.96,29.7615,30.5678,31.379,32.195,33.016,33.842,34.6729,35.5088,36.3498,37.1959,38.0471,38.9034,39.7649,40.6315,41.5035,42.3806,43.2631,44.1509,45.0441,45.9426,46.8466,47.756,48.6709,49.5914,50.5174,51.4489,52.3862,53.329,54.2776,55.2319,56.1919,57.1577,58.1294,58.8664,59.4361,59.8842,60.2424,60.533,60.7719,60.9708,61.1382,61.2807,61.4029,61.5088,61.6012,61.6824,61.7541,61.8173,61.8513
0,0,0,0,0,0,0,0,0,0.325891,2.41827,4.38605,6.13686,7.63456,8.89133,9.94963,10.8628,11.6808,12.4427,13.1752,13.895,14.6109,15.3278,16.0477,16.7714,17.4993,18.2316,18.9683,19.7095,20.4551,21.2052,21.9599,22.7191,23.4829,24.2513,25.0243,25.802,26.5844,27.3715,28.1634,28.96,29.7615,30.5678,31.379,32.195,33.016,33.842,34.6729,35.5088,36.3498,37.1959,38.0471,38.9034,39.7649,40.6315,41.5035,42.3806,43.2631,44.1509,45.0441,45.9426,46.8466,47.756,48.6709,49.5914,50.5174,51.4489,52.3862,53.329,54.2776,55.2319,56.1919,57.1577,58.1294,58.8664,59.4361,59.8842,60.2424,60.533,60.7719,60.9708,61.1382,61.2807,61.4029,61.5088,61.6012,61.6824,61.7541,61.8173,61.8513
0,0,0,0,0,0,0,0,0,1.78087,3.73684,5.47714,6.96586,8.21509,9.26704,10.1747,10.9878,11.7451,12.4733,13.1887,13.9004,14.6129,15.3285,16.0479,16.7714,17.4993,18.2316,18.9683,19.7095,20.4551,21.2052,21.9599,22.7191,23.4829,24.2513,25.0243,25.802,26.5844,27.3715,28.1634,28.96,29.7615,30.5678,31.379,32.195,33.016,33.842,34.6729,35.5088,36.3498,37.1959,38.0471,38.9034,39.7649,40.6315,41.5035,42.3806,43.2631,44.1509,45.0441,45.9426,46.8466,47.756,48.6709,49.5914,50.5174,51.4489,52.3862,53.329,54.2776,55.2319,56.1919,57.1577,58.1294,58.8664,59.4361,59.8842,60.2424,60.533,60.7719,60.9708,61.1382,61.2807,61.4029,61.5088,61.6012,61.6824,61.7541,61.8173,61.8513
0,0,0,0,0,0,0,0,1.14729,3.09153,4.82139,6.30117,7.54291,8.58854,9.4908,10.299,11.0517,11.7756,12.4867,13.1941,13.9024,14.6136,15.3287,16.0479,16.7714,17.4993,18.2316,18.9683,19.7095,20.4551,21.2052,21.9599,22.7191,23.4829,24.2513,25.0243,25.802,26.5844,27.3715,28.1634,28.96,29.7615,30.5678,31.379,32.195,33.016,33.842,34.6729,35.5088,36.3498,37.1959,38.0471,38.9034,39.7649,40.6315,41.5035,42.3806,43.2631,44.1509,45.0441,45.9426,46.8466,47.756,48.6709,49.5914,50.5174,51.4489,52.3862,53.329,54.2776,55.2319,56.1919,57.1577,58.1294,58.8664,59.4361,59.8842,60.2424,60.533,60.7719,60.9708,61.1382,61.2807,61.4029,61.5088,61.6012,61.6824,61.7541,61.8173,61.8513
0,0,0,0,0,0,0,0.517514,2.45009,4.16957,5.64047,6.87476,7.91412,8.81096,9.6143,10.3625,11.082,11.7889,12.492,13.1961,13.903,14.6138,15.3287,16.0479,16.7714,17.4993,18.2316,18.9683,19.7095,20.4551,21.2052,21.9599,22.7191,23.4829,24.2513,25.0243,25.802,26.5844,27.3715,28.1634,28.96,29.7615,30.5678,31.379,32.195,33.016,33.842,34.6729,35.5088,36.3498,37.1959,38.0471,38.9034,39.7649,40.6315,41.5035,42.3806,43.2631,44.1509,45.0441,45.9426,46.8466,47.756,48.6709,49.5914,50.5174,51.4489,52.3862,53.329,54.2776,55.2319,56.1919,57.1577,58.1294,58.8664,59.4361,59.8842,60.2424,60.533,60.7719,60.9708,61.1382,61.2807,61.4029,61.5088,61.6012,61.6824,61.7541,61.8173,61.8513
0,0,0,0,0,0,0,1.8125,3.52166,4.98373,6.21062,7.24374,8.1352,8.93372,9.67747,10.3926,11.0952,11.7942,12.494,13.1967,13.9032,14.6139,15.3287,16.0479,16.7714,17.4993,18.2316,18.9683,19.7095,20.4551,21.2052,21.9599,22.7191,23.4829,24.2513,25.0243,25.802,26.5844,27.3715,28.1634,28.96,29.7615,30.5678,31.379,32.195,33.016,33.842,34.6729,35.5088,36.3498,37.1959,38.0471,38.9034,39.7649,40.6315,41.5035,42.3806,43.2631,44.1509,45.0441,45.9426,46.8466,47.756,48.6709,49.5914,50.5174,51.4489,52.3862,53.329,54.2776,55.2319,56.1919,57.1577,58.1294,58.8664,59.4361,59.8842,60.2424,60.533,60.7719,60.9708,61.1382,61.2807,61.4029,61.5088,61.6012,61.6824,61.7541,61.8173,61.8513
0,0,0,0,0,0,1.17873,2.87764,4.33094,5.55046,6.57739,7.4635,8.25723,8.99651,9.70738,10.4058,11.1005,11.7961,12.4947,13.1969,13.9033,14.6139,15.3287,16.0479,16.7714,17.4993,18.2316,18.9683,19.7095,20.4551,21.2052,21.9599,22.7191,23.4829,24.2513,25.0243,25.802,26.5844,27.3715,28.1634,28.96,29.7615,30.5678,31.379,32.195,33.016,33.842,34.6729,35.5088,36.3498,37.1959,38.0471,38.9034,39.7649,40.6315,41.5035,42.3806,43.2631,44.1509,45.0441,45.9426,46.8466,47.756,48.6709,49.5914,50.5174,51.4489,52.3862,53.329,54.2776,55.2319,56.1919,57.1577,58.1294,58.8664,59.4361,59.8842,60.2424,60.533,60.7719,60.9708,61.1382,61.2807,61.4029,61.5088,61.6012,61.6824,61.7541,61.8173,61.8513
0,0,0,0,0,0.548764,2.23748,3.68206,4.89427,5.91503,6.79582,7.58479,8.31964,9.02624,9.72044,10.411,11.1025,11.7968,12.4949,13.197,13.9033,14.6139,15.3287,16.0479,16.7714,17.4993,18.2316,18.9683,19.7095,20.4551,21.2052,21.9599,22.7191,23.4829,24.2513,25.0243,25.802,26.5844,27.3715,28.1634,28.96,29.7615,30.5678,31.379,32.195,33.016,33.842,34.6729,35.5088,36.3498,37.1959,38.0471,38.9034,39.7649,40.6315,41.5035,42.3806,43.2631,44.1509,45.0441,45.9426,46.8466,47.756,48.6709,49.5914,50.5174,51.4489,52.3862,53.329,54.2776,55.2319,56.1919,57.1577,58.1294,58.8664,59.4361,59.8842,60.2424,60.533,60.7719,60.9708,61.1382,61.2807,61.4029,61.5088,61.6012,61.6824,61.7541,61.8173,61.8513
0,0,0,0,0,1.60116,3.03708,4.24201,5.25665,6.13216,6.91639,7.64683,8.34919,9.03922,9.72568,10.413,11.1031,11.797,12.4949,13.197,13.9033,14.6139,15.3287,16.0479,16.7714,17.4993,18.2316,18.9683,19.7095,20.4551,21.2052,21.9599,22.7191,23.4829,24.2513,25.0243,25.802,26.5844,27.3715,28.1634,28.96,29.7615,30.5678,31.379,32.195,33.016,33.842,34.6729,35.5088,36.3498,37.1959,38.0471,38.9034,39.7649,40.6315,41.5035,42.3806,43.2631,44.1509,45.0441,45.9426,46.8466,47.756,48.6709,49.5914,50.5174,51.4489,52.3862,53.329,54.2776,55.2319,56.1919,57.1577,58.1294,58.8664,59.4361,59.8842,60.2424,60.533,60.7719,60.9708,61.1382,61.2807,61.4029,61.5088,61.6012,61.6824,61.7541,61.8173,61.8513
0,0,0,0,0.968662,2.39596,3.59367,4.60222,5.47247,6.252,6.97806,7.6762,8.3621,9.04444,9.7276,10.4136,11.1033,11.797,12.4949,13.197,13.9033,14.6139,15.3287,16.0479,16.7714,17.4993,18.2316,18.9683,19.7095,20.4551,21.2052,21.9599,22.7191,23.4829,24.2513,25.0243,25.802,26.5844,27.3715,28.1634,28.96,29.7615,30.5678,31.379,32.195,33.016,33.842,34.6729,35.5088,36.3498,37.1959,38.0471,38.9034,39.7649,40.6315,41.5035,42.3806,43.2631,44.1509,45.0441,45.9426,46.8466,47.756,48.6709,49.5914,50.5174,51.4489,52.3862,53.329,54.2776,55.2319,56.1919,57.1577,58.1294,58.8664,59.4361,59.8842,60.2424,60.533,60.7719,60.9708,61.1382,61.2807,61.4029,61.5088,61.6012,61.6824,61.7541,61.8173,61.8513
0,0,0,0.339958,1.7587,2.94921,3.95171,4.81675,5.5916,6.3133,7.00725,7.68903,8.36728,9.04635,9.72824,10.4138,11.1034,11.7971,12.4949,13.197,13.9033,14.6139,15.3287,16.0479,16.7714,17.4993,18.2316,18.9683,19.7095,20.4551,21.2052,21.9599,22.7191,23.4829,24.2513,25.0243,25.802,26.5844,27.3715,28.1634,28.96,29.7615,30.5678,31.379,32.195,33.016,33.842,34.6729,35.5088,36.3498,37.1959,38.0471,38.9034,39.7649,40.6315,41.5035,42.3806,43.2631,44.1509,45.0441,45.9426,46.8466,47.756,48.6709,49.5914,50.5174,51.4489,52.3862,53.329,54.2776,55.2319,56.1919,57.1577,58.1294,58.8664,59.4361,59.8842,60.2424,60.533,60.7719,60.9708,61.1382,61.2807,61.4029,61.5088,61.6012,61.6824,61.7541,61.8173,61.8513
0,0,0,1.12525,2.30863,3.30511,4.16495,4.93515,5.65253,6.34232,7.02001,7.69418,8.36918,9.04698,9.72843,10.4139,11.1034,11.7971,12.4949,13.197,13.9033,14.6139,15.3287,16.0479,16.7714,17.4993,18.2316,18.9683,19.7095,20.4551,21.2052,21.9599,22.7191,23.4829,24.2513,25.0243,25.802,26.5844,27.3715,28.1634,28.96,29.7615,30.5678,31.379,32.195,33.016,33.842,34.6729,35.5088,36.3498,37.1959,38.0471,38.9034,39.7649,40.6315,41.5035,42.3806,43.2631,44.1509,45.0441,45.9426,46.8466,47.756,48.6709,49.5914,50.5174,51.4489,52.3862,53.329,54.2776,55.2319,56.1919,57.1577,58.1294,58.8664,59.4361,59.8842,60.2424,60.533,60.7719,60.9708,61.1382,61.2807,61.4029,61.5088,61.6012,61.6824,61.7541,61.8173,61.8513
0,0,0.495609,1.67188,2.66239,3.51707,4.28265,4.99572,5.68137,6.35499,7.02512,7.69607,8.36981,9.04717,9.72848,10.4139,11.1034,11.7971,12.4949,13.197,13.9033,14.6139,15.3287,16.0479,16.7714,17.4993,18.2316,18.9683,19.7095,20.4551,21.2052,21.9599,22.7191,23.4829,24.2513,25.0243,25.802,26.5844,27.3715,28.1634,28.96,29.7615,30.5678,31.379,32.195,33.016,33.842,34.6729,35.5088,36.3498,37.1959,38.0471,38.9034,39.7649,40.6315,41.5035,42.3806,43.2631,44.1509,45.0441,45.9426,46.8466,47.756,48.6709,49.5914,50.5174,51.4489,52.3862,53.329,54.2776,55.2319,56.1919,57.1577,58.1294,58.8664,59.4361,59.8842,60.2424,60.533,60.7719,60.9708,61.1382,61.2807,61.4029,61.5088,61.6012,61.6824,61.7541,61.8173,61.8513
0,0,1.03896,2.02352,2.87308,3.63406,4.34285,5.02439,5.69397,6.36008,7.027,7.69669,8.36999,9.04722,9.72849,10.4139,11.1034,11.7971,12.4949,13.197,13.9033,14.6139,15.3287,16.0479,16.7714,17.4993,18.2316,18.9683,19.7095,20.4551,21.2052,21.9599,22.7191,23.4829,24.2513,25.0243,25.802,26.5844,27.3715,28.1634,28.96,29.7615,30.5678,31.379,32.195,33.016,33.842,34.6729,35.5088,36.3498,37.1959,38.0471,38.9034,39.7649,40.6315,41.5035,42.3806,43.2631,44.1509,45.0441,45.9426,46.8466,47.756,48.6709,49.5914,50.5174,51.4489,52.3862,53.329,54.2776,55.2319,56.1919,57.1577,58.1294,58.8664,59.4361,59.8842,60.2424,60.533,60.7719,60.9708,61.1382,61.2807,61.4029,61.5088,61.6012,61.6824,61.7541,61.8173,61.8513
0,0.409834,1.38849,2.23295,2.98937,3.69391,4.37135,5.03692,5.69903,6.36195,7.02762,7.69688,8.37004,9.04723,9.7285,10.4139,11.1034,11.7971,12.4949,13.197,13.9033,14.6139,15.3287,16.0479,16.7714,17.4993,18.2316,18.9683,19.7095,20.4551,21.2052,21.9599,22.7191,23.4829,24.2513,25.0243,25.802,26.5844,27.3715,28.1634,28.96,29.7615,30.5678,31.379,32.195,33.016,33.842,34.6729,35.5088,36.3498,37.1959,38.0471,38.9034,39.7649,40.6315,41.5035,42.3806,43.2631,44.1509,45.0441,45.9426,46.8466,47.756,48.6709,49.5914,50.5174,51.4489,52.3862,53.329,54.2776,55.2319,56.1919,57.1577,58.1294,58.8664,59.4361,59.8842,60.2424,60.533,60.7719,60.9708,61.1382,61.2807,61.4029,61.5088,61.6012,61.6824,61.7541,61.8173,61.8513
0,0.757265,1.59666,2.34854,3.04885,3.72223,4.3838,5.04194,5.70088,6.36256,7.02781,7.69693,8.37005,9.04723,9.7285,10.4139,11.1034,11.7971,12.4949,13.197,13.9033,14.6139,15.3287,16.0479,16.7714,17.4993,18.2316,18.9683,19.7095,20.4551,21.2052,21.9599,22.7191,23.4829,24.2513,25.0243,25.802,26.5844,27.3715,28.1634,28.96,29.7615,30.5678,31.379,32.195,33.016,33.842,34.6729,35.5088,36.3498,37.1959,38.0471,38.9034,39.7649,40.6315,41.5035,42.3806,43.2631,44.1509,45.0441,45.9426,46.8466,47.756,48.6709,49.5914,50.5174,51.4489,52.3862,53.329,54.2776,55.2319,56.1919,57.1577,58.1294,58.8664,59.4361,59.8842,60.2424,60.533,60.7719,60.9708,61.1382,61.2807,61.4029,61.5088,61.6012,61.6824,61.7541,61.8173,61.8513
0.129829,0.964185,1.71156,2.40766,3.07701,3.73461,4.3888,5.04378,5.7015,6.36275,7.02786,7.69694,8.37006,9.04723,9.7285,10.4139,11.1034,11.7971,12.4949,13.197,13.9033,14.6139,15.3287,16.0479,16.7714,17.4993,18.2316,18.9683,19.7095,20.4551,21.2052,21.9599,22.7191,23.4829,24.2513,25.0243,25.802,26.5844,27.3715,28.1634,28.96,29.7615,30.5678,31.379,32.195,33.016,33.842,34.6729,35.5088,36.3498,37.1959,38.0471,38.9034,39.7649,40.6315,41.5035,42.3806,43.2631,44.1509,45.0441,45.9426,46.8466,47.756,48.6709,49.5914,50.5174,51.4489,52.3862,53.329,54.2776,55.2319,56.1919,57.1577,58.1294,58.8664,59.4361,59.8842,60.2424,60.533,60.7719,60.9708,61.1382,61.2807,61.4029,61.5088,61.6012,61.6824,61.7541,61.8173,61.8513
0.335508,1.07839,1.77033,2.43565,3.08931,3.73957,4.39063,5.0444,5.70168,6.3628,7.02787,7.69694,8.37006,9.04723,9.7285,10.4139,11.1034,11.7971,12.4949,13.197,13.9033,14.6139,15.3287,16.0479,16.7714,17.4993,18.2316,18.9683,19.7095,20.4551,21.2052,21.9599,22.7191,23.4829,24.2513,25.0243,25.802,26.5844,27.3715,28.1634,28.96,29.7615,30.5678,31.379,32.195,33.016,33.842,34.6729,35.5088,36.3498,37.1959,38.0471,38.9034,39.7649,40.6315,41.5035,42.3806,43.2631,44.1509,45.0441,45.9426,46.8466,47.756,48.6709,49.5914,50.5174,51.4489,52.3862,53.329,54.2776,55.2319,56.1919,57.1577,58.1294,58.8664,59.4361,59.8842,60.2424,60.533,60.7719,60.9708,61.1382,61.2807,61.4029,61.5088,61.6012,61.6824,61.7541,61.8173,61.8513
0.449032,1.13681,1.79815,2.44788,3.09424,3.74139,4.39124,5.04458,5.70173,6.36281,7.02787,7.69694,8.37006,9.04723,9.7285,10.4139,11.1034,11.7971,12.4949,13.197,13.9033,14.6139,15.3287,16.0479,16.7714,17.4993,18.2316,18.9683,19.7095,20.4551,21.2052,21.9599,22.7191,23.4829,24.2513,25.0243,25.802,26.5844,27.3715,28.1634,28.96,29.7615,30.5678,31.379,32.195,33.016,33.842,34.6729,35.5088,36.3498,37.1959,38.0471,38.9034,39.7649,40.6315,41.5035,42.3806,43.2631,44.1509,45.0441,45.9426,46.8466,47.756,48.6709,49.5914,50.5174,51.4489,52.3862,53.329,54.2776,55.2319,56.1919,57.1577,58.1294,58.8664,59.4361,59.8842,60.2424,60.533,60.7719,60.9708,61.1382,61.2807,61.4029,61.5088,61.6012,61.6824,61.7541,61.8173,61.8513
0.5071,1.16447,1.8103,2.45279,3.09605,3.742,4.39142,5.04463,5.70174,6.36281,7.02787,7.69694,8.37006,9.04723,9.7285,10.4139,11.1034,11.7971,12.4949,13.197,13.9033,14.6139,15.3287,16.0479,16.7714,17.4993,18.2316,18.9683,19.7095,20.4551,21.2052,21.9599,22.7191,23.4829,24.2513,25.0243,25.802,26.5844,27.3715,28.1634,28.96,29.7615,30.5678,31.379,32.195,33.016,33.842,34.6729,35.5088,36.3498,37.1959,38.0471,38.9034,39.7649,40.6315,41.5035,42.3806,43.2631,44.1509,45.0441,45.9426,46.8466,47.756,48.6709,49.5914,50.5174,51.4489,52.3862,53.329,54.2776,55.2319,56.1919,57.1577,58.1294,58.8664,59.4361,59.8842,60.2424,60.533,60.7719,60.9708,61.1382,61.2807,61.4029,61.5088,61.6012,61.6824,61.7541,61.8173,61.8513
0.534588,1.17655,1.81518,2.45459,3.09665,3.74218,4.39147,5.04464,5.70174,6.36281,7.02787,7.69694,8.37006,9.04723,9.7285,10.4139,11.1034,11.7971,12.4949,13.197,13.9033,14.6139,15.3287,16.0479,16.7714,17.4993,18.2316,18.9683,19.7095,20.4551,21.2052,21.9599,22.7191,23.4829,24.2513,25.0243,25.802,26.5844,27.3715,28.1634,28.96,29.7615,30.5678,31.379,32.195,33.016,33.842,34.6729,35.5088,36.3498,37.1959,38.0471,38.9034,39.7649,40.6315,41.5035,42.3806,43.2631,44.1509,45.0441,45.9426,46.8466,47.756,48.6709,49.5914,50.5174,51.4489,52.3862,53.329,54.2776,55.2319,56.1919,57.1577,58.1294,58.8664,59.4361,59.8842,60.2424,60.533,60.7719,60.9708,61.1382,61.2807,61.4029,61.5088,61.6012,61.6824,61.7541,61.8173,61.8513
0.546596,1.1814,1.81697,2.45518,3.09683,3.74223,4.39148,5.04464,5.70174,6.36281,7.02787,7.69694,8.37006,9.04723,9.7285,10.4139,11.1034,11.7971,12.4949,13.197,13.9033,14.6139,15.3287,16.0479,16.7714,17.4993,18.2316,18.9683,19.7095,20.4551,21.2052,21.9599,22.7191,23.4829,24.2513,25.0243,25.802,26.5844,27.3715,28.1634,28.96,29.7615,30.5678,31.379,32.195,33.016,33.842,34.6729,35.5088,36.3498,37.1959,38.0471,38.9034,39.7649,40.6315,41.5035,42.3806,43.2631,44.1509,45.0441,45.9426,46.8466,47.756,48.6709,49.5914,50.5174,51.4489,52.3862,53.329,54.2776,55.2319,56.1919,57.1577,58.1294,58.8664,59.4361,59.8842,60.2424,60.533,60.7719,60.9708,61.1382,61.2807,61.4029,61.5088,61.6012,61.6824,61.7541,61.8173,61.8513
0.551415,1.18317,1.81756,2.45536,3.09688,3.74224,4.39148,5.04464,5.70174,6.36281,7.02787,7.69694,8.37006,9.04723,9.7285,10.4139,11.1034,11.7971,12.4949,13.197,13.9033,14.6139,15.3287,16.0479,16.7714,17.4993,18.2316,18.9683,19.7095,20.4551,21.2052,21.9599,22.7191,23.4829,24.2513,25.0243,25.802,26.5844,27.3715,28.1634,28.96,29.7615,30.5678,31.379,32.195,33.016,33.842,34.6729,35.5088,36.3498,37.1959,38.0471,38.9034,39.7649,40.6315,41.5035,42.3806,43.2631,44.1509,45.0441,45.9426,46.8466,47.756,48.6709,49.5914,50.5174,51.4489,52.3862,53.329,54.2776,55.2319,56.1919,57.1577,58.1294,58.8664,59.4361,59.8842,60.2424,60.533,60.7719,60.9708,61.1382,61.2807,61.4029,61.5088,61.6012,61.6824,61.7541,61.8173,61.8513
0.553181,1.18376,1.81774,2.45541,3.09689,3.74224,4.39148,5.04464,5.70174,6.36281,7.02787,7.69694,8.37006,9.04723,9.7285,10.4139,11.1034,11.7971,12.4949,13.197,13.9033,14.6139,15.3287,16.0479,16.7714,17.4993,18.2316,18.9683,19.7095,20.4551,21.2052,21.9599,22.7191,23.4829,24.2513,25.0243,25.802,26.5844,27.3715,28.1634,28.96,29.7615,30.5678,31.379,32.195,33.016,33.842,34.6729,35.5088,36.3498,37.1959,38.0471,38.9034,39.7649,40.6315,41.5035,42.3806,43.2631,44.1509,45.0441,45.9426,46.8466,47.756,48.6709,49.5914,50.5174,51.4489,52.3862,53.329,54.2776,55.2319,56.1919,57.1577,58.1294,58.8664,59.4361,59.8842,60.2424,60.533,60.7719,60.9708,61.1382,61.2807,61.4029,61.5088,61.6012,61.6824,61.7541,61.8173,61.8513
0.553768,1.18394,1.81778,2.45542,3.09689,3.74224,4.39148,5.04464,5.70174,6.36281,7.02787,7.69694,8.37006,9.04723,9.7285,10.4139,11.1034,11.7971,12.4949,13.197,13.9033,14.6139,15.3287,16.0479,16.7714,17.4993,18.2316,18.9683,19.7095,20.4551,21.2052,21.9599,22.7191,23.4829,24.2513,25.0243,25.802,26.5844,27.3715,28.1634,28.96,29.7615,30.5678,31.379,32.195,33.016,33.842,34.6729,35.5088,36.3498,37.1959,38.0471,38.9034,39.7649,40.6315,41.5035,42.3806,43.2631,44.1509,45.0441,45.9426,46.8466,47.756,48.6709,49.5914,50.5174,51.4489,52.3862,53.329,54.2776,55.2319,56.1919,57.1577,58.1294,58.8664,59.4361,59.8842,60.2424,60.533,60.7719,60.9708,61.1382,61.2807,61.4029,61.5088,61.6012,61.6824,61.7541,61.8173,61.8513
0.553942,1.18398,1.81779,2.45542,3.09689,3.74224,4.39148,5.04464,5.70174,6.36281,7.02787,7.69694,8.37006,9.04723,9.7285,10.4139,11.1034,11.7971,12.4949,13.197,13.9033,14.6139,15.3287,16.0479,16.7714,17.4993,18.2316,18.9683,19.7095,20.4551,21.2052,21.9599,22.7191,23.4829,24.2513,25.0243,25.802,26.5844,27.3715,28.1634,28.96,29.7615,30.5678,31.379,32.195,33.016,33.842,34.6729,35.5088,36.3498,37.1959,38.0471,38.9034,39.7649,40.6315,41.5035,42.3806,43.2631,44.1509,45.0441,45.9426,46.8466,47.756,48.6709,49.5914,50.5174,51.4489,52.3862,53.329,54.2776,55.2319,56.1919,57.1577,58.1294,58.8664,59.4361,59.8842,60.2424,60.533,60.7719,60.9708,61.1382,61.2807,61.4029,61.5088,61.6012,61.6824,61.7541,61.8173,61.8513
0.553989,1.184,1.8178,2.45542,3.09689,3.74224,4.39148,5.04464,5.70174,6.36281,7.02787,7.69694,8.37006,9.04723,9.7285,10.4139,11.1034,11.7971,12.4949,13.197,13.9033,14.6139,15.3287,16.0479,16.7714,17.4993,18.2316,18.9683,19.7095,20.4551,21.2052,21.9599,22.7191,23.4829,24.2513,25.0243,25.802,26.5844,27.3715,28.1634,28.96,29.7615,30.5678,31.379,32.195,33.016,33.842,34.6729,35.5088,36.3498,37.1959,38.0471,38.9034,39.7649,40.6315,41.5035,42.3806,43.2631,44.1509,45.0441,45.9426,46.8466,47.756,48.6709,49.5914,50.5174,51.4489,52.3862,53.329,54.2776,55.2319,56.1919,57.1577,58.1294,58.8664,59.4361,59.8842,60.2424,60.533,60.7719,60.9708,61.1382,61.2807,61.4029,61.5088,61.6012,61.6824,61.7541,61.8173,61.8513
0.553999,1.184,1.8178,2.45542,3.09689,3.74224,4.39148,5.04464,5.70174,6.36281,7.02787,7.69694,8.37006,9.04723,9.7285,10.4139,11.1034,11.7971,12.4949,13.197,13.9033,14.6139,15.3287,16.0479,16.7714,17.4993,18.2316,18.9683,19.7095,20.4551,21.2052,21.9599,22.7191,23.4829,24.2513,25.0243,25.802,26.5844,27.3715,28.1634,28.96,29.7615,30.5678,31.379,32.195,33.016,33.842,34.6729,35.5088,36.3498,37.1959,38.0471,38.9034,39.7649,40.6315,41.5035,42.3806,43.2631,44.1509,45.0441,45.9426,46.8466,47.756,48.6709,49.5914,50.5174,51.4489,52.3862,53.329,54.2776,55.2319,56.1919,57.1577,58.1294,58.8664,59.4361,59.8842,60.2424,60.533,60.7719,60.9708,61.1382,61.2807,61.4029,61.5088,61.6012,61.6824,61.7541,61.8173,61.8513
0.554002,1.184,1.8178,2.45542,3.09689,3.74224,4.39148,5.04464,5.70174,6.36281,7.02787,7.69694,8.37006,9.04723,9.7285,10.4139,11.1034,11.7971,12.4949,13.197,13.9033,14.6139,15.3287,16.0479,16.7714,17.4993,18.2316,18.9683,19.7095,20.4551,21.2052,21.9599,22.7191,23.4829,24.2513,25.0243,25.802,26.5844,27.3715,28.1634,28.96,29.7615,30.5678,31.379,32.195,33.016,33.842,34.6729,35.5088,36.3498,37.1959,38.0471,38.9034,39.7649,40.6315,41.5035,42.3806,43.2631,44.1509,45.0441,45.9426,46.8466,47.756,48.6709,49.5914,50.5174,51.4489,52.3862,53.329,54.2776,55.2319,56.1919,57.1577,58.1294,58.8664,59.4361,59.8842,60.2424,60.533,60.7719,60.9708,61.1382,61.2807,61.4029,61.5088,61.6012,61.6824,61.7541,61.8173,61.8513
0.554002,1.184,1.8178,2.45542,3.09689,3.74224,4.39148,5.04464,5.70174,6.36281,7.02787,7.69694,8.37006,9.04723,9.7285,10.4139,11.1034,11.7971,12.4949,13.197,13.9033,14.6139,15.3287,16.0479,16.7714,17.4993,18.2316,18.9683,19.7095,20.4551,21.2052,21.9599,22.7191,23.4829,24.2513,25.0243,25.802,26.5844,27.3715,28.1634,28.96,29.7615,30.5678,31.379,32.195,33.016,33.842,34.6729,35.5088,36.3498,37.1959,38.0471,38.9034,39.7649,40.6315,41.5035,42.3806,43.2631,44.1509,45.0441,45.9426,46.8466,47.756,48.6709,49.5914,50.5174,51.4489,52.3862,53.329,54.2776,55.2319,56.1919,57.1577,58.1294,58.8664,59.4361,59.8842,60.2424,60.533,60.7719,60.9708,61.1382,61.2807,61.4029,61.5088,61.6012,61.6824,61.7541,61.8173,61.8513
0.554002,1.184,1.8178,2.45542,3.09689,3.74224,4.39148,5.04464,5.70174,6.36281,7.02787,7.69694,8.37006,9.04723,9.7285,10.4139,11.1034,11.7971,12.4949,13.197,13.9033,14.6139,15.3287,16.0479,16.7714,17.4993,18.2316,18.9683,19.7095,20.4551,21.2052,21.9599,22.7191,23.4829,24.2513,25.0243,25.802,26.5844,27.3715,28.1634,28.96,29.7615,30.5678,31.379,32.195,33.016,33.842,34.6729,35.5088,36.3498,37.1959,38.0471,38.9034,39.7649,40.6315,41.5035,42.3806,43.2631,44.1509,45.0441,45.9426,46.8466,47.756,48.6709,49.5914,50.5174,51.4489,52.3862,53.329,54.2776,55.2319,56.1919,57.1577,58.1294,58.8664,59.4361,59.8842,60.2424,60.533,60.7719,60.9708,61.1382,61.2807,61.4029,61.5088,61.6012,61.6824,61.7541,61.8173,61.8513
0.554002,1.184,1.8178,2.45542,3.09689,3.74224,4.39148,5.04464,5.70174,6.36281,7.02787,7.69694,8.37006,9.04723,9.7285,10.4139,11.1034,11.7971,12.4949,13.197,13.9033,14.6139,15.3287,16.0479,16.7714,17.4993,18.2316,18.9683,19.7095,20.4551,21.2052,21.9599,22.7191,23.4829,24.2513,25.0243,25.802,26.5844,27.3715,28.1634,28.96,29.7615,30.5678,31.379,32.195,33.016,33.842,34.6729,35.5088,36.3498,37.1959,38.0471,38.9034,39.7649,40.6315,41.5035,42.3806,43.2631,44.1509,45.0441,45.9426,46.8466,47.756,48.6709,49.5914,50.5174,51.4489,52.3862,53.329,54.2776,55.2319,56.1919,57.1577,58.1294,58.8664,59.4361,59.8842,60.2424,60.533,60.7719,60.9708,61.1382,61.2807,61.4029,61.5088,61.6012,61.6824,61.7541,61.8173,61.8513
0.554002,1.184,1.8178,2.45542,3.09689,3.74224,4.39148,5.04464,5.70174,6.36281,7.02787,7.69694,8.37006,9.04723,9.7285,10.4139,11.1034,11.7971,12.4949,13.197,13.9033,14.6139,15.3287,16.0479,16.7714,17.4993,18.2316,18.9683,19.7095,20.4551,21.2052,21.9599,22.7191,23.4829,24.2513,25.0243,25.802,26.5844,27.3715,28.1634,28.96,29.7615,30.5678,31.379,32.195,33.016,33.842,34.6729,35.5088,36.3498,37.1959,38.0471,38.9034,39.7649,40.6315,41.5035,42.3806,43.2631,44.1509,45.0441,45.9426,46.8466,47.756,48.6709,49.5914,50.5174,51.4489,52.3862,53.329,54.2776,55.2319,56.1919,57.1577,58.1294,58.8664,59.4361,59.8842,60.2424,60.533,60.7719,60.9708,61.1382,61.2807,61.4029,61.5088,61.6012,61.6824,61.7541,61.8173,61.8513
0.554002,1.184,1.8178,2.45542,3.09689,3.74224,4.39148,5.04464,5.70174,6.36281,7.02787,7.69694,8.37006,9.04723,9.7285,10.4139,11.1034,11.7971,12.4949,13.197,13.9033,14.6139,15.3287,16.0479,16.7714,17.4993,18.2316,18.9683,19.7095,20.4551,21.2052,21.9599,22.7191,23.4829,24.2513,25.0243,25.802,26.5844,27.3715,28.1634,28.96,29.7615,30.5678,31.379,32.195,33.016,33.842,34.6729,35.5088,36.3498,37.1959,38.0471,38.9034,39.7649,40.6315,41.5035,42.3806,43.2631,44.1509,45.0441,45.9426,46.8466,47.756,48.6709,49.5914,50.5174,51.4489,52.3862,53.329,54.2776,55.2319,56.1919,57.1577,58.1294,58.8664,59.4361,59.8842,60.2424,60.533,60.7719,60.9708,61.1382,61.2807,61.4029,61.5088,61.6012,61.6824,61.7541,61.8173,61.8513
0.554002,1.184,1.8178,2.45542,3.09689,3.74224,4.39148,5.04464,5.70174,6.36281,7.02787,7.69694,8.37006,9.04723,9.7285,10.4139,11.1034,11.7971,12.4949,13.197,13.9033,14.6139,15.3287,16.0479,16.7714,17.4993,18.2316,18.9683,19.7095,20.4551,21.2052,21.9599,22.7191,23.4829,24.2513,25.0243,25.802,26.5844,27.3715,28.1634,28.96,29.7615,30.5678,31.379,32.195,33.016,33.842,34.6729,35.5088,36.3498,37.1959,38.0471,38.9034,39.7649,40.6315,41.5035,42.3806,43.2631,44.1509,45.0441,45.9426,46.8466,47.756,48.6709,49.5914,50.5174,51.4489,52.3862,53.329,54.2776,55.2319,56.1919,57.1577,58.1294,58.8664,59.4361,59.8842,60.2424,60.533,60.7719,60.9708,61.1382,61.2807,61.4029,61.5088,61.6012,61.6824,61.7541,61.8173,61.8513
