0,0,0,0,0,0,0,0,0,0,0,0,0,0,0,0,0,0,0,0,0,0,0,0,0,0,0,0,0,0,0,0,0,0,0,0,0,0,0,0,0,0,0,0,0,0,0,0,0,0,0,0,0,0,0,0,0,0,0,0,0,0,0,0,0,0,0,0,0,0,0,0,0,5.204,10.844,16.484,22.124,27.764,33.404,39.044,44.684,50.324,55.964,61.604,67.244,72.884,78.524,84.164,89.804,93
0,0,0,0,0,0,0,0,0,0,0,0,0,0,0,0,0,0,0,0,0,0,0,0,0,0,0,0,0,0,0,0,0,0,0,0,0,0,0,0,0,0,0,0,0,0,0,0,0,0,0,0,0,0,0,0,0,0,0,0,0,0,0,0,0,0,0,0,0,0,0,0,4.73678,15.3323,25.251,34.4929,43.0581,50.9464,58.1579,64.6926,70.5505,75.7317,80.236,84.0635,87.2142,89.6881,91.4853,92.6056,92.966,93
0,0,0,0,0,0,0,0,0,0,0,0,0,0,0,0,0,0,0,0,0,0,0,0,0,0,0,0,0,0,0,0,0,0,0,0,0,0,0,0,0,0,0,0,0,0,0,0,0,0,0,0,0,0,0,0,0,0,0,0,0,0,0,0,0,0,0,0,0,0,0,4.27236,14.8043,28.7884,40.9908,51.5333,60.5376,68.1256,74.4191,79.54,83.6101,86.7511,89.085,90.7335,91.8185,92.4618,92.7853,92.9028,92.966,93
0,0,0,0,0,0,0,0,0,0,0,0,0,0,0,0,0,0,0,0,0,0,0,0,0,0,0,0,0,0,0,0,0,0,0,0,0,0,0,0,0,0,0,0,0,0,0,0,0,0,0,0,0,0,0,0,0,0,0,0,0,0,0,0,0,0,0,0,0,0,3.81072,14.2795,28.1797,43.4894,55.8841,65.7616,73.4907,79.4109,83.8324,87.0362,89.2741,90.7686,91.713,92.2714,92.5785,92.74,92.831,92.9028,92.966,93
0,0,0,0,0,0,0,0,0,0,0,0,0,0,0,0,0,0,0,0,0,0,0,0,0,0,0,0,0,0,0,0,0,0,0,0,0,0,0,0,0,0,0,0,0,0,0,0,0,0,0,0,0,0,0,0,0,0,0,0,0,0,0,0,0,0,0,0,0,3.35186,13.7578,27.5746,42.7925,57.3997,68.3196,76.3054,81.9998,85.9437,88.5849,90.2873,91.3391,91.9617,92.3189,92.5252,92.6548,92.7498,92.831,92.9028,92.966,93
0,0,0,0,0,0,0,0,0,0,0,0,0,0,0,0,0,0,0,0,0,0,0,0,0,0,0,0,0,0,0,0,0,0,0,0,0,0,0,0,0,0,0,0,0,0,0,0,0,0,0,0,0,0,0,0,0,0,0,0,0,0,0,0,0,0,0,0,2.89575,13.2393,26.9732,42.0997,56.6193,69.0145,77.5349,83.2318,86.9255,89.2419,90.6462,91.4726,91.9523,92.2368,92.4189,92.5507,92.6575,92.7498,92.831,92.9028,92.966,93
0,0,0,0,0,0,0,0,0,0,0,0,0,0,0,0,0,0,0,0,0,0,0,0,0,0,0,0,0,0,0,0,0,0,0,0,0,0,0,0,0,0,0,0,0,0,0,0,0,0,0,0,0,0,0,0,0,0,0,0,0,0,0,0,0,0,0,2.44237,12.7238,26.3754,41.4111,55.8436,68.1644,77.6216,83.5886,87.2414,89.4124,90.6724,91.3976,91.8246,92.0937,92.2822,92.429,92.5516,92.6575,92.7498,92.831,92.9028,92.966,93
0,0,0,0,0,0,0,0,0,0,0,0,0,0,0,0,0,0,0,0,0,0,0,0,0,0,0,0,0,0,0,0,0,0,0,0,0,0,0,0,0,0,0,0,0,0,0,0,0,0,0,0,0,0,0,0,0,0,0,0,0,0,0,0,0,0,1.99172,12.2115,25.7811,40.7267,55.0725,67.3195,76.7199,83.2758,87.093,89.2657,90.491,91.194,91.6208,91.9058,92.1171,92.2868,92.4293,92.5516,92.6575,92.7498,92.831,92.9028,92.966,93
0,0,0,0,0,0,0,0,0,0,0,0,0,0,0,0,0,0,0,0,0,0,0,0,0,0,0,0,0,0,0,0,0,0,0,0,0,0,0,0,0,0,0,0,0,0,0,0,0,0,0,0,0,0,0,0,0,0,0,0,0,0,0,0,0,1.54377,11.7022,25.1904,40.0463,54.3061,66.4795,75.8236,82.3401,86.5488,88.8622,90.1437,90.8842,91.3488,91.6723,91.9192,92.1194,92.2869,92.4293,92.5516,92.6575,92.7498,92.831,92.9028,92.966,93
0,0,0,0,0,0,0,0,0,0,0,0,0,0,0,0,0,0,0,0,0,0,0,0,0,0,0,0,0,0,0,0,0,0,0,0,0,0,0,0,0,0,0,0,0,0,0,0,0,0,0,0,0,0,0,0,0,0,0,0,0,0,0,0,1.0985,11.196,24.6033,39.37,53.5443,65.6447,74.9326,81.4101,85.5935,88.2013,89.6296,90.4638,91.001,91.3846,91.6808,91.9205,92.1195,92.2869,92.4293,92.5516,92.6575,92.7498,92.831,92.9028,92.966,93
0,0,0,0,0,0,0,0,0,0,0,0,0,0,0,0,0,0,0,0,0,0,0,0,0,0,0,0,0,0,0,0,0,0,0,0,0,0,0,0,0,0,0,0,0,0,0,0,0,0,0,0,0,0,0,0,0,0,0,0,0,0,0,0.655913,10.6928,24.0197,38.6978,52.787,64.8148,74.047,80.4856,84.644,87.2361,88.918,89.9093,90.5588,91.028,91.3905,91.6816,91.9206,92.1195,92.2869,92.4293,92.5516,92.6575,92.7498,92.831,92.9028,92.966,93
0,0,0,0,0,0,0,0,0,0,0,0,0,0,0,0,0,0,0,0,0,0,0,0,0,0,0,0,0,0,0,0,0,0,0,0,0,0,0,0,0,0,0,0,0,0,0,0,0,0,0,0,0,0,0,0,0,0,0,0,0,0,0.215978,10.1927,23.4395,38.0296,52.0343,63.9899,73.1668,79.5667,83.7001,86.2767,87.9485,89.1793,89.9924,90.5808,91.0324,91.391,91.6816,91.9206,92.1195,92.2869,92.4293,92.5516,92.6575,92.7498,92.831,92.9028,92.966,93
0,0,0,0,0,0,0,0,0,0,0,0,0,0,0,0,0,0,0,0,0,0,0,0,0,0,0,0,0,0,0,0,0,0,0,0,0,0,0,0,0,0,0,0,0,0,0,0,0,0,0,0,0,0,0,0,0,0,0,0,0,0,9.6955,22.8629,37.3655,51.2861,63.17,72.2918,78.6533,82.7619,85.323,86.9848,88.2082,89.2569,90.0116,90.5844,91.0328,91.3911,91.6816,91.9206,92.1195,92.2869,92.4293,92.5516,92.6575,92.7498,92.831,92.9028,92.966,93
0,0,0,0,0,0,0,0,0,0,0,0,0,0,0,0,0,0,0,0,0,0,0,0,0,0,0,0,0,0,0,0,0,0,0,0,0,0,0,0,0,0,0,0,0,0,0,0,0,0,0,0,0,0,0,0,0,0,0,0,0,9.20133,22.2897,36.7053,50.5424,62.3549,71.422,77.7454,81.8293,84.3751,86.0269,87.243,88.2854,89.2748,90.0147,90.5847,91.0329,91.3911,91.6816,91.9206,92.1195,92.2869,92.4293,92.5516,92.6575,92.7498,92.831,92.9028,92.966,93
0,0,0,0,0,0,0,0,0,0,0,0,0,0,0,0,0,0,0,0,0,0,0,0,0,0,0,0,0,0,0,0,0,0,0,0,0,0,0,0,0,0,0,0,0,0,0,0,0,0,0,0,0,0,0,0,0,0,0,0,8.71012,21.72,36.049,49.8031,61.5448,70.5575,76.8429,80.9024,83.4329,85.0748,86.2835,87.3197,88.3032,89.2778,90.0151,90.5847,91.0329,91.3911,91.6816,91.9206,92.1195,92.2869,92.4293,92.5516,92.6575,92.7498,92.831,92.9028,92.966,93
0,0,0,0,0,0,0,0,0,0,0,0,0,0,0,0,0,0,0,0,0,0,0,0,0,0,0,0,0,0,0,0,0,0,0,0,0,0,0,0,0,0,0,0,0,0,0,0,0,0,0,0,0,0,0,0,0,0,0,8.22186,21.1537,35.3967,49.0683,60.7395,69.6981,75.9459,79.9809,82.4963,84.1283,85.3298,86.3598,87.3373,88.3061,89.2781,90.0151,90.5847,91.0329,91.3911,91.6816,91.9206,92.1195,92.2869,92.4293,92.5516,92.6575,92.7498,92.831,92.9028,92.966,93
0,0,0,0,0,0,0,0,0,0,0,0,0,0,0,0,0,0,0,0,0,0,0,0,0,0,0,0,0,0,0,0,0,0,0,0,0,0,0,0,0,0,0,0,0,0,0,0,0,0,0,0,0,0,0,0,0,0,7.73653,20.5907,34.7484,48.3379,59.9391,68.8439,75.0542,79.0651,81.5653,83.1875,84.3819,85.4056,86.3773,87.3403,88.3064,89.2781,90.0151,90.5847,91.0329,91.3911,91.6816,91.9206,92.1195,92.2869,92.4293,92.5516,92.6575,92.7498,92.831,92.9028,92.966,93
0,0,0,0,0,0,0,0,0,0,0,0,0,0,0,0,0,0,0,0,0,0,0,0,0,0,0,0,0,0,0,0,0,0,0,0,0,0,0,0,0,0,0,0,0,0,0,0,0,0,0,0,0,0,0,0,0,7.25411,20.0312,34.1039,47.6119,59.1435,67.9949,74.1679,78.1547,80.6399,82.2524,83.4396,84.4572,85.4231,86.3802,87.3406,88.3064,89.2781,90.0151,90.5847,91.0329,91.3911,91.6816,91.9206,92.1195,92.2869,92.4293,92.5516,92.6575,92.7498,92.831,92.9028,92.966,93
0,0,0,0,0,0,0,0,0,0,0,0,0,0,0,0,0,0,0,0,0,0,0,0,0,0,0,0,0,0,0,0,0,0,0,0,0,0,0,0,0,0,0,0,0,0,0,0,0,0,0,0,0,0,0,0,6.77459,19.475,33.4632,46.8902,58.3526,67.1509,73.2868,77.2497,79.72,81.3229,82.5029,83.5144,84.4745,85.4259,86.3805,87.3406,88.3064,89.2781,90.0151,90.5847,91.0329,91.3911,91.6816,91.9206,92.1195,92.2869,92.4293,92.5516,92.6575,92.7498,92.831,92.9028,92.966,93
0,0,0,0,0,0,0,0,0,0,0,0,0,0,0,0,0,0,0,0,0,0,0,0,0,0,0,0,0,0,0,0,0,0,0,0,0,0,0,0,0,0,0,0,0,0,0,0,0,0,0,0,0,0,0,6.29794,18.9222,32.8265,46.1728,57.5665,66.312,72.4111,76.3502,78.8057,80.399,81.5719,82.5773,83.5317,84.4774,85.4262,86.3805,87.3406,88.3064,89.2781,90.0151,90.5847,91.0329,91.3911,91.6816,91.9206,92.1195,92.2869,92.4293,92.5516,92.6575,92.7498,92.831,92.9028,92.966,93
0,0,0,0,0,0,0,0,0,0,0,0,0,0,0,0,0,0,0,0,0,0,0,0,0,0,0,0,0,0,0,0,0,0,0,0,0,0,0,0,0,0,0,0,0,0,0,0,0,0,0,0,0,0,5.82415,18.3726,32.1935,45.4598,56.7851,65.4781,71.5407,75.4561,77.8969,79.4806,80.6465,81.6459,82.5945,83.5345,84.4777,85.4262,86.3805,87.3406,88.3064,89.2781,90.0151,90.5847,91.0329,91.3911,91.6816,91.9206,92.1195,92.2869,92.4293,92.5516,92.6575,92.7498,92.831,92.9028,92.966,93
0,0,0,0,0,0,0,0,0,0,0,0,0,0,0,0,0,0,0,0,0,0,0,0,0,0,0,0,0,0,0,0,0,0,0,0,0,0,0,0,0,0,0,0,0,0,0,0,0,0,0,0,0,5.35321,17.8264,31.5643,44.751,56.0084,64.6493,70.6754,74.5674,76.9935,78.5677,79.7266,80.72,81.6629,82.5973,83.5348,84.4777,85.4262,86.3805,87.3406,88.3064,89.2781,90.0151,90.5847,91.0329,91.3911,91.6816,91.9206,92.1195,92.2869,92.4293,92.5516,92.6575,92.7498,92.831,92.9028,92.966,93
0,0,0,0,0,0,0,0,0,0,0,0,0,0,0,0,0,0,0,0,0,0,0,0,0,0,0,0,0,0,0,0,0,0,0,0,0,0,0,0,0,0,0,0,0,0,0,0,0,0,0,0,4.88509,17.2834,30.939,44.0465,55.2363,63.8254,69.8154,73.684,76.0956,77.6603,78.8122,79.7997,80.7369,81.6657,82.5976,83.5348,84.4777,85.4262,86.3805,87.3406,88.3064,89.2781,90.0151,90.5847,91.0329,91.3911,91.6816,91.9206,92.1195,92.2869,92.4293,92.5516,92.6575,92.7498,92.831,92.9028,92.966,93
0,0,0,0,0,0,0,0,0,0,0,0,0,0,0,0,0,0,0,0,0,0,0,0,0,0,0,0,0,0,0,0,0,0,0,0,0,0,0,0,0,0,0,0,0,0,0,0,0,0,0,4.41978,16.7437,30.3173,43.3463,54.4689,63.0064,68.9605,72.8059,75.203,76.7583,77.9034,78.8849,79.8165,80.7397,81.666,82.5976,83.5348,84.4777,85.4262,86.3805,87.3406,88.3064,89.2781,90.0151,90.5847,91.0329,91.3911,91.6816,91.9206,92.1195,92.2869,92.4293,92.5516,92.6575,92.7498,92.831,92.9028,92.966,93
0,0,0,0,0,0,0,0,0,0,0,0,0,0,0,0,0,0,0,0,0,0,0,0,0,0,0,0,0,0,0,0,0,0,0,0,0,0,0,0,0,0,0,0,0,0,0,0,0,0,3.95726,16.2073,29.6994,42.6502,53.7061,62.1924,68.1107,71.9331,74.3158,75.8618,77,77.9756,78.9016,79.8193,80.74,81.666,82.5976,83.5348,84.4777,85.4262,86.3805,87.3406,88.3064,89.2781,90.0151,90.5847,91.0329,91.3911,91.6816,91.9206,92.1195,92.2869,92.4293,92.5516,92.6575,92.7498,92.831,92.9028,92.966,93
0,0,0,0,0,0,0,0,0,0,0,0,0,0,0,0,0,0,0,0,0,0,0,0,0,0,0,0,0,0,0,0,0,0,0,0,0,0,0,0,0,0,0,0,0,0,0,0,0,3.49751,15.674,29.0852,41.9583,52.9479,61.3832,67.266,71.0655,73.4339,74.9706,76.102,77.0717,77.9922,78.9044,79.8196,80.74,81.666,82.5976,83.5348,84.4777,85.4262,86.3805,87.3406,88.3064,89.2781,90.0151,90.5847,91.0329,91.3911,91.6816,91.9206,92.1195,92.2869,92.4293,92.5516,92.6575,92.7498,92.831,92.9028,92.966,93
0,0,0,0,0,0,0,0,0,0,0,0,0,0,0,0,0,0,0,0,0,0,0,0,0,0,0,0,0,0,0,0,0,0,0,0,0,0,0,0,0,0,0,0,0,0,0,0,3.04053,15.144,28.4747,41.2705,52.1942,60.5789,66.4264,70.2031,72.5573,74.0848,75.2093,76.1733,77.0883,77.995,78.9047,79.8196,80.74,81.666,82.5976,83.5348,84.4777,85.4262,86.3805,87.3406,88.3064,89.2781,90.0151,90.5847,91.0329,91.3911,91.6816,91.9206,92.1195,92.2869,92.4293,92.5516,92.6575,92.7498,92.831,92.9028,92.966,93
0,0,0,0,0,0,0,0,0,0,0,0,0,0,0,0,0,0,0,0,0,0,0,0,0,0,0,0,0,0,0,0,0,0,0,0,0,0,0,0,0,0,0,0,0,0,0,2.58629,14.6171,27.8679,40.5869,51.445,59.7795,65.5919,69.3459,71.6859,73.2043,74.3221,75.2802,76.1897,77.091,77.9952,78.9047,79.8196,80.74,81.666,82.5976,83.5348,84.4777,85.4262,86.3805,87.3406,88.3064,89.2781,90.0151,90.5847,91.0329,91.3911,91.6816,91.9206,92.1195,92.2869,92.4293,92.5516,92.6575,92.7498,92.831,92.9028,92.966,93
0,0,0,0,0,0,0,0,0,0,0,0,0,0,0,0,0,0,0,0,0,0,0,0,0,0,0,0,0,0,0,0,0,0,0,0,0,0,0,0,0,0,0,0,0,0,2.13477,14.0934,27.2647,39.9074,50.7003,58.9848,64.7623,68.4938,70.8198,72.329,73.4402,74.3926,75.2966,76.1924,77.0913,77.9952,78.9047,79.8196,80.74,81.666,82.5976,83.5348,84.4777,85.4262,86.3805,87.3406,88.3064,89.2781,90.0151,90.5847,91.0329,91.3911,91.6816,91.9206,92.1195,92.2869,92.4293,92.5516,92.6575,92.7498,92.831,92.9028,92.966,93
0,0,0,0,0,0,0,0,0,0,0,0,0,0,0,0,0,0,0,0,0,0,0,0,0,0,0,0,0,0,0,0,0,0,0,0,0,0,0,0,0,0,0,0,0,1.68596,13.5729,26.6651,39.2319,49.9601,58.1949,63.9378,67.6468,69.9589,71.4591,72.5635,73.5102,74.4088,75.2993,76.1927,77.0913,77.9952,78.9047,79.8196,80.74,81.666,82.5976,83.5348,84.4777,85.4262,86.3805,87.3406,88.3064,89.2781,90.0151,90.5847,91.0329,91.3911,91.6816,91.9206,92.1195,92.2869,92.4293,92.5516,92.6575,92.7498,92.831,92.9028,92.966,93
0,0,0,0,0,0,0,0,0,0,0,0,0,0,0,0,0,0,0,0,0,0,0,0,0,0,0,0,0,0,0,0,0,0,0,0,0,0,0,0,0,0,0,0,1.23984,13.0554,26.0691,38.5605,49.2244,57.4097,63.1181,66.8049,69.1031,70.5943,71.6921,72.6331,73.5264,74.4115,75.2996,76.1927,77.0913,77.9952,78.9047,79.8196,80.74,81.666,82.5976,83.5348,84.4777,85.4262,86.3805,87.3406,88.3064,89.2781,90.0151,90.5847,91.0329,91.3911,91.6816,91.9206,92.1195,92.2869,92.4293,92.5516,92.6575,92.7498,92.831,92.9028,92.966,93
0,0,0,0,0,0,0,0,0,0,0,0,0,0,0,0,0,0,0,0,0,0,0,0,0,0,0,0,0,0,0,0,0,0,0,0,0,0,0,0,0,0,0,0.796405,12.5411,25.4767,37.8932,48.493,56.6292,62.3034,65.9681,68.2525,69.7347,70.826,71.7613,72.6492,73.529,74.4118,75.2996,76.1927,77.0913,77.9952,78.9047,79.8196,80.74,81.666,82.5976,83.5348,84.4777,85.4262,86.3805,87.3406,88.3064,89.2781,90.0151,90.5847,91.0329,91.3911,91.6816,91.9206,92.1195,92.2869,92.4293,92.5516,92.6575,92.7498,92.831,92.9028,92.966,93
0,0,0,0,0,0,0,0,0,0,0,0,0,0,0,0,0,0,0,0,0,0,0,0,0,0,0,0,0,0,0,0,0,0,0,0,0,0,0,0,0,0,0.355627,12.0298,24.8878,37.2298,47.7661,55.8535,61.4936,65.1363,67.407,68.8803,69.965,70.8948,71.7773,72.6518,73.5293,74.4118,75.2996,76.1927,77.0913,77.9952,78.9047,79.8196,80.74,81.666,82.5976,83.5348,84.4777,85.4262,86.3805,87.3406,88.3064,89.2781,90.0151,90.5847,91.0329,91.3911,91.6816,91.9206,92.1195,92.2869,92.4293,92.5516,92.6575,92.7498,92.831,92.9028,92.966,93
0,0,0,0,0,0,0,0,0,0,0,0,0,0,0,0,0,0,0,0,0,0,0,0,0,0,0,0,0,0,0,0,0,0,0,0,0,0,0,0,0,0,11.5217,24.3025,36.5704,47.0435,55.0823,60.6886,64.3095,66.5666,68.0311,69.1092,70.0334,70.9106,71.7799,72.6521,73.5293,74.4118,75.2996,76.1927,77.0913,77.9952,78.9047,79.8196,80.74,81.666,82.5976,83.5348,84.4777,85.4262,86.3805,87.3406,88.3064,89.2781,90.0151,90.5847,91.0329,91.3911,91.6816,91.9206,92.1195,92.2869,92.4293,92.5516,92.6575,92.7498,92.831,92.9028,92.966,93
0,0,0,0,0,0,0,0,0,0,0,0,0,0,0,0,0,0,0,0,0,0,0,0,0,0,0,0,0,0,0,0,0,0,0,0,0,0,0,0,0,11.0165,23.7207,35.915,46.3252,54.3158,59.8885,63.4876,65.7312,67.1869,68.2586,69.1772,70.0492,70.9133,71.7802,72.6521,73.5293,74.4118,75.2996,76.1927,77.0913,77.9952,78.9047,79.8196,80.74,81.666,82.5976,83.5348,84.4777,85.4262,86.3805,87.3406,88.3064,89.2781,90.0151,90.5847,91.0329,91.3911,91.6816,91.9206,92.1195,92.2869,92.4293,92.5516,92.6575,92.7498,92.831,92.9028,92.966,93
0,0,0,0,0,0,0,0,0,0,0,0,0,0,0,0,0,0,0,0,0,0,0,0,0,0,0,0,0,0,0,0,0,0,0,0,0,0,0,0,10.5144,23.1423,35.2635,45.6113,53.554,59.0932,62.6707,64.9008,66.3477,67.413,68.3261,69.1929,70.0518,70.9135,71.7802,72.6521,73.5293,74.4118,75.2996,76.1927,77.0913,77.9952,78.9047,79.8196,80.74,81.666,82.5976,83.5348,84.4777,85.4262,86.3805,87.3406,88.3064,89.2781,90.0151,90.5847,91.0329,91.3911,91.6816,91.9206,92.1195,92.2869,92.4293,92.5516,92.6575,92.7498,92.831,92.9028,92.966,93
0,0,0,0,0,0,0,0,0,0,0,0,0,0,0,0,0,0,0,0,0,0,0,0,0,0,0,0,0,0,0,0,0,0,0,0,0,0,0,10.0153,22.5675,34.616,44.9016,52.7966,58.3026,61.8587,64.0754,65.5137,66.5725,67.4802,68.3417,69.1955,70.052,70.9135,71.7802,72.6521,73.5293,74.4118,75.2996,76.1927,77.0913,77.9952,78.9047,79.8196,80.74,81.666,82.5976,83.5348,84.4777,85.4262,86.3805,87.3406,88.3064,89.2781,90.0151,90.5847,91.0329,91.3911,91.6816,91.9206,92.1195,92.2869,92.4293,92.5516,92.6575,92.7498,92.831,92.9028,92.966,93
0,0,0,0,0,0,0,0,0,0,0,0,0,0,0,0,0,0,0,0,0,0,0,0,0,0,0,0,0,0,0,0,0,0,0,0,0,0,9.51925,21.9961,33.9723,44.1962,52.0439,57.5168,61.0515,63.2549,64.6846,65.7371,66.6393,67.4957,68.3443,69.1957,70.052,70.9135,71.7802,72.6521,73.5293,74.4118,75.2996,76.1927,77.0913,77.9952,78.9047,79.8196,80.74,81.666,82.5976,83.5348,84.4777,85.4262,86.3805,87.3406,88.3064,89.2781,90.0151,90.5847,91.0329,91.3911,91.6816,91.9206,92.1195,92.2869,92.4293,92.5516,92.6575,92.7498,92.831,92.9028,92.966,93
0,0,0,0,0,0,0,0,0,0,0,0,0,0,0,0,0,0,0,0,0,0,0,0,0,0,0,0,0,0,0,0,0,0,0,0,0,9.02613,21.4281,33.3324,43.495,51.2956,56.7357,60.2492,62.4394,63.8605,64.9067,65.8035,66.6547,67.4982,68.3446,69.1957,70.052,70.9135,71.7802,72.6521,73.5293,74.4118,75.2996,76.1927,77.0913,77.9952,78.9047,79.8196,80.74,81.666,82.5976,83.5348,84.4777,85.4262,86.3805,87.3406,88.3064,89.2781,90.0151,90.5847,91.0329,91.3911,91.6816,91.9206,92.1195,92.2869,92.4293,92.5516,92.6575,92.7498,92.831,92.9028,92.966,93
0,0,0,0,0,0,0,0,0,0,0,0,0,0,0,0,0,0,0,0,0,0,0,0,0,0,0,0,0,0,0,0,0,0,0,0,8.53598,20.8635,32.6964,42.798,50.5518,55.9593,59.4517,61.6287,63.0413,64.0812,64.9726,65.8188,66.6572,67.4985,68.3446,69.1957,70.052,70.9135,71.7802,72.6521,73.5293,74.4118,75.2996,76.1927,77.0913,77.9952,78.9047,79.8196,80.74,81.666,82.5976,83.5348,84.4777,85.4262,86.3805,87.3406,88.3064,89.2781,90.0151,90.5847,91.0329,91.3911,91.6816,91.9206,92.1195,92.2869,92.4293,92.5516,92.6575,92.7498,92.831,92.9028,92.966,93
0,0,0,0,0,0,0,0,0,0,0,0,0,0,0,0,0,0,0,0,0,0,0,0,0,0,0,0,0,0,0,0,0,0,0,8.04876,20.3024,32.0643,42.1053,49.8125,55.1875,58.659,60.823,62.2271,63.2608,64.1468,64.9879,65.8213,66.6575,67.4985,68.3446,69.1957,70.052,70.9135,71.7802,72.6521,73.5293,74.4118,75.2996,76.1927,77.0913,77.9952,78.9047,79.8196,80.74,81.666,82.5976,83.5348,84.4777,85.4262,86.3805,87.3406,88.3064,89.2781,90.0151,90.5847,91.0329,91.3911,91.6816,91.9206,92.1195,92.2869,92.4293,92.5516,92.6575,92.7498,92.831,92.9028,92.966,93
0,0,0,0,0,0,0,0,0,0,0,0,0,0,0,0,0,0,0,0,0,0,0,0,0,0,0,0,0,0,0,0,0,0,7.56447,19.7445,31.4359,41.4166,49.0776,54.4204,57.871,60.022,61.4177,62.4452,63.3259,64.1619,64.9904,65.8215,66.6575,67.4985,68.3446,69.1957,70.052,70.9135,71.7802,72.6521,73.5293,74.4118,75.2996,76.1927,77.0913,77.9952,78.9047,79.8196,80.74,81.666,82.5976,83.5348,84.4777,85.4262,86.3805,87.3406,88.3064,89.2781,90.0151,90.5847,91.0329,91.3911,91.6816,91.9206,92.1195,92.2869,92.4293,92.5516,92.6575,92.7498,92.831,92.9028,92.966,93
0,0,0,0,0,0,0,0,0,0,0,0,0,0,0,0,0,0,0,0,0,0,0,0,0,0,0,0,0,0,0,0,0,7.08308,19.1901,30.8113,40.7321,48.3472,53.6579,57.0878,59.2259,60.6132,61.6345,62.51,63.341,64.1644,64.9906,65.8216,66.6575,67.4985,68.3446,69.1957,70.052,70.9135,71.7802,72.6521,73.5293,74.4118,75.2996,76.1927,77.0913,77.9952,78.9047,79.8196,80.74,81.666,82.5976,83.5348,84.4777,85.4262,86.3805,87.3406,88.3064,89.2781,90.0151,90.5847,91.0329,91.3911,91.6816,91.9206,92.1195,92.2869,92.4293,92.5516,92.6575,92.7498,92.831,92.9028,92.966,93
0,0,0,0,0,0,0,0,0,0,0,0,0,0,0,0,0,0,0,0,0,0,0,0,0,0,0,0,0,0,0,0,6.60458,18.6389,30.1904,40.0517,47.6211,52.8999,56.3093,58.4345,59.8135,60.8287,61.6989,62.5249,63.3434,64.1647,64.9906,65.8216,66.6575,67.4985,68.3446,69.1957,70.052,70.9135,71.7802,72.6521,73.5293,74.4118,75.2996,76.1927,77.0913,77.9952,78.9047,79.8196,80.74,81.666,82.5976,83.5348,84.4777,85.4262,86.3805,87.3406,88.3064,89.2781,90.0151,90.5847,91.0329,91.3911,91.6816,91.9206,92.1195,92.2869,92.4293,92.5516,92.6575,92.7498,92.831,92.9028,92.966,93
0,0,0,0,0,0,0,0,0,0,0,0,0,0,0,0,0,0,0,0,0,0,0,0,0,0,0,0,0,0,0,6.12896,18.0911,29.5732,39.3754,46.8994,52.1465,55.5354,57.6479,59.0186,60.0277,60.8927,61.7138,62.5274,63.3437,64.1647,64.9906,65.8216,66.6575,67.4985,68.3446,69.1957,70.052,70.9135,71.7802,72.6521,73.5293,74.4118,75.2996,76.1927,77.0913,77.9952,78.9047,79.8196,80.74,81.666,82.5976,83.5348,84.4777,85.4262,86.3805,87.3406,88.3064,89.2781,90.0151,90.5847,91.0329,91.3911,91.6816,91.9206,92.1195,92.2869,92.4293,92.5516,92.6575,92.7498,92.831,92.9028,92.966,93
0,0,0,0,0,0,0,0,0,0,0,0,0,0,0,0,0,0,0,0,0,0,0,0,0,0,0,0,0,0,5.65618,17.5465,28.9598,38.7032,46.182,51.3977,54.7662,56.8661,58.2285,59.2316,60.0914,60.9075,61.7162,62.5276,63.3437,64.1647,64.9906,65.8216,66.6575,67.4985,68.3446,69.1957,70.052,70.9135,71.7802,72.6521,73.5293,74.4118,75.2996,76.1927,77.0913,77.9952,78.9047,79.8196,80.74,81.666,82.5976,83.5348,84.4777,85.4262,86.3805,87.3406,88.3064,89.2781,90.0151,90.5847,91.0329,91.3911,91.6816,91.9206,92.1195,92.2869,92.4293,92.5516,92.6575,92.7498,92.831,92.9028,92.966,93
0,0,0,0,0,0,0,0,0,0,0,0,0,0,0,0,0,0,0,0,0,0,0,0,0,0,0,0,0,5.18625,17.0053,28.35,38.035,45.4689,50.6533,54.0016,56.0889,57.4432,58.4402,59.2948,60.106,60.9099,61.7165,62.5276,63.3437,64.1647,64.9906,65.8216,66.6575,67.4985,68.3446,69.1957,70.052,70.9135,71.7802,72.6521,73.5293,74.4118,75.2996,76.1927,77.0913,77.9952,78.9047,79.8196,80.74,81.666,82.5976,83.5348,84.4777,85.4262,86.3805,87.3406,88.3064,89.2781,90.0151,90.5847,91.0329,91.3911,91.6816,91.9206,92.1195,92.2869,92.4293,92.5516,92.6575,92.7498,92.831,92.9028,92.966,93
0,0,0,0,0,0,0,0,0,0,0,0,0,0,0,0,0,0,0,0,0,0,0,0,0,0,0,0,4.71913,16.4672,27.7439,37.3707,44.7601,49.9134,53.2416,55.3163,56.6625,57.6535,58.5031,59.3094,60.1085,60.9102,61.7165,62.5276,63.3437,64.1647,64.9906,65.8216,66.6575,67.4985,68.3446,69.1957,70.052,70.9135,71.7802,72.6521,73.5293,74.4118,75.2996,76.1927,77.0913,77.9952,78.9047,79.8196,80.74,81.666,82.5976,83.5348,84.4777,85.4262,86.3805,87.3406,88.3064,89.2781,90.0151,90.5847,91.0329,91.3911,91.6816,91.9206,92.1195,92.2869,92.4293,92.5516,92.6575,92.7498,92.831,92.9028,92.966,93
0,0,0,0,0,0,0,0,0,0,0,0,0,0,0,0,0,0,0,0,0,0,0,0,0,0,0,4.25481,15.9324,27.1415,36.7105,44.0555,49.1779,52.4862,54.5484,55.8865,56.8716,57.716,58.5175,59.3118,60.1087,60.9102,61.7165,62.5276,63.3437,64.1647,64.9906,65.8216,66.6575,67.4985,68.3446,69.1957,70.052,70.9135,71.7802,72.6521,73.5293,74.4118,75.2996,76.1927,77.0913,77.9952,78.9047,79.8196,80.74,81.666,82.5976,83.5348,84.4777,85.4262,86.3805,87.3406,88.3064,89.2781,90.0151,90.5847,91.0329,91.3911,91.6816,91.9206,92.1195,92.2869,92.4293,92.5516,92.6575,92.7498,92.831,92.9028,92.966,93
0,0,0,0,0,0,0,0,0,0,0,0,0,0,0,0,0,0,0,0,0,0,0,0,0,0,3.79328,15.4008,26.5426,36.0543,43.3552,48.4468,51.7353,53.7851,55.1152,56.0944,56.9337,57.7304,58.5199,59.312,60.1087,60.9102,61.7165,62.5276,63.3437,64.1647,64.9906,65.8216,66.6575,67.4985,68.3446,69.1957,70.052,70.9135,71.7802,72.6521,73.5293,74.4118,75.2996,76.1927,77.0913,77.9952,78.9047,79.8196,80.74,81.666,82.5976,83.5348,84.4777,85.4262,86.3805,87.3406,88.3064,89.2781,90.0151,90.5847,91.0329,91.3911,91.6816,91.9206,92.1195,92.2869,92.4293,92.5516,92.6575,92.7498,92.831,92.9028,92.966,93
0,0,0,0,0,0,0,0,0,0,0,0,0,0,0,0,0,0,0,0,0,0,0,0,0,3.33452,14.8724,25.9474,35.4019,42.659,47.7201,50.9888,53.0264,54.3485,55.3218,56.1561,56.9481,57.7328,58.5202,59.3121,60.1087,60.9102,61.7165,62.5276,63.3437,64.1647,64.9906,65.8216,66.6575,67.4985,68.3446,69.1957,70.052,70.9135,71.7802,72.6521,73.5293,74.4118,75.2996,76.1927,77.0913,77.9952,78.9047,79.8196,80.74,81.666,82.5976,83.5348,84.4777,85.4262,86.3805,87.3406,88.3064,89.2781,90.0151,90.5847,91.0329,91.3911,91.6816,91.9206,92.1195,92.2869,92.4293,92.5516,92.6575,92.7498,92.831,92.9028,92.966,93
0,0,0,0,0,0,0,0,0,0,0,0,0,0,0,0,0,0,0,0,0,0,0,0,2.87852,14.3472,25.3557,34.7535,41.9671,46.9978,50.2469,52.2723,53.5864,54.5539,55.3832,56.1704,56.9504,57.7331,58.5202,59.3121,60.1087,60.9102,61.7165,62.5276,63.3437,64.1647,64.9906,65.8216,66.6575,67.4985,68.3446,69.1957,70.052,70.9135,71.7802,72.6521,73.5293,74.4118,75.2996,76.1927,77.0913,77.9952,78.9047,79.8196,80.74,81.666,82.5976,83.5348,84.4777,85.4262,86.3805,87.3406,88.3064,89.2781,90.0151,90.5847,91.0329,91.3911,91.6816,91.9206,92.1195,92.2869,92.4293,92.5516,92.6575,92.7498,92.831,92.9028,92.966,93
0,0,0,0,0,0,0,0,0,0,0,0,0,0,0,0,0,0,0,0,0,0,0,2.42525,13.8251,24.7676,34.109,41.2793,46.2798,49.5094,51.5226,52.8289,53.7906,54.6149,55.3973,56.1727,56.9507,57.7331,58.5202,59.3121,60.1087,60.9102,61.7165,62.5276,63.3437,64.1647,64.9906,65.8216,66.6575,67.4985,68.3446,69.1957,70.052,70.9135,71.7802,72.6521,73.5293,74.4118,75.2996,76.1927,77.0913,77.9952,78.9047,79.8196,80.74,81.666,82.5976,83.5348,84.4777,85.4262,86.3805,87.3406,88.3064,89.2781,90.0151,90.5847,91.0329,91.3911,91.6816,91.9206,92.1195,92.2869,92.4293,92.5516,92.6575,92.7498,92.831,92.9028,92.966,93
0,0,0,0,0,0,0,0,0,0,0,0,0,0,0,0,0,0,0,0,0,0,1.9747,13.3062,24.183,33.4683,40.5956,45.5661,48.7764,50.7775,52.0759,53.0318,53.8512,54.629,55.3997,56.173,56.9507,57.7331,58.5202,59.3121,60.1087,60.9102,61.7165,62.5276,63.3437,64.1647,64.9906,65.8216,66.6575,67.4985,68.3446,69.1957,70.052,70.9135,71.7802,72.6521,73.5293,74.4118,75.2996,76.1927,77.0913,77.9952,78.9047,79.8196,80.74,81.666,82.5976,83.5348,84.4777,85.4262,86.3805,87.3406,88.3064,89.2781,90.0151,90.5847,91.0329,91.3911,91.6816,91.9206,92.1195,92.2869,92.4293,92.5516,92.6575,92.7498,92.831,92.9028,92.966,93
0,0,0,0,0,0,0,0,0,0,0,0,0,0,0,0,0,0,0,0,0,1.52685,12.7903,23.6019,32.8315,39.916,44.8567,48.0477,50.0368,51.3275,52.2776,53.0921,53.8652,54.6313,55.3999,56.173,56.9507,57.7331,58.5202,59.3121,60.1087,60.9102,61.7165,62.5276,63.3437,64.1647,64.9906,65.8216,66.6575,67.4985,68.3446,69.1957,70.052,70.9135,71.7802,72.6521,73.5293,74.4118,75.2996,76.1927,77.0913,77.9952,78.9047,79.8196,80.74,81.666,82.5976,83.5348,84.4777,85.4262,86.3805,87.3406,88.3064,89.2781,90.0151,90.5847,91.0329,91.3911,91.6816,91.9206,92.1195,92.2869,92.4293,92.5516,92.6575,92.7498,92.831,92.9028,92.966,93
0,0,0,0,0,0,0,0,0,0,0,0,0,0,0,0,0,0,0,0,1.08169,12.2776,23.0242,32.1985,39.2405,44.1516,47.3234,49.3006,50.5835,51.528,52.3375,53.106,53.8675,54.6315,55.3999,56.173,56.9507,57.7331,58.5202,59.3121,60.1087,60.9102,61.7165,62.5276,63.3437,64.1647,64.9906,65.8216,66.6575,67.4985,68.3446,69.1957,70.052,70.9135,71.7802,72.6521,73.5293,74.4118,75.2996,76.1927,77.0913,77.9952,78.9047,79.8196,80.74,81.666,82.5976,83.5348,84.4777,85.4262,86.3805,87.3406,88.3064,89.2781,90.0151,90.5847,91.0329,91.3911,91.6816,91.9206,92.1195,92.2869,92.4293,92.5516,92.6575,92.7498,92.831,92.9028,92.966,93
0,0,0,0,0,0,0,0,0,0,0,0,0,0,0,0,0,0,0,0.639196,11.7679,22.4501,31.5694,38.5691,43.4507,46.6035,48.5688,49.844,50.7828,51.5875,52.3514,53.1083,53.8677,54.6315,55.3999,56.173,56.9507,57.7331,58.5202,59.3121,60.1087,60.9102,61.7165,62.5276,63.3437,64.1647,64.9906,65.8216,66.6575,67.4985,68.3446,69.1957,70.052,70.9135,71.7802,72.6521,73.5293,74.4118,75.2996,76.1927,77.0913,77.9952,78.9047,79.8196,80.74,81.666,82.5976,83.5348,84.4777,85.4262,86.3805,87.3406,88.3064,89.2781,90.0151,90.5847,91.0329,91.3911,91.6816,91.9206,92.1195,92.2869,92.4293,92.5516,92.6575,92.7498,92.831,92.9028,92.966,93
0,0,0,0,0,0,0,0,0,0,0,0,0,0,0,0,0,0,0.199361,11.2613,21.8794,30.9439,37.9017,42.754,45.8879,47.8414,49.1089,50.0421,50.842,51.6013,52.3536,53.1085,53.8677,54.6315,55.3999,56.173,56.9507,57.7331,58.5202,59.3121,60.1087,60.9102,61.7165,62.5276,63.3437,64.1647,64.9906,65.8216,66.6575,67.4985,68.3446,69.1957,70.052,70.9135,71.7802,72.6521,73.5293,74.4118,75.2996,76.1927,77.0913,77.9952,78.9047,79.8196,80.74,81.666,82.5976,83.5348,84.4777,85.4262,86.3805,87.3406,88.3064,89.2781,90.0151,90.5847,91.0329,91.3911,91.6816,91.9206,92.1195,92.2869,92.4293,92.5516,92.6575,92.7498,92.831,92.9028,92.966,93
0,0,0,0,0,0,0,0,0,0,0,0,0,0,0,0,0,0,10.7577,21.3121,30.3223,37.2383,42.0615,45.1765,47.1183,48.3783,49.3059,50.1009,50.8556,51.6035,52.3539,53.1085,53.8677,54.6315,55.3999,56.173,56.9507,57.7331,58.5202,59.3121,60.1087,60.9102,61.7165,62.5276,63.3437,64.1647,64.9906,65.8216,66.6575,67.4985,68.3446,69.1957,70.052,70.9135,71.7802,72.6521,73.5293,74.4118,75.2996,76.1927,77.0913,77.9952,78.9047,79.8196,80.74,81.666,82.5976,83.5348,84.4777,85.4262,86.3805,87.3406,88.3064,89.2781,90.0151,90.5847,91.0329,91.3911,91.6816,91.9206,92.1195,92.2869,92.4293,92.5516,92.6575,92.7498,92.831,92.9028,92.966,93
0,0,0,0,0,0,0,0,0,0,0,0,0,0,0,0,0,10.2572,20.7482,29.7043,36.5788,41.3731,44.4695,46.3996,47.652,48.574,49.3643,50.1145,50.8579,51.6037,52.3539,53.1085,53.8677,54.6315,55.3999,56.173,56.9507,57.7331,58.5202,59.3121,60.1087,60.9102,61.7165,62.5276,63.3437,64.1647,64.9906,65.8216,66.6575,67.4985,68.3446,69.1957,70.052,70.9135,71.7802,72.6521,73.5293,74.4118,75.2996,76.1927,77.0913,77.9952,78.9047,79.8196,80.74,81.666,82.5976,83.5348,84.4777,85.4262,86.3805,87.3406,88.3064,89.2781,90.0151,90.5847,91.0329,91.3911,91.6816,91.9206,92.1195,92.2869,92.4293,92.5516,92.6575,92.7498,92.831,92.9028,92.966,93
0,0,0,0,0,0,0,0,0,0,0,0,0,0,0,0,9.75966,20.1878,29.0901,35.9234,40.6889,43.7667,45.6852,46.9301,47.8466,48.6322,49.3778,50.1167,50.8581,51.6038,52.3539,53.1085,53.8677,54.6315,55.3999,56.173,56.9507,57.7331,58.5202,59.3121,60.1087,60.9102,61.7165,62.5276,63.3437,64.1647,64.9906,65.8216,66.6575,67.4985,68.3446,69.1957,70.052,70.9135,71.7802,72.6521,73.5293,74.4118,75.2996,76.1927,77.0913,77.9952,78.9047,79.8196,80.74,81.666,82.5976,83.5348,84.4777,85.4262,86.3805,87.3406,88.3064,89.2781,90.0151,90.5847,91.0329,91.3911,91.6816,91.9206,92.1195,92.2869,92.4293,92.5516,92.6575,92.7498,92.831,92.9028,92.966,93
0,0,0,0,0,0,0,0,0,0,0,0,0,0,0,9.2651,19.6306,28.4796,35.2718,40.0087,43.0681,44.9751,46.2125,47.1235,47.9044,48.6456,49.38,50.117,50.8581,51.6038,52.3539,53.1085,53.8677,54.6315,55.3999,56.173,56.9507,57.7331,58.5202,59.3121,60.1087,60.9102,61.7165,62.5276,63.3437,64.1647,64.9906,65.8216,66.6575,67.4985,68.3446,69.1957,70.052,70.9135,71.7802,72.6521,73.5293,74.4118,75.2996,76.1927,77.0913,77.9952,78.9047,79.8196,80.74,81.666,82.5976,83.5348,84.4777,85.4262,86.3805,87.3406,88.3064,89.2781,90.0151,90.5847,91.0329,91.3911,91.6816,91.9206,92.1195,92.2869,92.4293,92.5516,92.6575,92.7498,92.831,92.9028,92.966,93
0,0,0,0,0,0,0,0,0,0,0,0,0,0,8.77351,19.0768,27.8727,34.6242,39.3327,42.3737,44.2693,45.4992,46.4048,47.1809,47.9177,48.6478,49.3803,50.117,50.8581,51.6038,52.3539,53.1085,53.8677,54.6315,55.3999,56.173,56.9507,57.7331,58.5202,59.3121,60.1087,60.9102,61.7165,62.5276,63.3437,64.1647,64.9906,65.8216,66.6575,67.4985,68.3446,69.1957,70.052,70.9135,71.7802,72.6521,73.5293,74.4118,75.2996,76.1927,77.0913,77.9952,78.9047,79.8196,80.74,81.666,82.5976,83.5348,84.4777,85.4262,86.3805,87.3406,88.3064,89.2781,90.0151,90.5847,91.0329,91.3911,91.6816,91.9206,92.1195,92.2869,92.4293,92.5516,92.6575,92.7498,92.831,92.9028,92.966,93
0,0,0,0,0,0,0,0,0,0,0,0,0,8.28487,18.5264,27.2695,33.9804,38.6607,41.6834,43.5677,44.7903,45.6903,46.4618,47.1942,47.9199,48.648,49.3803,50.117,50.8581,51.6038,52.3539,53.1085,53.8677,54.6315,55.3999,56.173,56.9507,57.7331,58.5202,59.3121,60.1087,60.9102,61.7165,62.5276,63.3437,64.1647,64.9906,65.8216,66.6575,67.4985,68.3446,69.1957,70.052,70.9135,71.7802,72.6521,73.5293,74.4118,75.2996,76.1927,77.0913,77.9952,78.9047,79.8196,80.74,81.666,82.5976,83.5348,84.4777,85.4262,86.3805,87.3406,88.3064,89.2781,90.0151,90.5847,91.0329,91.3911,91.6816,91.9206,92.1195,92.2869,92.4293,92.5516,92.6575,92.7498,92.831,92.9028,92.966,93
0,0,0,0,0,0,0,0,0,0,0,0,7.79916,17.9792,26.6698,33.3406,37.9927,40.9973,42.8703,44.0855,44.9802,45.7471,46.475,47.1964,47.9201,48.648,49.3803,50.117,50.8581,51.6038,52.3539,53.1085,53.8677,54.6315,55.3999,56.173,56.9507,57.7331,58.5202,59.3121,60.1087,60.9102,61.7165,62.5276,63.3437,64.1647,64.9906,65.8216,66.6575,67.4985,68.3446,69.1957,70.052,70.9135,71.7802,72.6521,73.5293,74.4118,75.2996,76.1927,77.0913,77.9952,78.9047,79.8196,80.74,81.666,82.5976,83.5348,84.4777,85.4262,86.3805,87.3406,88.3064,89.2781,90.0151,90.5847,91.0329,91.3911,91.6816,91.9206,92.1195,92.2869,92.4293,92.5516,92.6575,92.7498,92.831,92.9028,92.966,93
0,0,0,0,0,0,0,0,0,0,0,7.31636,17.4354,26.0738,32.7045,37.3288,40.3153,42.177,43.385,44.2743,45.0366,45.7602,46.4772,47.1966,47.9201,48.648,49.3803,50.117,50.8581,51.6038,52.3539,53.1085,53.8677,54.6315,55.3999,56.173,56.9507,57.7331,58.5202,59.3121,60.1087,60.9102,61.7165,62.5276,63.3437,64.1647,64.9906,65.8216,66.6575,67.4985,68.3446,69.1957,70.052,70.9135,71.7802,72.6521,73.5293,74.4118,75.2996,76.1927,77.0913,77.9952,78.9047,79.8196,80.74,81.666,82.5976,83.5348,84.4777,85.4262,86.3805,87.3406,88.3064,89.2781,90.0151,90.5847,91.0329,91.3911,91.6816,91.9206,92.1195,92.2869,92.4293,92.5516,92.6575,92.7498,92.831,92.9028,92.966,93
0,0,0,0,0,0,0,0,0,0,6.83646,16.8947,25.4814,32.0723,36.6688,39.6374,41.488,42.6887,43.5727,44.3304,45.0496,45.7623,46.4774,47.1966,47.9201,48.648,49.3803,50.117,50.8581,51.6038,52.3539,53.1085,53.8677,54.6315,55.3999,56.173,56.9507,57.7331,58.5202,59.3121,60.1087,60.9102,61.7165,62.5276,63.3437,64.1647,64.9906,65.8216,66.6575,67.4985,68.3446,69.1957,70.052,70.9135,71.7802,72.6521,73.5293,74.4118,75.2996,76.1927,77.0913,77.9952,78.9047,79.8196,80.74,81.666,82.5976,83.5348,84.4777,85.4262,86.3805,87.3406,88.3064,89.2781,90.0151,90.5847,91.0329,91.3911,91.6816,91.9206,92.1195,92.2869,92.4293,92.5516,92.6575,92.7498,92.831,92.9028,92.966,93
0,0,0,0,0,0,0,0,0,6.35945,16.3574,24.8925,31.4439,36.0128,38.9636,40.803,41.9966,42.8752,43.6284,44.3433,45.0517,45.7625,46.4774,47.1966,47.9201,48.648,49.3803,50.117,50.8581,51.6038,52.3539,53.1085,53.8677,54.6315,55.3999,56.173,56.9507,57.7331,58.5202,59.3121,60.1087,60.9102,61.7165,62.5276,63.3437,64.1647,64.9906,65.8216,66.6575,67.4985,68.3446,69.1957,70.052,70.9135,71.7802,72.6521,73.5293,74.4118,75.2996,76.1927,77.0913,77.9952,78.9047,79.8196,80.74,81.666,82.5976,83.5348,84.4777,85.4262,86.3805,87.3406,88.3064,89.2781,90.0151,90.5847,91.0329,91.3911,91.6816,91.9206,92.1195,92.2869,92.4293,92.5516,92.6575,92.7498,92.831,92.9028,92.966,93
0,0,0,0,0,0,0,0,5.88529,15.8232,24.3071,30.8192,35.3607,38.2938,40.1222,41.3086,42.182,42.9306,43.6412,44.3454,45.052,45.7625,46.4774,47.1966,47.9201,48.648,49.3803,50.117,50.8581,51.6038,52.3539,53.1085,53.8677,54.6315,55.3999,56.173,56.9507,57.7331,58.5202,59.3121,60.1087,60.9102,61.7165,62.5276,63.3437,64.1647,64.9906,65.8216,66.6575,67.4985,68.3446,69.1957,70.052,70.9135,71.7802,72.6521,73.5293,74.4118,75.2996,76.1927,77.0913,77.9952,78.9047,79.8196,80.74,81.666,82.5976,83.5348,84.4777,85.4262,86.3805,87.3406,88.3064,89.2781,90.0151,90.5847,91.0329,91.3911,91.6816,91.9206,92.1195,92.2869,92.4293,92.5516,92.6575,92.7498,92.831,92.9028,92.966,93
0,0,0,0,0,0,0,5.41398,15.2923,23.7253,30.1983,34.7125,37.6281,39.4455,40.6247,41.4929,42.237,42.9434,43.6434,44.3457,45.052,45.7625,46.4774,47.1966,47.9201,48.648,49.3803,50.117,50.8581,51.6038,52.3539,53.1085,53.8677,54.6315,55.3999,56.173,56.9507,57.7331,58.5202,59.3121,60.1087,60.9102,61.7165,62.5276,63.3437,64.1647,64.9906,65.8216,66.6575,67.4985,68.3446,69.1957,70.052,70.9135,71.7802,72.6521,73.5293,74.4118,75.2996,76.1927,77.0913,77.9952,78.9047,79.8196,80.74,81.666,82.5976,83.5348,84.4777,85.4262,86.3805,87.3406,88.3064,89.2781,90.0151,90.5847,91.0329,91.3911,91.6816,91.9206,92.1195,92.2869,92.4293,92.5516,92.6575,92.7498,92.831,92.9028,92.966,93
0,0,0,0,0,0,4.94549,14.7645,23.1469,29.5811,34.0683,36.9663,38.7728,39.945,40.8079,41.5476,42.2497,42.9455,43.6436,44.3457,45.052,45.7625,46.4774,47.1966,47.9201,48.648,49.3803,50.117,50.8581,51.6038,52.3539,53.1085,53.8677,54.6315,55.3999,56.173,56.9507,57.7331,58.5202,59.3121,60.1087,60.9102,61.7165,62.5276,63.3437,64.1647,64.9906,65.8216,66.6575,67.4985,68.3446,69.1957,70.052,70.9135,71.7802,72.6521,73.5293,74.4118,75.2996,76.1927,77.0913,77.9952,78.9047,79.8196,80.74,81.666,82.5976,83.5348,84.4777,85.4262,86.3805,87.3406,88.3064,89.2781,90.0151,90.5847,91.0329,91.3911,91.6816,91.9206,92.1195,92.2869,92.4293,92.5516,92.6575,92.7498,92.831,92.9028,92.966,93
0,0,0,0,0,4.47982,14.2399,22.5721,28.9676,33.4278,36.3085,38.1042,39.2693,40.1271,40.8623,41.5602,42.2518,42.9457,43.6436,44.3457,45.052,45.7625,46.4774,47.1966,47.9201,48.648,49.3803,50.117,50.8581,51.6038,52.3539,53.1085,53.8677,54.6315,55.3999,56.173,56.9507,57.7331,58.5202,59.3121,60.1087,60.9102,61.7165,62.5276,63.3437,64.1647,64.9906,65.8216,66.6575,67.4985,68.3446,69.1957,70.052,70.9135,71.7802,72.6521,73.5293,74.4118,75.2996,76.1927,77.0913,77.9952,78.9047,79.8196,80.74,81.666,82.5976,83.5348,84.4777,85.4262,86.3805,87.3406,88.3064,89.2781,90.0151,90.5847,91.0329,91.3911,91.6816,91.9206,92.1195,92.2869,92.4293,92.5516,92.6575,92.7498,92.831,92.9028,92.966,93
0,0,0,0,4.01694,13.7185,22.0006,28.3578,32.7913,35.6546,37.4396,38.5977,39.4503,40.1812,40.8749,41.5623,42.252,42.9457,43.6436,44.3457,45.052,45.7625,46.4774,47.1966,47.9201,48.648,49.3803,50.117,50.8581,51.6038,52.3539,53.1085,53.8677,54.6315,55.3999,56.173,56.9507,57.7331,58.5202,59.3121,60.1087,60.9102,61.7165,62.5276,63.3437,64.1647,64.9906,65.8216,66.6575,67.4985,68.3446,69.1957,70.052,70.9135,71.7802,72.6521,73.5293,74.4118,75.2996,76.1927,77.0913,77.9952,78.9047,79.8196,80.74,81.666,82.5976,83.5348,84.4777,85.4262,86.3805,87.3406,88.3064,89.2781,90.0151,90.5847,91.0329,91.3911,91.6816,91.9206,92.1195,92.2869,92.4293,92.5516,92.6575,92.7498,92.831,92.9028,92.966,93
0,0,0,3.55684,13.2002,21.4326,27.7516,32.1585,35.0047,36.7789,37.9301,38.7776,39.5041,40.1936,40.8769,41.5625,42.252,42.9457,43.6436,44.3457,45.052,45.7625,46.4774,47.1966,47.9201,48.648,49.3803,50.117,50.8581,51.6038,52.3539,53.1085,53.8677,54.6315,55.3999,56.173,56.9507,57.7331,58.5202,59.3121,60.1087,60.9102,61.7165,62.5276,63.3437,64.1647,64.9906,65.8216,66.6575,67.4985,68.3446,69.1957,70.052,70.9135,71.7802,72.6521,73.5293,74.4118,75.2996,76.1927,77.0913,77.9952,78.9047,79.8196,80.74,81.666,82.5976,83.5348,84.4777,85.4262,86.3805,87.3406,88.3064,89.2781,90.0151,90.5847,91.0329,91.3911,91.6816,91.9206,92.1195,92.2869,92.4293,92.5516,92.6575,92.7498,92.831,92.9028,92.966,93
0,0,3.0995,12.685,20.868,27.1491,31.5296,34.3587,36.1222,37.2665,38.1089,38.831,39.5165,40.1957,40.8772,41.5625,42.252,42.9457,43.6436,44.3457,45.052,45.7625,46.4774,47.1966,47.9201,48.648,49.3803,50.117,50.8581,51.6038,52.3539,53.1085,53.8677,54.6315,55.3999,56.173,56.9507,57.7331,58.5202,59.3121,60.1087,60.9102,61.7165,62.5276,63.3437,64.1647,64.9906,65.8216,66.6575,67.4985,68.3446,69.1957,70.052,70.9135,71.7802,72.6521,73.5293,74.4118,75.2996,76.1927,77.0913,77.9952,78.9047,79.8196,80.74,81.666,82.5976,83.5348,84.4777,85.4262,86.3805,87.3406,88.3064,89.2781,90.0151,90.5847,91.0329,91.3911,91.6816,91.9206,92.1195,92.2869,92.4293,92.5516,92.6575,92.7498,92.831,92.9028,92.966,93
0,2.6449,12.1729,20.3068,26.5502,30.9044,33.7165,35.4695,36.6069,37.4443,38.1621,38.8434,39.5185,40.1959,40.8772,41.5625,42.252,42.9457,43.6436,44.3457,45.052,45.7625,46.4774,47.1966,47.9201,48.648,49.3803,50.117,50.8581,51.6038,52.3539,53.1085,53.8677,54.6315,55.3999,56.173,56.9507,57.7331,58.5202,59.3121,60.1087,60.9102,61.7165,62.5276,63.3437,64.1647,64.9906,65.8216,66.6575,67.4985,68.3446,69.1957,70.052,70.9135,71.7802,72.6521,73.5293,74.4118,75.2996,76.1927,77.0913,77.9952,78.9047,79.8196,80.74,81.666,82.5976,83.5348,84.4777,85.4262,86.3805,87.3406,88.3064,89.2781,90.0151,90.5847,91.0329,91.3911,91.6816,91.9206,92.1195,92.2869,92.4293,92.5516,92.6575,92.7498,92.831,92.9028,92.966,93
2.19303,11.6638,19.749,25.9549,30.283,33.0782,34.8207,35.9513,36.7836,37.4971,38.1743,38.8454,39.5187,40.1959,40.8772,41.5625,42.252,42.9457,43.6436,44.3457,45.052,45.7625,46.4774,47.1966,47.9201,48.648,49.3803,50.117,50.8581,51.6038,52.3539,53.1085,53.8677,54.6315,55.3999,56.173,56.9507,57.7331,58.5202,59.3121,60.1087,60.9102,61.7165,62.5276,63.3437,64.1647,64.9906,65.8216,66.6575,67.4985,68.3446,69.1957,70.052,70.9135,71.7802,72.6521,73.5293,74.4118,75.2996,76.1927,77.0913,77.9952,78.9047,79.8196,80.74,81.666,82.5976,83.5348,84.4777,85.4262,86.3805,87.3406,88.3064,89.2781,90.0151,90.5847,91.0329,91.3911,91.6816,91.9206,92.1195,92.2869,92.4293,92.5516,92.6575,92.7498,92.831,92.9028,92.966,93
11.1579,19.1945,25.3632,29.6653,32.4438,34.1758,35.2996,36.1269,36.8361,37.5093,38.1763,38.8456,39.5187,40.1959,40.8772,41.5625,42.252,42.9457,43.6436,44.3457,45.052,45.7625,46.4774,47.1966,47.9201,48.648,49.3803,50.117,50.8581,51.6038,52.3539,53.1085,53.8677,54.6315,55.3999,56.173,56.9507,57.7331,58.5202,59.3121,60.1087,60.9102,61.7165,62.5276,63.3437,64.1647,64.9906,65.8216,66.6575,67.4985,68.3446,69.1957,70.052,70.9135,71.7802,72.6521,73.5293,74.4118,75.2996,76.1927,77.0913,77.9952,78.9047,79.8196,80.74,81.666,82.5976,83.5348,84.4777,85.4262,86.3805,87.3406,88.3064,89.2781,90.0151,90.5847,91.0329,91.3911,91.6816,91.9206,92.1195,92.2869,92.4293,92.5516,92.6575,92.7498,92.831,92.9028,92.966,93
18.6433,24.775,29.0513,31.8131,33.5347,34.6518,35.4742,36.1791,36.8482,37.5113,38.1765,38.8456,39.5187,40.1959,40.8772,41.5625,42.252,42.9457,43.6436,44.3457,45.052,45.7625,46.4774,47.1966,47.9201,48.648,49.3803,50.117,50.8581,51.6038,52.3539,53.1085,53.8677,54.6315,55.3999,56.173,56.9507,57.7331,58.5202,59.3121,60.1087,60.9102,61.7165,62.5276,63.3437,64.1647,64.9906,65.8216,66.6575,67.4985,68.3446,69.1957,70.052,70.9135,71.7802,72.6521,73.5293,74.4118,75.2996,76.1927,77.0913,77.9952,78.9047,79.8196,80.74,81.666,82.5976,83.5348,84.4777,85.4262,86.3805,87.3406,88.3064,89.2781,90.0151,90.5847,91.0329,91.3911,91.6816,91.9206,92.1195,92.2869,92.4293,92.5516,92.6575,92.7498,92.831,92.9028,92.966,93
24.1904,28.441,31.1862,32.8975,34.0079,34.8253,35.526,36.1911,36.8502,37.5115,38.1765,38.8456,39.5187,40.1959,40.8772,41.5625,42.252,42.9457,43.6436,44.3457,45.052,45.7625,46.4774,47.1966,47.9201,48.648,49.3803,50.117,50.8581,51.6038,52.3539,53.1085,53.8677,54.6315,55.3999,56.173,56.9507,57.7331,58.5202,59.3121,60.1087,60.9102,61.7165,62.5276,63.3437,64.1647,64.9906,65.8216,66.6575,67.4985,68.3446,69.1957,70.052,70.9135,71.7802,72.6521,73.5293,74.4118,75.2996,76.1927,77.0913,77.9952,78.9047,79.8196,80.74,81.666,82.5976,83.5348,84.4777,85.4262,86.3805,87.3406,88.3064,89.2781,90.0151,90.5847,91.0329,91.3911,91.6816,91.9206,92.1195,92.2869,92.4293,92.5516,92.6575,92.7498,92.831,92.9028,92.966,93
27.8343,30.5631,32.2641,33.3678,34.1804,34.8769,35.538,36.1931,36.8504,37.5115,38.1765,38.8456,39.5187,40.1959,40.8772,41.5625,42.252,42.9457,43.6436,44.3457,45.052,45.7625,46.4774,47.1966,47.9201,48.648,49.3803,50.117,50.8581,51.6038,52.3539,53.1085,53.8677,54.6315,55.3999,56.173,56.9507,57.7331,58.5202,59.3121,60.1087,60.9102,61.7165,62.5276,63.3437,64.1647,64.9906,65.8216,66.6575,67.4985,68.3446,69.1957,70.052,70.9135,71.7802,72.6521,73.5293,74.4118,75.2996,76.1927,77.0913,77.9952,78.9047,79.8196,80.74,81.666,82.5976,83.5348,84.4777,85.4262,86.3805,87.3406,88.3064,89.2781,90.0151,90.5847,91.0329,91.3911,91.6816,91.9206,92.1195,92.2869,92.4293,92.5516,92.6575,92.7498,92.831,92.9028,92.966,93
29.9437,31.6345,32.7316,33.5393,34.2316,34.8887,35.5399,36.1933,36.8504,37.5115,38.1765,38.8456,39.5187,40.1959,40.8772,41.5625,42.252,42.9457,43.6436,44.3457,45.052,45.7625,46.4774,47.1966,47.9201,48.648,49.3803,50.117,50.8581,51.6038,52.3539,53.1085,53.8677,54.6315,55.3999,56.173,56.9507,57.7331,58.5202,59.3121,60.1087,60.9102,61.7165,62.5276,63.3437,64.1647,64.9906,65.8216,66.6575,67.4985,68.3446,69.1957,70.052,70.9135,71.7802,72.6521,73.5293,74.4118,75.2996,76.1927,77.0913,77.9952,78.9047,79.8196,80.74,81.666,82.5976,83.5348,84.4777,85.4262,86.3805,87.3406,88.3064,89.2781,90.0151,90.5847,91.0329,91.3911,91.6816,91.9206,92.1195,92.2869,92.4293,92.5516,92.6575,92.7498,92.831,92.9028,92.966,93
31.0087,32.0992,32.902,33.5902,34.2434,34.8907,35.5401,36.1933,36.8504,37.5115,38.1765,38.8456,39.5187,40.1959,40.8772,41.5625,42.252,42.9457,43.6436,44.3457,45.052,45.7625,46.4774,47.1966,47.9201,48.648,49.3803,50.117,50.8581,51.6038,52.3539,53.1085,53.8677,54.6315,55.3999,56.173,56.9507,57.7331,58.5202,59.3121,60.1087,60.9102,61.7165,62.5276,63.3437,64.1647,64.9906,65.8216,66.6575,67.4985,68.3446,69.1957,70.052,70.9135,71.7802,72.6521,73.5293,74.4118,75.2996,76.1927,77.0913,77.9952,78.9047,79.8196,80.74,81.666,82.5976,83.5348,84.4777,85.4262,86.3805,87.3406,88.3064,89.2781,90.0151,90.5847,91.0329,91.3911,91.6816,91.9206,92.1195,92.2869,92.4293,92.5516,92.6575,92.7498,92.831,92.9028,92.966,93
31.4706,32.2686,32.9527,33.6019,34.2454,34.8909,35.5401,36.1933,36.8504,37.5115,38.1765,38.8456,39.5187,40.1959,40.8772,41.5625,42.252,42.9457,43.6436,44.3457,45.052,45.7625,46.4774,47.1966,47.9201,48.648,49.3803,50.117,50.8581,51.6038,52.3539,53.1085,53.8677,54.6315,55.3999,56.173,56.9507,57.7331,58.5202,59.3121,60.1087,60.9102,61.7165,62.5276,63.3437,64.1647,64.9906,65.8216,66.6575,67.4985,68.3446,69.1957,70.052,70.9135,71.7802,72.6521,73.5293,74.4118,75.2996,76.1927,77.0913,77.9952,78.9047,79.8196,80.74,81.666,82.5976,83.5348,84.4777,85.4262,86.3805,87.3406,88.3064,89.2781,90.0151,90.5847,91.0329,91.3911,91.6816,91.9206,92.1195,92.2869,92.4293,92.5516,92.6575,92.7498,92.831,92.9028,92.966,93
31.639,32.319,32.9643,33.6039,34.2456,34.8909,35.5401,36.1933,36.8504,37.5115,38.1765,38.8456,39.5187,40.1959,40.8772,41.5625,42.252,42.9457,43.6436,44.3457,45.052,45.7625,46.4774,47.1966,47.9201,48.648,49.3803,50.117,50.8581,51.6038,52.3539,53.1085,53.8677,54.6315,55.3999,56.173,56.9507,57.7331,58.5202,59.3121,60.1087,60.9102,61.7165,62.5276,63.3437,64.1647,64.9906,65.8216,66.6575,67.4985,68.3446,69.1957,70.052,70.9135,71.7802,72.6521,73.5293,74.4118,75.2996,76.1927,77.0913,77.9952,78.9047,79.8196,80.74,81.666,82.5976,83.5348,84.4777,85.4262,86.3805,87.3406,88.3064,89.2781,90.0151,90.5847,91.0329,91.3911,91.6816,91.9206,92.1195,92.2869,92.4293,92.5516,92.6575,92.7498,92.831,92.9028,92.966,93
31.689,32.3306,32.9663,33.6041,34.2456,34.8909,35.5401,36.1933,36.8504,37.5115,38.1765,38.8456,39.5187,40.1959,40.8772,41.5625,42.252,42.9457,43.6436,44.3457,45.052,45.7625,46.4774,47.1966,47.9201,48.648,49.3803,50.117,50.8581,51.6038,52.3539,53.1085,53.8677,54.6315,55.3999,56.173,56.9507,57.7331,58.5202,59.3121,60.1087,60.9102,61.7165,62.5276,63.3437,64.1647,64.9906,65.8216,66.6575,67.4985,68.3446,69.1957,70.052,70.9135,71.7802,72.6521,73.5293,74.4118,75.2996,76.1927,77.0913,77.9952,78.9047,79.8196,80.74,81.666,82.5976,83.5348,84.4777,85.4262,86.3805,87.3406,88.3064,89.2781,90.0151,90.5847,91.0329,91.3911,91.6816,91.9206,92.1195,92.2869,92.4293,92.5516,92.6575,92.7498,92.831,92.9028,92.966,93
31.7006,32.3325,32.9665,33.6041,34.2456,34.8909,35.5401,36.1933,36.8504,37.5115,38.1765,38.8456,39.5187,40.1959,40.8772,41.5625,42.252,42.9457,43.6436,44.3457,45.052,45.7625,46.4774,47.1966,47.9201,48.648,49.3803,50.117,50.8581,51.6038,52.3539,53.1085,53.8677,54.6315,55.3999,56.173,56.9507,57.7331,58.5202,59.3121,60.1087,60.9102,61.7165,62.5276,63.3437,64.1647,64.9906,65.8216,66.6575,67.4985,68.3446,69.1957,70.052,70.9135,71.7802,72.6521,73.5293,74.4118,75.2996,76.1927,77.0913,77.9952,78.9047,79.8196,80.74,81.666,82.5976,83.5348,84.4777,85.4262,86.3805,87.3406,88.3064,89.2781,90.0151,90.5847,91.0329,91.3911,91.6816,91.9206,92.1195,92.2869,92.4293,92.5516,92.6575,92.7498,92.831,92.9028,92.966,93
31.7025,32.3327,32.9665,33.6041,34.2456,34.8909,35.5401,36.1933,36.8504,37.5115,38.1765,38.8456,39.5187,40.1959,40.8772,41.5625,42.252,42.9457,43.6436,44.3457,45.052,45.7625,46.4774,47.1966,47.9201,48.648,49.3803,50.117,50.8581,51.6038,52.3539,53.1085,53.8677,54.6315,55.3999,56.173,56.9507,57.7331,58.5202,59.3121,60.1087,60.9102,61.7165,62.5276,63.3437,64.1647,64.9906,65.8216,66.6575,67.4985,68.3446,69.1957,70.052,70.9135,71.7802,72.6521,73.5293,74.4118,75.2996,76.1927,77.0913,77.9952,78.9047,79.8196,80.74,81.666,82.5976,83.5348,84.4777,85.4262,86.3805,87.3406,88.3064,89.2781,90.0151,90.5847,91.0329,91.3911,91.6816,91.9206,92.1195,92.2869,92.4293,92.5516,92.6575,92.7498,92.831,92.9028,92.966,93
31.7027,32.3327,32.9665,33.6041,34.2456,34.8909,35.5401,36.1933,36.8504,37.5115,38.1765,38.8456,39.5187,40.1959,40.8772,41.5625,42.252,42.9457,43.6436,44.3457,45.052,45.7625,46.4774,47.1966,47.9201,48.648,49.3803,50.117,50.8581,51.6038,52.3539,53.1085,53.8677,54.6315,55.3999,56.173,56.9507,57.7331,58.5202,59.3121,60.1087,60.9102,61.7165,62.5276,63.3437,64.1647,64.9906,65.8216,66.6575,67.4985,68.3446,69.1957,70.052,70.9135,71.7802,72.6521,73.5293,74.4118,75.2996,76.1927,77.0913,77.9952,78.9047,79.8196,80.74,81.666,82.5976,83.5348,84.4777,85.4262,86.3805,87.3406,88.3064,89.2781,90.0151,90.5847,91.0329,91.3911,91.6816,91.9206,92.1195,92.2869,92.4293,92.5516,92.6575,92.7498,92.831,92.9028,92.966,93
31.7027,32.3327,32.9665,33.6041,34.2456,34.8909,35.5401,36.1933,36.8504,37.5115,38.1765,38.8456,39.5187,40.1959,40.8772,41.5625,42.252,42.9457,43.6436,44.3457,45.052,45.7625,46.4774,47.1966,47.9201,48.648,49.3803,50.117,50.8581,51.6038,52.3539,53.1085,53.8677,54.6315,55.3999,56.173,56.9507,57.7331,58.5202,59.3121,60.1087,60.9102,61.7165,62.5276,63.3437,64.1647,64.9906,65.8216,66.6575,67.4985,68.3446,69.1957,70.052,70.9135,71.7802,72.6521,73.5293,74.4118,75.2996,76.1927,77.0913,77.9952,78.9047,79.8196,80.74,81.666,82.5976,83.5348,84.4777,85.4262,86.3805,87.3406,88.3064,89.2781,90.0151,90.5847,91.0329,91.3911,91.6816,91.9206,92.1195,92.2869,92.4293,92.5516,92.6575,92.7498,92.831,92.9028,92.966,93
31.7027,32.3327,32.9665,33.6041,34.2456,34.8909,35.5401,36.1933,36.8504,37.5115,38.1765,38.8456,39.5187,40.1959,40.8772,41.5625,42.252,42.9457,43.6436,44.3457,45.052,45.7625,46.4774,47.1966,47.9201,48.648,49.3803,50.117,50.8581,51.6038,52.3539,53.1085,53.8677,54.6315,55.3999,56.173,56.9507,57.7331,58.5202,59.3121,60.1087,60.9102,61.7165,62.5276,63.3437,64.1647,64.9906,65.8216,66.6575,67.4985,68.3446,69.1957,70.052,70.9135,71.7802,72.6521,73.5293,74.4118,75.2996,76.1927,77.0913,77.9952,78.9047,79.8196,80.74,81.666,82.5976,83.5348,84.4777,85.4262,86.3805,87.3406,88.3064,89.2781,90.0151,90.5847,91.0329,91.3911,91.6816,91.9206,92.1195,92.2869,92.4293,92.5516,92.6575,92.7498,92.831,92.9028,92.966,93
31.7027,32.3327,32.9665,33.6041,34.2456,34.8909,35.5401,36.1933,36.8504,37.5115,38.1765,38.8456,39.5187,40.1959,40.8772,41.5625,42.252,42.9457,43.6436,44.3457,45.052,45.7625,46.4774,47.1966,47.9201,48.648,49.3803,50.117,50.8581,51.6038,52.3539,53.1085,53.8677,54.6315,55.3999,56.173,56.9507,57.7331,58.5202,59.3121,60.1087,60.9102,61.7165,62.5276,63.3437,64.1647,64.9906,65.8216,66.6575,67.4985,68.3446,69.1957,70.052,70.9135,71.7802,72.6521,73.5293,74.4118,75.2996,76.1927,77.0913,77.9952,78.9047,79.8196,80.74,81.666,82.5976,83.5348,84.4777,85.4262,86.3805,87.3406,88.3064,89.2781,90.0151,90.5847,91.0329,91.3911,91.6816,91.9206,92.1195,92.2869,92.4293,92.5516,92.6575,92.7498,92.831,92.9028,92.966,93
31.7027,32.3327,32.9665,33.6041,34.2456,34.8909,35.5401,36.1933,36.8504,37.5115,38.1765,38.8456,39.5187,40.1959,40.8772,41.5625,42.252,42.9457,43.6436,44.3457,45.052,45.7625,46.4774,47.1966,47.9201,48.648,49.3803,50.117,50.8581,51.6038,52.3539,53.1085,53.8677,54.6315,55.3999,56.173,56.9507,57.7331,58.5202,59.3121,60.1087,60.9102,61.7165,62.5276,63.3437,64.1647,64.9906,65.8216,66.6575,67.4985,68.3446,69.1957,70.052,70.9135,71.7802,72.6521,73.5293,74.4118,75.2996,76.1927,77.0913,77.9952,78.9047,79.8196,80.74,81.666,82.5976,83.5348,84.4777,85.4262,86.3805,87.3406,88.3064,89.2781,90.0151,90.5847,91.0329,91.3911,91.6816,91.9206,92.1195,92.2869,92.4293,92.5516,92.6575,92.7498,92.831,92.9028,92.966,93
31.7027,32.3327,32.9665,33.6041,34.2456,34.8909,35.5401,36.1933,36.8504,37.5115,38.1765,38.8456,39.5187,40.1959,40.8772,41.5625,42.252,42.9457,43.6436,44.3457,45.052,45.7625,46.4774,47.1966,47.9201,48.648,49.3803,50.117,50.8581,51.6038,52.3539,53.1085,53.8677,54.6315,55.3999,56.173,56.9507,57.7331,58.5202,59.3121,60.1087,60.9102,61.7165,62.5276,63.3437,64.1647,64.9906,65.8216,66.6575,67.4985,68.3446,69.1957,70.052,70.9135,71.7802,72.6521,73.5293,74.4118,75.2996,76.1927,77.0913,77.9952,78.9047,79.8196,80.74,81.666,82.5976,83.5348,84.4777,85.4262,86.3805,87.3406,88.3064,89.2781,90.0151,90.5847,91.0329,91.3911,91.6816,91.9206,92.1195,92.2869,92.4293,92.5516,92.6575,92.7498,92.831,92.9028,92.966,93
31.7027,32.3327,32.9665,33.6041,34.2456,34.8909,35.5401,36.1933,36.8504,37.5115,38.1765,38.8456,39.5187,40.1959,40.8772,41.5625,42.252,42.9457,43.6436,44.3457,45.052,45.7625,46.4774,47.1966,47.9201,48.648,49.3803,50.117,50.8581,51.6038,52.3539,53.1085,53.8677,54.6315,55.3999,56.173,56.9507,57.7331,58.5202,59.3121,60.1087,60.9102,61.7165,62.5276,63.3437,64.1647,64.9906,65.8216,66.6575,67.4985,68.3446,69.1957,70.052,70.9135,71.7802,72.6521,73.5293,74.4118,75.2996,76.1927,77.0913,77.9952,78.9047,79.8196,80.74,81.666,82.5976,83.5348,84.4777,85.4262,86.3805,87.3406,88.3064,89.2781,90.0151,90.5847,91.0329,91.3911,91.6816,91.9206,92.1195,92.2869,92.4293,92.5516,92.6575,92.7498,92.831,92.9028,92.966,93
31.7027,32.3327,32.9665,33.6041,34.2456,34.8909,35.5401,36.1933,36.8504,37.5115,38.1765,38.8456,39.5187,40.1959,40.8772,41.5625,42.252,42.9457,43.6436,44.3457,45.052,45.7625,46.4774,47.1966,47.9201,48.648,49.3803,50.117,50.8581,51.6038,52.3539,53.1085,53.8677,54.6315,55.3999,56.173,56.9507,57.7331,58.5202,59.3121,60.1087,60.9102,61.7165,62.5276,63.3437,64.1647,64.9906,65.8216,66.6575,67.4985,68.3446,69.1957,70.052,70.9135,71.7802,72.6521,73.5293,74.4118,75.2996,76.1927,77.0913,77.9952,78.9047,79.8196,80.74,81.666,82.5976,83.5348,84.4777,85.4262,86.3805,87.3406,88.3064,89.2781,90.0151,90.5847,91.0329,91.3911,91.6816,91.9206,92.1195,92.2869,92.4293,92.5516,92.6575,92.7498,92.831,92.9028,92.966,93
31.7027,32.3327,32.9665,33.6041,34.2456,34.8909,35.5401,36.1933,36.8504,37.5115,38.1765,38.8456,39.5187,40.1959,40.8772,41.5625,42.252,42.9457,43.6436,44.3457,45.052,45.7625,46.4774,47.1966,47.9201,48.648,49.3803,50.117,50.8581,51.6038,52.3539,53.1085,53.8677,54.6315,55.3999,56.173,56.9507,57.7331,58.5202,59.3121,60.1087,60.9102,61.7165,62.5276,63.3437,64.1647,64.9906,65.8216,66.6575,67.4985,68.3446,69.1957,70.052,70.9135,71.7802,72.6521,73.5293,74.4118,75.2996,76.1927,77.0913,77.9952,78.9047,79.8196,80.74,81.666,82.5976,83.5348,84.4777,85.4262,86.3805,87.3406,88.3064,89.2781,90.0151,90.5847,91.0329,91.3911,91.6816,91.9206,92.1195,92.2869,92.4293,92.5516,92.6575,92.7498,92.831,92.9028,92.966,93
31.7027,32.3327,32.9665,33.6041,34.2456,34.8909,35.5401,36.1933,36.8504,37.5115,38.1765,38.8456,39.5187,40.1959,40.8772,41.5625,42.252,42.9457,43.6436,44.3457,45.052,45.7625,46.4774,47.1966,47.9201,48.648,49.3803,50.117,50.8581,51.6038,52.3539,53.1085,53.8677,54.6315,55.3999,56.173,56.9507,57.7331,58.5202,59.3121,60.1087,60.9102,61.7165,62.5276,63.3437,64.1647,64.9906,65.8216,66.6575,67.4985,68.3446,69.1957,70.052,70.9135,71.7802,72.6521,73.5293,74.4118,75.2996,76.1927,77.0913,77.9952,78.9047,79.8196,80.74,81.666,82.5976,83.5348,84.4777,85.4262,86.3805,87.3406,88.3064,89.2781,90.0151,90.5847,91.0329,91.3911,91.6816,91.9206,92.1195,92.2869,92.4293,92.5516,92.6575,92.7498,92.831,92.9028,92.966,93
31.7027,32.3327,32.9665,33.6041,34.2456,34.8909,35.5401,36.1933,36.8504,37.5115,38.1765,38.8456,39.5187,40.1959,40.8772,41.5625,42.252,42.9457,43.6436,44.3457,45.052,45.7625,46.4774,47.1966,47.9201,48.648,49.3803,50.117,50.8581,51.6038,52.3539,53.1085,53.8677,54.6315,55.3999,56.173,56.9507,57.7331,58.5202,59.3121,60.1087,60.9102,61.7165,62.5276,63.3437,64.1647,64.9906,65.8216,66.6575,67.4985,68.3446,69.1957,70.052,70.9135,71.7802,72.6521,73.5293,74.4118,75.2996,76.1927,77.0913,77.9952,78.9047,79.8196,80.74,81.666,82.5976,83.5348,84.4777,85.4262,86.3805,87.3406,88.3064,89.2781,90.0151,90.5847,91.0329,91.3911,91.6816,91.9206,92.1195,92.2869,92.4293,92.5516,92.6575,92.7498,92.831,92.9028,92.966,93
31.7027,32.3327,32.9665,33.6041,34.2456,34.8909,35.5401,36.1933,36.8504,37.5115,38.1765,38.8456,39.5187,40.1959,40.8772,41.5625,42.252,42.9457,43.6436,44.3457,45.052,45.7625,46.4774,47.1966,47.9201,48.648,49.3803,50.117,50.8581,51.6038,52.3539,53.1085,53.8677,54.6315,55.3999,56.173,56.9507,57.7331,58.5202,59.3121,60.1087,60.9102,61.7165,62.5276,63.3437,64.1647,64.9906,65.8216,66.6575,67.4985,68.3446,69.1957,70.052,70.9135,71.7802,72.6521,73.5293,74.4118,75.2996,76.1927,77.0913,77.9952,78.9047,79.8196,80.74,81.666,82.5976,83.5348,84.4777,85.4262,86.3805,87.3406,88.3064,89.2781,90.0151,90.5847,91.0329,91.3911,91.6816,91.9206,92.1195,92.2869,92.4293,92.5516,92.6575,92.7498,92.831,92.9028,92.966,93
31.7027,32.3327,32.9665,33.6041,34.2456,34.8909,35.5401,36.1933,36.8504,37.5115,38.1765,38.8456,39.5187,40.1959,40.8772,41.5625,42.252,42.9457,43.6436,44.3457,45.052,45.7625,46.4774,47.1966,47.9201,48.648,49.3803,50.117,50.8581,51.6038,52.3539,53.1085,53.8677,54.6315,55.3999,56.173,56.9507,57.7331,58.5202,59.3121,60.1087,60.9102,61.7165,62.5276,63.3437,64.1647,64.9906,65.8216,66.6575,67.4985,68.3446,69.1957,70.052,70.9135,71.7802,72.6521,73.5293,74.4118,75.2996,76.1927,77.0913,77.9952,78.9047,79.8196,80.74,81.666,82.5976,83.5348,84.4777,85.4262,86.3805,87.3406,88.3064,89.2781,90.0151,90.5847,91.0329,91.3911,91.6816,91.9206,92.1195,92.2869,92.4293,92.5516,92.6575,92.7498,92.831,92.9028,92.966,93
31.7027,32.3327,32.9665,33.6041,34.2456,34.8909,35.5401,36.1933,36.8504,37.5115,38.1765,38.8456,39.5187,40.1959,40.8772,41.5625,42.252,42.9457,43.6436,44.3457,45.052,45.7625,46.4774,47.1966,47.9201,48.648,49.3803,50.117,50.8581,51.6038,52.3539,53.1085,53.8677,54.6315,55.3999,56.173,56.9507,57.7331,58.5202,59.3121,60.1087,60.9102,61.7165,62.5276,63.3437,64.1647,64.9906,65.8216,66.6575,67.4985,68.3446,69.1957,70.052,70.9135,71.7802,72.6521,73.5293,74.4118,75.2996,76.1927,77.0913,77.9952,78.9047,79.8196,80.74,81.666,82.5976,83.5348,84.4777,85.4262,86.3805,87.3406,88.3064,89.2781,90.0151,90.5847,91.0329,91.3911,91.6816,91.9206,92.1195,92.2869,92.4293,92.5516,92.6575,92.7498,92.831,92.9028,92.966,93
31.7027,32.3327,32.9665,33.6041,34.2456,34.8909,35.5401,36.1933,36.8504,37.5115,38.1765,38.8456,39.5187,40.1959,40.8772,41.5625,42.252,42.9457,43.6436,44.3457,45.052,45.7625,46.4774,47.1966,47.9201,48.648,49.3803,50.117,50.8581,51.6038,52.3539,53.1085,53.8677,54.6315,55.3999,56.173,56.9507,57.7331,58.5202,59.3121,60.1087,60.9102,61.7165,62.5276,63.3437,64.1647,64.9906,65.8216,66.6575,67.4985,68.3446,69.1957,70.052,70.9135,71.7802,72.6521,73.5293,74.4118,75.2996,76.1927,77.0913,77.9952,78.9047,79.8196,80.74,81.666,82.5976,83.5348,84.4777,85.4262,86.3805,87.3406,88.3064,89.2781,90.0151,90.5847,91.0329,91.3911,91.6816,91.9206,92.1195,92.2869,92.4293,92.5516,92.6575,92.7498,92.831,92.9028,92.966,93
31.7027,32.3327,32.9665,33.6041,34.2456,34.8909,35.5401,36.1933,36.8504,37.5115,38.1765,38.8456,39.5187,40.1959,40.8772,41.5625,42.252,42.9457,43.6436,44.3457,45.052,45.7625,46.4774,47.1966,47.9201,48.648,49.3803,50.117,50.8581,51.6038,52.3539,53.1085,53.8677,54.6315,55.3999,56.173,56.9507,57.7331,58.5202,59.3121,60.1087,60.9102,61.7165,62.5276,63.3437,64.1647,64.9906,65.8216,66.6575,67.4985,68.3446,69.1957,70.052,70.9135,71.7802,72.6521,73.5293,74.4118,75.2996,76.1927,77.0913,77.9952,78.9047,79.8196,80.74,81.666,82.5976,83.5348,84.4777,85.4262,86.3805,87.3406,88.3064,89.2781,90.0151,90.5847,91.0329,91.3911,91.6816,91.9206,92.1195,92.2869,92.4293,92.5516,92.6575,92.7498,92.831,92.9028,92.966,93
31.7027,32.3327,32.9665,33.6041,34.2456,34.8909,35.5401,36.1933,36.8504,37.5115,38.1765,38.8456,39.5187,40.1959,40.8772,41.5625,42.252,42.9457,43.6436,44.3457,45.052,45.7625,46.4774,47.1966,47.9201,48.648,49.3803,50.117,50.8581,51.6038,52.3539,53.1085,53.8677,54.6315,55.3999,56.173,56.9507,57.7331,58.5202,59.3121,60.1087,60.9102,61.7165,62.5276,63.3437,64.1647,64.9906,65.8216,66.6575,67.4985,68.3446,69.1957,70.052,70.9135,71.7802,72.6521,73.5293,74.4118,75.2996,76.1927,77.0913,77.9952,78.9047,79.8196,80.74,81.666,82.5976,83.5348,84.4777,85.4262,86.3805,87.3406,88.3064,89.2781,90.0151,90.5847,91.0329,91.3911,91.6816,91.9206,92.1195,92.2869,92.4293,92.5516,92.6575,92.7498,92.831,92.9028,92.966,93
31.7027,32.3327,32.9665,33.6041,34.2456,34.8909,35.5401,36.1933,36.8504,37.5115,38.1765,38.8456,39.5187,40.1959,40.8772,41.5625,42.252,42.9457,43.6436,44.3457,45.052,45.7625,46.4774,47.1966,47.9201,48.648,49.3803,50.117,50.8581,51.6038,52.3539,53.1085,53.8677,54.6315,55.3999,56.173,56.9507,57.7331,58.5202,59.3121,60.1087,60.9102,61.7165,62.5276,63.3437,64.1647,64.9906,65.8216,66.6575,67.4985,68.3446,69.1957,70.052,70.9135,71.7802,72.6521,73.5293,74.4118,75.2996,76.1927,77.0913,77.9952,78.9047,79.8196,80.74,81.666,82.5976,83.5348,84.4777,85.4262,86.3805,87.3406,88.3064,89.2781,90.0151,90.5847,91.0329,91.3911,91.6816,91.9206,92.1195,92.2869,92.4293,92.5516,92.6575,92.7498,92.831,92.9028,92.966,93
31.7027,32.3327,32.9665,33.6041,34.2456,34.8909,35.5401,36.1933,36.8504,37.5115,38.1765,38.8456,39.5187,40.1959,40.8772,41.5625,42.252,42.9457,43.6436,44.3457,45.052,45.7625,46.4774,47.1966,47.9201,48.648,49.3803,50.117,50.8581,51.6038,52.3539,53.1085,53.8677,54.6315,55.3999,56.173,56.9507,57.7331,58.5202,59.3121,60.1087,60.9102,61.7165,62.5276,63.3437,64.1647,64.9906,65.8216,66.6575,67.4985,68.3446,69.1957,70.052,70.9135,71.7802,72.6521,73.5293,74.4118,75.2996,76.1927,77.0913,77.9952,78.9047,79.8196,80.74,81.666,82.5976,83.5348,84.4777,85.4262,86.3805,87.3406,88.3064,89.2781,90.0151,90.5847,91.0329,91.3911,91.6816,91.9206,92.1195,92.2869,92.4293,92.5516,92.6575,92.7498,92.831,92.9028,92.966,93
31.7027,32.3327,32.9665,33.6041,34.2456,34.8909,35.5401,36.1933,36.8504,37.5115,38.1765,38.8456,39.5187,40.1959,40.8772,41.5625,42.252,42.9457,43.6436,44.3457,45.052,45.7625,46.4774,47.1966,47.9201,48.648,49.3803,50.117,50.8581,51.6038,52.3539,53.1085,53.8677,54.6315,55.3999,56.173,56.9507,57.7331,58.5202,59.3121,60.1087,60.9102,61.7165,62.5276,63.3437,64.1647,64.9906,65.8216,66.6575,67.4985,68.3446,69.1957,70.052,70.9135,71.7802,72.6521,73.5293,74.4118,75.2996,76.1927,77.0913,77.9952,78.9047,79.8196,80.74,81.666,82.5976,83.5348,84.4777,85.4262,86.3805,87.3406,88.3064,89.2781,90.0151,90.5847,91.0329,91.3911,91.6816,91.9206,92.1195,92.2869,92.4293,92.5516,92.6575,92.7498,92.831,92.9028,92.966,93
31.7027,32.3327,32.9665,33.6041,34.2456,34.8909,35.5401,36.1933,36.8504,37.5115,38.1765,38.8456,39.5187,40.1959,40.8772,41.5625,42.252,42.9457,43.6436,44.3457,45.052,45.7625,46.4774,47.1966,47.9201,48.648,49.3803,50.117,50.8581,51.6038,52.3539,53.1085,53.8677,54.6315,55.3999,56.173,56.9507,57.7331,58.5202,59.3121,60.1087,60.9102,61.7165,62.5276,63.3437,64.1647,64.9906,65.8216,66.6575,67.4985,68.3446,69.1957,70.052,70.9135,71.7802,72.6521,73.5293,74.4118,75.2996,76.1927,77.0913,77.9952,78.9047,79.8196,80.74,81.666,82.5976,83.5348,84.4777,85.4262,86.3805,87.3406,88.3064,89.2781,90.0151,90.5847,91.0329,91.3911,91.6816,91.9206,92.1195,92.2869,92.4293,92.5516,92.6575,92.7498,92.831,92.9028,92.966,93
31.7027,32.3327,32.9665,33.6041,34.2456,34.8909,35.5401,36.1933,36.8504,37.5115,38.1765,38.8456,39.5187,40.1959,40.8772,41.5625,42.252,42.9457,43.6436,44.3457,45.052,45.7625,46.4774,47.1966,47.9201,48.648,49.3803,50.117,50.8581,51.6038,52.3539,53.1085,53.8677,54.6315,55.3999,56.173,56.9507,57.7331,58.5202,59.3121,60.1087,60.9102,61.7165,62.5276,63.3437,64.1647,64.9906,65.8216,66.6575,67.4985,68.3446,69.1957,70.052,70.9135,71.7802,72.6521,73.5293,74.4118,75.2996,76.1927,77.0913,77.9952,78.9047,79.8196,80.74,81.666,82.5976,83.5348,84.4777,85.4262,86.3805,87.3406,88.3064,89.2781,90.0151,90.5847,91.0329,91.3911,91.6816,91.9206,92.1195,92.2869,92.4293,92.5516,92.6575,92.7498,92.831,92.9028,92.966,93
31.7027,32.3327,32.9665,33.6041,34.2456,34.8909,35.5401,36.1933,36.8504,37.5115,38.1765,38.8456,39.5187,40.1959,40.8772,41.5625,42.252,42.9457,43.6436,44.3457,45.052,45.7625,46.4774,47.1966,47.9201,48.648,49.3803,50.117,50.8581,51.6038,52.3539,53.1085,53.8677,54.6315,55.3999,56.173,56.9507,57.7331,58.5202,59.3121,60.1087,60.9102,61.7165,62.5276,63.3437,64.1647,64.9906,65.8216,66.6575,67.4985,68.3446,69.1957,70.052,70.9135,71.7802,72.6521,73.5293,74.4118,75.2996,76.1927,77.0913,77.9952,78.9047,79.8196,80.74,81.666,82.5976,83.5348,84.4777,85.4262,86.3805,87.3406,88.3064,89.2781,90.0151,90.5847,91.0329,91.3911,91.6816,91.9206,92.1195,92.2869,92.4293,92.5516,92.6575,92.7498,92.831,92.9028,92.966,93
31.7027,32.3327,32.9665,33.6041,34.2456,34.8909,35.5401,36.1933,36.8504,37.5115,38.1765,38.8456,39.5187,40.1959,40.8772,41.5625,42.252,42.9457,43.6436,44.3457,45.052,45.7625,46.4774,47.1966,47.9201,48.648,49.3803,50.117,50.8581,51.6038,52.3539,53.1085,53.8677,54.6315,55.3999,56.173,56.9507,57.7331,58.5202,59.3121,60.1087,60.9102,61.7165,62.5276,63.3437,64.1647,64.9906,65.8216,66.6575,67.4985,68.3446,69.1957,70.052,70.9135,71.7802,72.6521,73.5293,74.4118,75.2996,76.1927,77.0913,77.9952,78.9047,79.8196,80.74,81.666,82.5976,83.5348,84.4777,85.4262,86.3805,87.3406,88.3064,89.2781,90.0151,90.5847,91.0329,91.3911,91.6816,91.9206,92.1195,92.2869,92.4293,92.5516,92.6575,92.7498,92.831,92.9028,92.966,93
31.7027,32.3327,32.9665,33.6041,34.2456,34.8909,35.5401,36.1933,36.8504,37.5115,38.1765,38.8456,39.5187,40.1959,40.8772,41.5625,42.252,42.9457,43.6436,44.3457,45.052,45.7625,46.4774,47.1966,47.9201,48.648,49.3803,50.117,50.8581,51.6038,52.3539,53.1085,53.8677,54.6315,55.3999,56.173,56.9507,57.7331,58.5202,59.3121,60.1087,60.9102,61.7165,62.5276,63.3437,64.1647,64.9906,65.8216,66.6575,67.4985,68.3446,69.1957,70.052,70.9135,71.7802,72.6521,73.5293,74.4118,75.2996,76.1927,77.0913,77.9952,78.9047,79.8196,80.74,81.666,82.5976,83.5348,84.4777,85.4262,86.3805,87.3406,88.3064,89.2781,90.0151,90.5847,91.0329,91.3911,91.6816,91.9206,92.1195,92.2869,92.4293,92.5516,92.6575,92.7498,92.831,92.9028,92.966,93
31.7027,32.3327,32.9665,33.6041,34.2456,34.8909,35.5401,36.1933,36.8504,37.5115,38.1765,38.8456,39.5187,40.1959,40.8772,41.5625,42.252,42.9457,43.6436,44.3457,45.052,45.7625,46.4774,47.1966,47.9201,48.648,49.3803,50.117,50.8581,51.6038,52.3539,53.1085,53.8677,54.6315,55.3999,56.173,56.9507,57.7331,58.5202,59.3121,60.1087,60.9102,61.7165,62.5276,63.3437,64.1647,64.9906,65.8216,66.6575,67.4985,68.3446,69.1957,70.052,70.9135,71.7802,72.6521,73.5293,74.4118,75.2996,76.1927,77.0913,77.9952,78.9047,79.8196,80.74,81.666,82.5976,83.5348,84.4777,85.4262,86.3805,87.3406,88.3064,89.2781,90.0151,90.5847,91.0329,91.3911,91.6816,91.9206,92.1195,92.2869,92.4293,92.5516,92.6575,92.7498,92.831,92.9028,92.966,93
31.7027,32.3327,32.9665,33.6041,34.2456,34.8909,35.5401,36.1933,36.8504,37.5115,38.1765,38.8456,39.5187,40.1959,40.8772,41.5625,42.252,42.9457,43.6436,44.3457,45.052,45.7625,46.4774,47.1966,47.9201,48.648,49.3803,50.117,50.8581,51.6038,52.3539,53.1085,53.8677,54.6315,55.3999,56.173,56.9507,57.7331,58.5202,59.3121,60.1087,60.9102,61.7165,62.5276,63.3437,64.1647,64.9906,65.8216,66.6575,67.4985,68.3446,69.1957,70.052,70.9135,71.7802,72.6521,73.5293,74.4118,75.2996,76.1927,77.0913,77.9952,78.9047,79.8196,80.74,81.666,82.5976,83.5348,84.4777,85.4262,86.3805,87.3406,88.3064,89.2781,90.0151,90.5847,91.0329,91.3911,91.6816,91.9206,92.1195,92.2869,92.4293,92.5516,92.6575,92.7498,92.831,92.9028,92.966,93
31.7027,32.3327,32.9665,33.6041,34.2456,34.8909,35.5401,36.1933,36.8504,37.5115,38.1765,38.8456,39.5187,40.1959,40.8772,41.5625,42.252,42.9457,43.6436,44.3457,45.052,45.7625,46.4774,47.1966,47.9201,48.648,49.3803,50.117,50.8581,51.6038,52.3539,53.1085,53.8677,54.6315,55.3999,56.173,56.9507,57.7331,58.5202,59.3121,60.1087,60.9102,61.7165,62.5276,63.3437,64.1647,64.9906,65.8216,66.6575,67.4985,68.3446,69.1957,70.052,70.9135,71.7802,72.6521,73.5293,74.4118,75.2996,76.1927,77.0913,77.9952,78.9047,79.8196,80.74,81.666,82.5976,83.5348,84.4777,85.4262,86.3805,87.3406,88.3064,89.2781,90.0151,90.5847,91.0329,91.3911,91.6816,91.9206,92.1195,92.2869,92.4293,92.5516,92.6575,92.7498,92.831,92.9028,92.966,93
31.7027,32.3327,32.9665,33.6041,34.2456,34.8909,35.5401,36.1933,36.8504,37.5115,38.1765,38.8456,39.5187,40.1959,40.8772,41.5625,42.252,42.9457,43.6436,44.3457,45.052,45.7625,46.4774,47.1966,47.9201,48.648,49.3803,50.117,50.8581,51.6038,52.3539,53.1085,53.8677,54.6315,55.3999,56.173,56.9507,57.7331,58.5202,59.3121,60.1087,60.9102,61.7165,62.5276,63.3437,64.1647,64.9906,65.8216,66.6575,67.4985,68.3446,69.1957,70.052,70.9135,71.7802,72.6521,73.5293,74.4118,75.2996,76.1927,77.0913,77.9952,78.9047,79.8196,80.74,81.666,82.5976,83.5348,84.4777,85.4262,86.3805,87.3406,88.3064,89.2781,90.0151,90.5847,91.0329,91.3911,91.6816,91.9206,92.1195,92.2869,92.4293,92.5516,92.6575,92.7498,92.831,92.9028,92.966,93
31.7027,32.3327,32.9665,33.6041,34.2456,34.8909,35.5401,36.1933,36.8504,37.5115,38.1765,38.8456,39.5187,40.1959,40.8772,41.5625,42.252,42.9457,43.6436,44.3457,45.052,45.7625,46.4774,47.1966,47.9201,48.648,49.3803,50.117,50.8581,51.6038,52.3539,53.1085,53.8677,54.6315,55.3999,56.173,56.9507,57.7331,58.5202,59.3121,60.1087,60.9102,61.7165,62.5276,63.3437,64.1647,64.9906,65.8216,66.6575,67.4985,68.3446,69.1957,70.052,70.9135,71.7802,72.6521,73.5293,74.4118,75.2996,76.1927,77.0913,77.9952,78.9047,79.8196,80.74,81.666,82.5976,83.5348,84.4777,85.4262,86.3805,87.3406,88.3064,89.2781,90.0151,90.5847,91.0329,91.3911,91.6816,91.9206,92.1195,92.2869,92.4293,92.5516,92.6575,92.7498,92.831,92.9028,92.966,93
31.7027,32.3327,32.9665,33.6041,34.2456,34.8909,35.5401,36.1933,36.8504,37.5115,38.1765,38.8456,39.5187,40.1959,40.8772,41.5625,42.252,42.9457,43.6436,44.3457,45.052,45.7625,46.4774,47.1966,47.9201,48.648,49.3803,50.117,50.8581,51.6038,52.3539,53.1085,53.8677,54.6315,55.3999,56.173,56.9507,57.7331,58.5202,59.3121,60.1087,60.9102,61.7165,62.5276,63.3437,64.1647,64.9906,65.8216,66.6575,67.4985,68.3446,69.1957,70.052,70.9135,71.7802,72.6521,73.5293,74.4118,75.2996,76.1927,77.0913,77.9952,78.9047,79.8196,80.74,81.666,82.5976,83.5348,84.4777,85.4262,86.3805,87.3406,88.3064,89.2781,90.0151,90.5847,91.0329,91.3911,91.6816,91.9206,92.1195,92.2869,92.4293,92.5516,92.6575,92.7498,92.831,92.9028,92.966,93
31.7027,32.3327,32.9665,33.6041,34.2456,34.8909,35.5401,36.1933,36.8504,37.5115,38.1765,38.8456,39.5187,40.1959,40.8772,41.5625,42.252,42.9457,43.6436,44.3457,45.052,45.7625,46.4774,47.1966,47.9201,48.648,49.3803,50.117,50.8581,51.6038,52.3539,53.1085,53.8677,54.6315,55.3999,56.173,56.9507,57.7331,58.5202,59.3121,60.1087,60.9102,61.7165,62.5276,63.3437,64.1647,64.9906,65.8216,66.6575,67.4985,68.3446,69.1957,70.052,70.9135,71.7802,72.6521,73.5293,74.4118,75.2996,76.1927,77.0913,77.9952,78.9047,79.8196,80.74,81.666,82.5976,83.5348,84.4777,85.4262,86.3805,87.3406,88.3064,89.2781,90.0151,90.5847,91.0329,91.3911,91.6816,91.9206,92.1195,92.2869,92.4293,92.5516,92.6575,92.7498,92.831,92.9028,92.966,93
31.7027,32.3327,32.9665,33.6041,34.2456,34.8909,35.5401,36.1933,36.8504,37.5115,38.1765,38.8456,39.5187,40.1959,40.8772,41.5625,42.252,42.9457,43.6436,44.3457,45.052,45.7625,46.4774,47.1966,47.9201,48.648,49.3803,50.117,50.8581,51.6038,52.3539,53.1085,53.8677,54.6315,55.3999,56.173,56.9507,57.7331,58.5202,59.3121,60.1087,60.9102,61.7165,62.5276,63.3437,64.1647,64.9906,65.8216,66.6575,67.4985,68.3446,69.1957,70.052,70.9135,71.7802,72.6521,73.5293,74.4118,75.2996,76.1927,77.0913,77.9952,78.9047,79.8196,80.74,81.666,82.5976,83.5348,84.4777,85.4262,86.3805,87.3406,88.3064,89.2781,90.0151,90.5847,91.0329,91.3911,91.6816,91.9206,92.1195,92.2869,92.4293,92.5516,92.6575,92.7498,92.831,92.9028,92.966,93
31.7027,32.3327,32.9665,33.6041,34.2456,34.8909,35.5401,36.1933,36.8504,37.5115,38.1765,38.8456,39.5187,40.1959,40.8772,41.5625,42.252,42.9457,43.6436,44.3457,45.052,45.7625,46.4774,47.1966,47.9201,48.648,49.3803,50.117,50.8581,51.6038,52.3539,53.1085,53.8677,54.6315,55.3999,56.173,56.9507,57.7331,58.5202,59.3121,60.1087,60.9102,61.7165,62.5276,63.3437,64.1647,64.9906,65.8216,66.6575,67.4985,68.3446,69.1957,70.052,70.9135,71.7802,72.6521,73.5293,74.4118,75.2996,76.1927,77.0913,77.9952,78.9047,79.8196,80.74,81.666,82.5976,83.5348,84.4777,85.4262,86.3805,87.3406,88.3064,89.2781,90.0151,90.5847,91.0329,91.3911,91.6816,91.9206,92.1195,92.2869,92.4293,92.5516,92.6575,92.7498,92.831,92.9028,92.966,93
31.7027,32.3327,32.9665,33.6041,34.2456,34.8909,35.5401,36.1933,36.8504,37.5115,38.1765,38.8456,39.5187,40.1959,40.8772,41.5625,42.252,42.9457,43.6436,44.3457,45.052,45.7625,46.4774,47.1966,47.9201,48.648,49.3803,50.117,50.8581,51.6038,52.3539,53.1085,53.8677,54.6315,55.3999,56.173,56.9507,57.7331,58.5202,59.3121,60.1087,60.9102,61.7165,62.5276,63.3437,64.1647,64.9906,65.8216,66.6575,67.4985,68.3446,69.1957,70.052,70.9135,71.7802,72.6521,73.5293,74.4118,75.2996,76.1927,77.0913,77.9952,78.9047,79.8196,80.74,81.666,82.5976,83.5348,84.4777,85.4262,86.3805,87.3406,88.3064,89.2781,90.0151,90.5847,91.0329,91.3911,91.6816,91.9206,92.1195,92.2869,92.4293,92.5516,92.6575,92.7498,92.831,92.9028,92.966,93
31.7027,32.3327,32.9665,33.6041,34.2456,34.8909,35.5401,36.1933,36.8504,37.5115,38.1765,38.8456,39.5187,40.1959,40.8772,41.5625,42.252,42.9457,43.6436,44.3457,45.052,45.7625,46.4774,47.1966,47.9201,48.648,49.3803,50.117,50.8581,51.6038,52.3539,53.1085,53.8677,54.6315,55.3999,56.173,56.9507,57.7331,58.5202,59.3121,60.1087,60.9102,61.7165,62.5276,63.3437,64.1647,64.9906,65.8216,66.6575,67.4985,68.3446,69.1957,70.052,70.9135,71.7802,72.6521,73.5293,74.4118,75.2996,76.1927,77.0913,77.9952,78.9047,79.8196,80.74,81.666,82.5976,83.5348,84.4777,85.4262,86.3805,87.3406,88.3064,89.2781,90.0151,90.5847,91.0329,91.3911,91.6816,91.9206,92.1195,92.2869,92.4293,92.5516,92.6575,92.7498,92.831,92.9028,92.966,93
31.7027,32.3327,32.9665,33.6041,34.2456,34.8909,35.5401,36.1933,36.8504,37.5115,38.1765,38.8456,39.5187,40.1959,40.8772,41.5625,42.252,42.9457,43.6436,44.3457,45.052,45.7625,46.4774,47.1966,47.9201,48.648,49.3803,50.117,50.8581,51.6038,52.3539,53.1085,53.8677,54.6315,55.3999,56.173,56.9507,57.7331,58.5202,59.3121,60.1087,60.9102,61.7165,62.5276,63.3437,64.1647,64.9906,65.8216,66.6575,67.4985,68.3446,69.1957,70.052,70.9135,71.7802,72.6521,73.5293,74.4118,75.2996,76.1927,77.0913,77.9952,78.9047,79.8196,80.74,81.666,82.5976,83.5348,84.4777,85.4262,86.3805,87.3406,88.3064,89.2781,90.0151,90.5847,91.0329,91.3911,91.6816,91.9206,92.1195,92.2869,92.4293,92.5516,92.6575,92.7498,92.831,92.9028,92.966,93
31.7027,32.3327,32.9665,33.6041,34.2456,34.8909,35.5401,36.1933,36.8504,37.5115,38.1765,38.8456,39.5187,40.1959,40.8772,41.5625,42.252,42.9457,43.6436,44.3457,45.052,45.7625,46.4774,47.1966,47.9201,48.648,49.3803,50.117,50.8581,51.6038,52.3539,53.1085,53.8677,54.6315,55.3999,56.173,56.9507,57.7331,58.5202,59.3121,60.1087,60.9102,61.7165,62.5276,63.3437,64.1647,64.9906,65.8216,66.6575,67.4985,68.3446,69.1957,70.052,70.9135,71.7802,72.6521,73.5293,74.4118,75.2996,76.1927,77.0913,77.9952,78.9047,79.8196,80.74,81.666,82.5976,83.5348,84.4777,85.4262,86.3805,87.3406,88.3064,89.2781,90.0151,90.5847,91.0329,91.3911,91.6816,91.9206,92.1195,92.2869,92.4293,92.5516,92.6575,92.7498,92.831,92.9028,92.966,93
31.7027,32.3327,32.9665,33.6041,34.2456,34.8909,35.5401,36.1933,36.8504,37.5115,38.1765,38.8456,39.5187,40.1959,40.8772,41.5625,42.252,42.9457,43.6436,44.3457,45.052,45.7625,46.4774,47.1966,47.9201,48.648,49.3803,50.117,50.8581,51.6038,52.3539,53.1085,53.8677,54.6315,55.3999,56.173,56.9507,57.7331,58.5202,59.3121,60.1087,60.9102,61.7165,62.5276,63.3437,64.1647,64.9906,65.8216,66.6575,67.4985,68.3446,69.1957,70.052,70.9135,71.7802,72.6521,73.5293,74.4118,75.2996,76.1927,77.0913,77.9952,78.9047,79.8196,80.74,81.666,82.5976,83.5348,84.4777,85.4262,86.3805,87.3406,88.3064,89.2781,90.0151,90.5847,91.0329,91.3911,91.6816,91.9206,92.1195,92.2869,92.4293,92.5516,92.6575,92.7498,92.831,92.9028,92.966,93
31.7027,32.3327,32.9665,33.6041,34.2456,34.8909,35.5401,36.1933,36.8504,37.5115,38.1765,38.8456,39.5187,40.1959,40.8772,41.5625,42.252,42.9457,43.6436,44.3457,45.052,45.7625,46.4774,47.1966,47.9201,48.648,49.3803,50.117,50.8581,51.6038,52.3539,53.1085,53.8677,54.6315,55.3999,56.173,56.9507,57.7331,58.5202,59.3121,60.1087,60.9102,61.7165,62.5276,63.3437,64.1647,64.9906,65.8216,66.6575,67.4985,68.3446,69.1957,70.052,70.9135,71.7802,72.6521,73.5293,74.4118,75.2996,76.1927,77.0913,77.9952,78.9047,79.8196,80.74,81.666,82.5976,83.5348,84.4777,85.4262,86.3805,87.3406,88.3064,89.2781,90.0151,90.5847,91.0329,91.3911,91.6816,91.9206,92.1195,92.2869,92.4293,92.5516,92.6575,92.7498,92.831,92.9028,92.966,93
31.7027,32.3327,32.9665,33.6041,34.2456,34.8909,35.5401,36.1933,36.8504,37.5115,38.1765,38.8456,39.5187,40.1959,40.8772,41.5625,42.252,42.9457,43.6436,44.3457,45.052,45.7625,46.4774,47.1966,47.9201,48.648,49.3803,50.117,50.8581,51.6038,52.3539,53.1085,53.8677,54.6315,55.3999,56.173,56.9507,57.7331,58.5202,59.3121,60.1087,60.9102,61.7165,62.5276,63.3437,64.1647,64.9906,65.8216,66.6575,67.4985,68.3446,69.1957,70.052,70.9135,71.7802,72.6521,73.5293,74.4118,75.2996,76.1927,77.0913,77.9952,78.9047,79.8196,80.74,81.666,82.5976,83.5348,84.4777,85.4262,86.3805,87.3406,88.3064,89.2781,90.0151,90.5847,91.0329,91.3911,91.6816,91.9206,92.1195,92.2869,92.4293,92.5516,92.6575,92.7498,92.831,92.9028,92.966,93
31.7027,32.3327,32.9665,33.6041,34.2456,34.8909,35.5401,36.1933,36.8504,37.5115,38.1765,38.8456,39.5187,40.1959,40.8772,41.5625,42.252,42.9457,43.6436,44.3457,45.052,45.7625,46.4774,47.1966,47.9201,48.648,49.3803,50.117,50.8581,51.6038,52.3539,53.1085,53.8677,54.6315,55.3999,56.173,56.9507,57.7331,58.5202,59.3121,60.1087,60.9102,61.7165,62.5276,63.3437,64.1647,64.9906,65.8216,66.6575,67.4985,68.3446,69.1957,70.052,70.9135,71.7802,72.6521,73.5293,74.4118,75.2996,76.1927,77.0913,77.9952,78.9047,79.8196,80.74,81.666,82.5976,83.5348,84.4777,85.4262,86.3805,87.3406,88.3064,89.2781,90.0151,90.5847,91.0329,91.3911,91.6816,91.9206,92.1195,92.2869,92.4293,92.5516,92.6575,92.7498,92.831,92.9028,92.966,93
31.7027,32.3327,32.9665,33.6041,34.2456,34.8909,35.5401,36.1933,36.8504,37.5115,38.1765,38.8456,39.5187,40.1959,40.8772,41.5625,42.252,42.9457,43.6436,44.3457,45.052,45.7625,46.4774,47.1966,47.9201,48.648,49.3803,50.117,50.8581,51.6038,52.3539,53.1085,53.8677,54.6315,55.3999,56.173,56.9507,57.7331,58.5202,59.3121,60.1087,60.9102,61.7165,62.5276,63.3437,64.1647,64.9906,65.8216,66.6575,67.4985,68.3446,69.1957,70.052,70.9135,71.7802,72.6521,73.5293,74.4118,75.2996,76.1927,77.0913,77.9952,78.9047,79.8196,80.74,81.666,82.5976,83.5348,84.4777,85.4262,86.3805,87.3406,88.3064,89.2781,90.0151,90.5847,91.0329,91.3911,91.6816,91.9206,92.1195,92.2869,92.4293,92.5516,92.6575,92.7498,92.831,92.9028,92.966,93
31.7027,32.3327,32.9665,33.6041,34.2456,34.8909,35.5401,36.1933,36.8504,37.5115,38.1765,38.8456,39.5187,40.1959,40.8772,41.5625,42.252,42.9457,43.6436,44.3457,45.052,45.7625,46.4774,47.1966,47.9201,48.648,49.3803,50.117,50.8581,51.6038,52.3539,53.1085,53.8677,54.6315,55.3999,56.173,56.9507,57.7331,58.5202,59.3121,60.1087,60.9102,61.7165,62.5276,63.3437,64.1647,64.9906,65.8216,66.6575,67.4985,68.3446,69.1957,70.052,70.9135,71.7802,72.6521,73.5293,74.4118,75.2996,76.1927,77.0913,77.9952,78.9047,79.8196,80.74,81.666,82.5976,83.5348,84.4777,85.4262,86.3805,87.3406,88.3064,89.2781,90.0151,90.5847,91.0329,91.3911,91.6816,91.9206,92.1195,92.2869,92.4293,92.5516,92.6575,92.7498,92.831,92.9028,92.966,93
31.7027,32.3327,32.9665,33.6041,34.2456,34.8909,35.5401,36.1933,36.8504,37.5115,38.1765,38.8456,39.5187,40.1959,40.8772,41.5625,42.252,42.9457,43.6436,44.3457,45.052,45.7625,46.4774,47.1966,47.9201,48.648,49.3803,50.117,50.8581,51.6038,52.3539,53.1085,53.8677,54.6315,55.3999,56.173,56.9507,57.7331,58.5202,59.3121,60.1087,60.9102,61.7165,62.5276,63.3437,64.1647,64.9906,65.8216,66.6575,67.4985,68.3446,69.1957,70.052,70.9135,71.7802,72.6521,73.5293,74.4118,75.2996,76.1927,77.0913,77.9952,78.9047,79.8196,80.74,81.666,82.5976,83.5348,84.4777,85.4262,86.3805,87.3406,88.3064,89.2781,90.0151,90.5847,91.0329,91.3911,91.6816,91.9206,92.1195,92.2869,92.4293,92.5516,92.6575,92.7498,92.831,92.9028,92.966,93
31.7027,32.3327,32.9665,33.6041,34.2456,34.8909,35.5401,36.1933,36.8504,37.5115,38.1765,38.8456,39.5187,40.1959,40.8772,41.5625,42.252,42.9457,43.6436,44.3457,45.052,45.7625,46.4774,47.1966,47.9201,48.648,49.3803,50.117,50.8581,51.6038,52.3539,53.1085,53.8677,54.6315,55.3999,56.173,56.9507,57.7331,58.5202,59.3121,60.1087,60.9102,61.7165,62.5276,63.3437,64.1647,64.9906,65.8216,66.6575,67.4985,68.3446,69.1957,70.052,70.9135,71.7802,72.6521,73.5293,74.4118,75.2996,76.1927,77.0913,77.9952,78.9047,79.8196,80.74,81.666,82.5976,83.5348,84.4777,85.4262,86.3805,87.3406,88.3064,89.2781,90.0151,90.5847,91.0329,91.3911,91.6816,91.9206,92.1195,92.2869,92.4293,92.5516,92.6575,92.7498,92.831,92.9028,92.966,93
31.7027,32.3327,32.9665,33.6041,34.2456,34.8909,35.5401,36.1933,36.8504,37.5115,38.1765,38.8456,39.5187,40.1959,40.8772,41.5625,42.252,42.9457,43.6436,44.3457,45.052,45.7625,46.4774,47.1966,47.9201,48.648,49.3803,50.117,50.8581,51.6038,52.3539,53.1085,53.8677,54.6315,55.3999,56.173,56.9507,57.7331,58.5202,59.3121,60.1087,60.9102,61.7165,62.5276,63.3437,64.1647,64.9906,65.8216,66.6575,67.4985,68.3446,69.1957,70.052,70.9135,71.7802,72.6521,73.5293,74.4118,75.2996,76.1927,77.0913,77.9952,78.9047,79.8196,80.74,81.666,82.5976,83.5348,84.4777,85.4262,86.3805,87.3406,88.3064,89.2781,90.0151,90.5847,91.0329,91.3911,91.6816,91.9206,92.1195,92.2869,92.4293,92.5516,92.6575,92.7498,92.831,92.9028,92.966,93
31.7027,32.3327,32.9665,33.6041,34.2456,34.8909,35.5401,36.1933,36.8504,37.5115,38.1765,38.8456,39.5187,40.1959,40.8772,41.5625,42.252,42.9457,43.6436,44.3457,45.052,45.7625,46.4774,47.1966,47.9201,48.648,49.3803,50.117,50.8581,51.6038,52.3539,53.1085,53.8677,54.6315,55.3999,56.173,56.9507,57.7331,58.5202,59.3121,60.1087,60.9102,61.7165,62.5276,63.3437,64.1647,64.9906,65.8216,66.6575,67.4985,68.3446,69.1957,70.052,70.9135,71.7802,72.6521,73.5293,74.4118,75.2996,76.1927,77.0913,77.9952,78.9047,79.8196,80.74,81.666,82.5976,83.5348,84.4777,85.4262,86.3805,87.3406,88.3064,89.2781,90.0151,90.5847,91.0329,91.3911,91.6816,91.9206,92.1195,92.2869,92.4293,92.5516,92.6575,92.7498,92.831,92.9028,92.966,93
31.7027,32.3327,32.9665,33.6041,34.2456,34.8909,35.5401,36.1933,36.8504,37.5115,38.1765,38.8456,39.5187,40.1959,40.8772,41.5625,42.252,42.9457,43.6436,44.3457,45.052,45.7625,46.4774,47.1966,47.9201,48.648,49.3803,50.117,50.8581,51.6038,52.3539,53.1085,53.8677,54.6315,55.3999,56.173,56.9507,57.7331,58.5202,59.3121,60.1087,60.9102,61.7165,62.5276,63.3437,64.1647,64.9906,65.8216,66.6575,67.4985,68.3446,69.1957,70.052,70.9135,71.7802,72.6521,73.5293,74.4118,75.2996,76.1927,77.0913,77.9952,78.9047,79.8196,80.74,81.666,82.5976,83.5348,84.4777,85.4262,86.3805,87.3406,88.3064,89.2781,90.0151,90.5847,91.0329,91.3911,91.6816,91.9206,92.1195,92.2869,92.4293,92.5516,92.6575,92.7498,92.831,92.9028,92.966,93
31.7027,32.3327,32.9665,33.6041,34.2456,34.8909,35.5401,36.1933,36.8504,37.5115,38.1765,38.8456,39.5187,40.1959,40.8772,41.5625,42.252,42.9457,43.6436,44.3457,45.052,45.7625,46.4774,47.1966,47.9201,48.648,49.3803,50.117,50.8581,51.6038,52.3539,53.1085,53.8677,54.6315,55.3999,56.173,56.9507,57.7331,58.5202,59.3121,60.1087,60.9102,61.7165,62.5276,63.3437,64.1647,64.9906,65.8216,66.6575,67.4985,68.3446,69.1957,70.052,70.9135,71.7802,72.6521,73.5293,74.4118,75.2996,76.1927,77.0913,77.9952,78.9047,79.8196,80.74,81.666,82.5976,83.5348,84.4777,85.4262,86.3805,87.3406,88.3064,89.2781,90.0151,90.5847,91.0329,91.3911,91.6816,91.9206,92.1195,92.2869,92.4293,92.5516,92.6575,92.7498,92.831,92.9028,92.966,93
31.7027,32.3327,32.9665,33.6041,34.2456,34.8909,35.5401,36.1933,36.8504,37.5115,38.1765,38.8456,39.5187,40.1959,40.8772,41.5625,42.252,42.9457,43.6436,44.3457,45.052,45.7625,46.4774,47.1966,47.9201,48.648,49.3803,50.117,50.8581,51.6038,52.3539,53.1085,53.8677,54.6315,55.3999,56.173,56.9507,57.7331,58.5202,59.3121,60.1087,60.9102,61.7165,62.5276,63.3437,64.1647,64.9906,65.8216,66.6575,67.4985,68.3446,69.1957,70.052,70.9135,71.7802,72.6521,73.5293,74.4118,75.2996,76.1927,77.0913,77.9952,78.9047,79.8196,80.74,81.666,82.5976,83.5348,84.4777,85.4262,86.3805,87.3406,88.3064,89.2781,90.0151,90.5847,91.0329,91.3911,91.6816,91.9206,92.1195,92.2869,92.4293,92.5516,92.6575,92.7498,92.831,92.9028,92.966,93
31.7027,32.3327,32.9665,33.6041,34.2456,34.8909,35.5401,36.1933,36.8504,37.5115,38.1765,38.8456,39.5187,40.1959,40.8772,41.5625,42.252,42.9457,43.6436,44.3457,45.052,45.7625,46.4774,47.1966,47.9201,48.648,49.3803,50.117,50.8581,51.6038,52.3539,53.1085,53.8677,54.6315,55.3999,56.173,56.9507,57.7331,58.5202,59.3121,60.1087,60.9102,61.7165,62.5276,63.3437,64.1647,64.9906,65.8216,66.6575,67.4985,68.3446,69.1957,70.052,70.9135,71.7802,72.6521,73.5293,74.4118,75.2996,76.1927,77.0913,77.9952,78.9047,79.8196,80.74,81.666,82.5976,83.5348,84.4777,85.4262,86.3805,87.3406,88.3064,89.2781,90.0151,90.5847,91.0329,91.3911,91.6816,91.9206,92.1195,92.2869,92.4293,92.5516,92.6575,92.7498,92.831,92.9028,92.966,93
31.7027,32.3327,32.9665,33.6041,34.2456,34.8909,35.5401,36.1933,36.8504,37.5115,38.1765,38.8456,39.5187,40.1959,40.8772,41.5625,42.252,42.9457,43.6436,44.3457,45.052,45.7625,46.4774,47.1966,47.9201,48.648,49.3803,50.117,50.8581,51.6038,52.3539,53.1085,53.8677,54.6315,55.3999,56.173,56.9507,57.7331,58.5202,59.3121,60.1087,60.9102,61.7165,62.5276,63.3437,64.1647,64.9906,65.8216,66.6575,67.4985,68.3446,69.1957,70.052,70.9135,71.7802,72.6521,73.5293,74.4118,75.2996,76.1927,77.0913,77.9952,78.9047,79.8196,80.74,81.666,82.5976,83.5348,84.4777,85.4262,86.3805,87.3406,88.3064,89.2781,90.0151,90.5847,91.0329,91.3911,91.6816,91.9206,92.1195,92.2869,92.4293,92.5516,92.6575,92.7498,92.831,92.9028,92.966,93
31.7027,32.3327,32.9665,33.6041,34.2456,34.8909,35.5401,36.1933,36.8504,37.5115,38.1765,38.8456,39.5187,40.1959,40.8772,41.5625,42.252,42.9457,43.6436,44.3457,45.052,45.7625,46.4774,47.1966,47.9201,48.648,49.3803,50.117,50.8581,51.6038,52.3539,53.1085,53.8677,54.6315,55.3999,56.173,56.9507,57.7331,58.5202,59.3121,60.1087,60.9102,61.7165,62.5276,63.3437,64.1647,64.9906,65.8216,66.6575,67.4985,68.3446,69.1957,70.052,70.9135,71.7802,72.6521,73.5293,74.4118,75.2996,76.1927,77.0913,77.9952,78.9047,79.8196,80.74,81.666,82.5976,83.5348,84.4777,85.4262,86.3805,87.3406,88.3064,89.2781,90.0151,90.5847,91.0329,91.3911,91.6816,91.9206,92.1195,92.2869,92.4293,92.5516,92.6575,92.7498,92.831,92.9028,92.966,93
31.7027,32.3327,32.9665,33.6041,34.2456,34.8909,35.5401,36.1933,36.8504,37.5115,38.1765,38.8456,39.5187,40.1959,40.8772,41.5625,42.252,42.9457,43.6436,44.3457,45.052,45.7625,46.4774,47.1966,47.9201,48.648,49.3803,50.117,50.8581,51.6038,52.3539,53.1085,53.8677,54.6315,55.3999,56.173,56.9507,57.7331,58.5202,59.3121,60.1087,60.9102,61.7165,62.5276,63.3437,64.1647,64.9906,65.8216,66.6575,67.4985,68.3446,69.1957,70.052,70.9135,71.7802,72.6521,73.5293,74.4118,75.2996,76.1927,77.0913,77.9952,78.9047,79.8196,80.74,81.666,82.5976,83.5348,84.4777,85.4262,86.3805,87.3406,88.3064,89.2781,90.0151,90.5847,91.0329,91.3911,91.6816,91.9206,92.1195,92.2869,92.4293,92.5516,92.6575,92.7498,92.831,92.9028,92.966,93
31.7027,32.3327,32.9665,33.6041,34.2456,34.8909,35.5401,36.1933,36.8504,37.5115,38.1765,38.8456,39.5187,40.1959,40.8772,41.5625,42.252,42.9457,43.6436,44.3457,45.052,45.7625,46.4774,47.1966,47.9201,48.648,49.3803,50.117,50.8581,51.6038,52.3539,53.1085,53.8677,54.6315,55.3999,56.173,56.9507,57.7331,58.5202,59.3121,60.1087,60.9102,61.7165,62.5276,63.3437,64.1647,64.9906,65.8216,66.6575,67.4985,68.3446,69.1957,70.052,70.9135,71.7802,72.6521,73.5293,74.4118,75.2996,76.1927,77.0913,77.9952,78.9047,79.8196,80.74,81.666,82.5976,83.5348,84.4777,85.4262,86.3805,87.3406,88.3064,89.2781,90.0151,90.5847,91.0329,91.3911,91.6816,91.9206,92.1195,92.2869,92.4293,92.5516,92.6575,92.7498,92.831,92.9028,92.966,93
31.7027,32.3327,32.9665,33.6041,34.2456,34.8909,35.5401,36.1933,36.8504,37.5115,38.1765,38.8456,39.5187,40.1959,40.8772,41.5625,42.252,42.9457,43.6436,44.3457,45.052,45.7625,46.4774,47.1966,47.9201,48.648,49.3803,50.117,50.8581,51.6038,52.3539,53.1085,53.8677,54.6315,55.3999,56.173,56.9507,57.7331,58.5202,59.3121,60.1087,60.9102,61.7165,62.5276,63.3437,64.1647,64.9906,65.8216,66.6575,67.4985,68.3446,69.1957,70.052,70.9135,71.7802,72.6521,73.5293,74.4118,75.2996,76.1927,77.0913,77.9952,78.9047,79.8196,80.74,81.666,82.5976,83.5348,84.4777,85.4262,86.3805,87.3406,88.3064,89.2781,90.0151,90.5847,91.0329,91.3911,91.6816,91.9206,92.1195,92.2869,92.4293,92.5516,92.6575,92.7498,92.831,92.9028,92.966,93
31.7027,32.3327,32.9665,33.6041,34.2456,34.8909,35.5401,36.1933,36.8504,37.5115,38.1765,38.8456,39.5187,40.1959,40.8772,41.5625,42.252,42.9457,43.6436,44.3457,45.052,45.7625,46.4774,47.1966,47.9201,48.648,49.3803,50.117,50.8581,51.6038,52.3539,53.1085,53.8677,54.6315,55.3999,56.173,56.9507,57.7331,58.5202,59.3121,60.1087,60.9102,61.7165,62.5276,63.3437,64.1647,64.9906,65.8216,66.6575,67.4985,68.3446,69.1957,70.052,70.9135,71.7802,72.6521,73.5293,74.4118,75.2996,76.1927,77.0913,77.9952,78.9047,79.8196,80.74,81.666,82.5976,83.5348,84.4777,85.4262,86.3805,87.3406,88.3064,89.2781,90.0151,90.5847,91.0329,91.3911,91.6816,91.9206,92.1195,92.2869,92.4293,92.5516,92.6575,92.7498,92.831,92.9028,92.966,93
31.7027,32.3327,32.9665,33.6041,34.2456,34.8909,35.5401,36.1933,36.8504,37.5115,38.1765,38.8456,39.5187,40.1959,40.8772,41.5625,42.252,42.9457,43.6436,44.3457,45.052,45.7625,46.4774,47.1966,47.9201,48.648,49.3803,50.117,50.8581,51.6038,52.3539,53.1085,53.8677,54.6315,55.3999,56.173,56.9507,57.7331,58.5202,59.3121,60.1087,60.9102,61.7165,62.5276,63.3437,64.1647,64.9906,65.8216,66.6575,67.4985,68.3446,69.1957,70.052,70.9135,71.7802,72.6521,73.5293,74.4118,75.2996,76.1927,77.0913,77.9952,78.9047,79.8196,80.74,81.666,82.5976,83.5348,84.4777,85.4262,86.3805,87.3406,88.3064,89.2781,90.0151,90.5847,91.0329,91.3911,91.6816,91.9206,92.1195,92.2869,92.4293,92.5516,92.6575,92.7498,92.831,92.9028,92.966,93
31.7027,32.3327,32.9665,33.6041,34.2456,34.8909,35.5401,36.1933,36.8504,37.5115,38.1765,38.8456,39.5187,40.1959,40.8772,41.5625,42.252,42.9457,43.6436,44.3457,45.052,45.7625,46.4774,47.1966,47.9201,48.648,49.3803,50.117,50.8581,51.6038,52.3539,53.1085,53.8677,54.6315,55.3999,56.173,56.9507,57.7331,58.5202,59.3121,60.1087,60.9102,61.7165,62.5276,63.3437,64.1647,64.9906,65.8216,66.6575,67.4985,68.3446,69.1957,70.052,70.9135,71.7802,72.6521,73.5293,74.4118,75.2996,76.1927,77.0913,77.9952,78.9047,79.8196,80.74,81.666,82.5976,83.5348,84.4777,85.4262,86.3805,87.3406,88.3064,89.2781,90.0151,90.5847,91.0329,91.3911,91.6816,91.9206,92.1195,92.2869,92.4293,92.5516,92.6575,92.7498,92.831,92.9028,92.966,93
31.7027,32.3327,32.9665,33.6041,34.2456,34.8909,35.5401,36.1933,36.8504,37.5115,38.1765,38.8456,39.5187,40.1959,40.8772,41.5625,42.252,42.9457,43.6436,44.3457,45.052,45.7625,46.4774,47.1966,47.9201,48.648,49.3803,50.117,50.8581,51.6038,52.3539,53.1085,53.8677,54.6315,55.3999,56.173,56.9507,57.7331,58.5202,59.3121,60.1087,60.9102,61.7165,62.5276,63.3437,64.1647,64.9906,65.8216,66.6575,67.4985,68.3446,69.1957,70.052,70.9135,71.7802,72.6521,73.5293,74.4118,75.2996,76.1927,77.0913,77.9952,78.9047,79.8196,80.74,81.666,82.5976,83.5348,84.4777,85.4262,86.3805,87.3406,88.3064,89.2781,90.0151,90.5847,91.0329,91.3911,91.6816,91.9206,92.1195,92.2869,92.4293,92.5516,92.6575,92.7498,92.831,92.9028,92.966,93
31.7027,32.3327,32.9665,33.6041,34.2456,34.8909,35.5401,36.1933,36.8504,37.5115,38.1765,38.8456,39.5187,40.1959,40.8772,41.5625,42.252,42.9457,43.6436,44.3457,45.052,45.7625,46.4774,47.1966,47.9201,48.648,49.3803,50.117,50.8581,51.6038,52.3539,53.1085,53.8677,54.6315,55.3999,56.173,56.9507,57.7331,58.5202,59.3121,60.1087,60.9102,61.7165,62.5276,63.3437,64.1647,64.9906,65.8216,66.6575,67.4985,68.3446,69.1957,70.052,70.9135,71.7802,72.6521,73.5293,74.4118,75.2996,76.1927,77.0913,77.9952,78.9047,79.8196,80.74,81.666,82.5976,83.5348,84.4777,85.4262,86.3805,87.3406,88.3064,89.2781,90.0151,90.5847,91.0329,91.3911,91.6816,91.9206,92.1195,92.2869,92.4293,92.5516,92.6575,92.7498,92.831,92.9028,92.966,93
31.7027,32.3327,32.9665,33.6041,34.2456,34.8909,35.5401,36.1933,36.8504,37.5115,38.1765,38.8456,39.5187,40.1959,40.8772,41.5625,42.252,42.9457,43.6436,44.3457,45.052,45.7625,46.4774,47.1966,47.9201,48.648,49.3803,50.117,50.8581,51.6038,52.3539,53.1085,53.8677,54.6315,55.3999,56.173,56.9507,57.7331,58.5202,59.3121,60.1087,60.9102,61.7165,62.5276,63.3437,64.1647,64.9906,65.8216,66.6575,67.4985,68.3446,69.1957,70.052,70.9135,71.7802,72.6521,73.5293,74.4118,75.2996,76.1927,77.0913,77.9952,78.9047,79.8196,80.74,81.666,82.5976,83.5348,84.4777,85.4262,86.3805,87.3406,88.3064,89.2781,90.0151,90.5847,91.0329,91.3911,91.6816,91.9206,92.1195,92.2869,92.4293,92.5516,92.6575,92.7498,92.831,92.9028,92.966,93
31.7027,32.3327,32.9665,33.6041,34.2456,34.8909,35.5401,36.1933,36.8504,37.5115,38.1765,38.8456,39.5187,40.1959,40.8772,41.5625,42.252,42.9457,43.6436,44.3457,45.052,45.7625,46.4774,47.1966,47.9201,48.648,49.3803,50.117,50.8581,51.6038,52.3539,53.1085,53.8677,54.6315,55.3999,56.173,56.9507,57.7331,58.5202,59.3121,60.1087,60.9102,61.7165,62.5276,63.3437,64.1647,64.9906,65.8216,66.6575,67.4985,68.3446,69.1957,70.052,70.9135,71.7802,72.6521,73.5293,74.4118,75.2996,76.1927,77.0913,77.9952,78.9047,79.8196,80.74,81.666,82.5976,83.5348,84.4777,85.4262,86.3805,87.3406,88.3064,89.2781,90.0151,90.5847,91.0329,91.3911,91.6816,91.9206,92.1195,92.2869,92.4293,92.5516,92.6575,92.7498,92.831,92.9028,92.966,93
31.7027,32.3327,32.9665,33.6041,34.2456,34.8909,35.5401,36.1933,36.8504,37.5115,38.1765,38.8456,39.5187,40.1959,40.8772,41.5625,42.252,42.9457,43.6436,44.3457,45.052,45.7625,46.4774,47.1966,47.9201,48.648,49.3803,50.117,50.8581,51.6038,52.3539,53.1085,53.8677,54.6315,55.3999,56.173,56.9507,57.7331,58.5202,59.3121,60.1087,60.9102,61.7165,62.5276,63.3437,64.1647,64.9906,65.8216,66.6575,67.4985,68.3446,69.1957,70.052,70.9135,71.7802,72.6521,73.5293,74.4118,75.2996,76.1927,77.0913,77.9952,78.9047,79.8196,80.74,81.666,82.5976,83.5348,84.4777,85.4262,86.3805,87.3406,88.3064,89.2781,90.0151,90.5847,91.0329,91.3911,91.6816,91.9206,92.1195,92.2869,92.4293,92.5516,92.6575,92.7498,92.831,92.9028,92.966,93
31.7027,32.3327,32.9665,33.6041,34.2456,34.8909,35.5401,36.1933,36.8504,37.5115,38.1765,38.8456,39.5187,40.1959,40.8772,41.5625,42.252,42.9457,43.6436,44.3457,45.052,45.7625,46.4774,47.1966,47.9201,48.648,49.3803,50.117,50.8581,51.6038,52.3539,53.1085,53.8677,54.6315,55.3999,56.173,56.9507,57.7331,58.5202,59.3121,60.1087,60.9102,61.7165,62.5276,63.3437,64.1647,64.9906,65.8216,66.6575,67.4985,68.3446,69.1957,70.052,70.9135,71.7802,72.6521,73.5293,74.4118,75.2996,76.1927,77.0913,77.9952,78.9047,79.8196,80.74,81.666,82.5976,83.5348,84.4777,85.4262,86.3805,87.3406,88.3064,89.2781,90.0151,90.5847,91.0329,91.3911,91.6816,91.9206,92.1195,92.2869,92.4293,92.5516,92.6575,92.7498,92.831,92.9028,92.966,93
31.7027,32.3327,32.9665,33.6041,34.2456,34.8909,35.5401,36.1933,36.8504,37.5115,38.1765,38.8456,39.5187,40.1959,40.8772,41.5625,42.252,42.9457,43.6436,44.3457,45.052,45.7625,46.4774,47.1966,47.9201,48.648,49.3803,50.117,50.8581,51.6038,52.3539,53.1085,53.8677,54.6315,55.3999,56.173,56.9507,57.7331,58.5202,59.3121,60.1087,60.9102,61.7165,62.5276,63.3437,64.1647,64.9906,65.8216,66.6575,67.4985,68.3446,69.1957,70.052,70.9135,71.7802,72.6521,73.5293,74.4118,75.2996,76.1927,77.0913,77.9952,78.9047,79.8196,80.74,81.666,82.5976,83.5348,84.4777,85.4262,86.3805,87.3406,88.3064,89.2781,90.0151,90.5847,91.0329,91.3911,91.6816,91.9206,92.1195,92.2869,92.4293,92.5516,92.6575,92.7498,92.831,92.9028,92.966,93
31.7027,32.3327,32.9665,33.6041,34.2456,34.8909,35.5401,36.1933,36.8504,37.5115,38.1765,38.8456,39.5187,40.1959,40.8772,41.5625,42.252,42.9457,43.6436,44.3457,45.052,45.7625,46.4774,47.1966,47.9201,48.648,49.3803,50.117,50.8581,51.6038,52.3539,53.1085,53.8677,54.6315,55.3999,56.173,56.9507,57.7331,58.5202,59.3121,60.1087,60.9102,61.7165,62.5276,63.3437,64.1647,64.9906,65.8216,66.6575,67.4985,68.3446,69.1957,70.052,70.9135,71.7802,72.6521,73.5293,74.4118,75.2996,76.1927,77.0913,77.9952,78.9047,79.8196,80.74,81.666,82.5976,83.5348,84.4777,85.4262,86.3805,87.3406,88.3064,89.2781,90.0151,90.5847,91.0329,91.3911,91.6816,91.9206,92.1195,92.2869,92.4293,92.5516,92.6575,92.7498,92.831,92.9028,92.966,93
31.7027,32.3327,32.9665,33.6041,34.2456,34.8909,35.5401,36.1933,36.8504,37.5115,38.1765,38.8456,39.5187,40.1959,40.8772,41.5625,42.252,42.9457,43.6436,44.3457,45.052,45.7625,46.4774,47.1966,47.9201,48.648,49.3803,50.117,50.8581,51.6038,52.3539,53.1085,53.8677,54.6315,55.3999,56.173,56.9507,57.7331,58.5202,59.3121,60.1087,60.9102,61.7165,62.5276,63.3437,64.1647,64.9906,65.8216,66.6575,67.4985,68.3446,69.1957,70.052,70.9135,71.7802,72.6521,73.5293,74.4118,75.2996,76.1927,77.0913,77.9952,78.9047,79.8196,80.74,81.666,82.5976,83.5348,84.4777,85.4262,86.3805,87.3406,88.3064,89.2781,90.0151,90.5847,91.0329,91.3911,91.6816,91.9206,92.1195,92.2869,92.4293,92.5516,92.6575,92.7498,92.831,92.9028,92.966,93
31.7027,32.3327,32.9665,33.6041,34.2456,34.8909,35.5401,36.1933,36.8504,37.5115,38.1765,38.8456,39.5187,40.1959,40.8772,41.5625,42.252,42.9457,43.6436,44.3457,45.052,45.7625,46.4774,47.1966,47.9201,48.648,49.3803,50.117,50.8581,51.6038,52.3539,53.1085,53.8677,54.6315,55.3999,56.173,56.9507,57.7331,58.5202,59.3121,60.1087,60.9102,61.7165,62.5276,63.3437,64.1647,64.9906,65.8216,66.6575,67.4985,68.3446,69.1957,70.052,70.9135,71.7802,72.6521,73.5293,74.4118,75.2996,76.1927,77.0913,77.9952,78.9047,79.8196,80.74,81.666,82.5976,83.5348,84.4777,85.4262,86.3805,87.3406,88.3064,89.2781,90.0151,90.5847,91.0329,91.3911,91.6816,91.9206,92.1195,92.2869,92.4293,92.5516,92.6575,92.7498,92.831,92.9028,92.966,93
31.7027,32.3327,32.9665,33.6041,34.2456,34.8909,35.5401,36.1933,36.8504,37.5115,38.1765,38.8456,39.5187,40.1959,40.8772,41.5625,42.252,42.9457,43.6436,44.3457,45.052,45.7625,46.4774,47.1966,47.9201,48.648,49.3803,50.117,50.8581,51.6038,52.3539,53.1085,53.8677,54.6315,55.3999,56.173,56.9507,57.7331,58.5202,59.3121,60.1087,60.9102,61.7165,62.5276,63.3437,64.1647,64.9906,65.8216,66.6575,67.4985,68.3446,69.1957,70.052,70.9135,71.7802,72.6521,73.5293,74.4118,75.2996,76.1927,77.0913,77.9952,78.9047,79.8196,80.74,81.666,82.5976,83.5348,84.4777,85.4262,86.3805,87.3406,88.3064,89.2781,90.0151,90.5847,91.0329,91.3911,91.6816,91.9206,92.1195,92.2869,92.4293,92.5516,92.6575,92.7498,92.831,92.9028,92.966,93
31.7027,32.3327,32.9665,33.6041,34.2456,34.8909,35.5401,36.1933,36.8504,37.5115,38.1765,38.8456,39.5187,40.1959,40.8772,41.5625,42.252,42.9457,43.6436,44.3457,45.052,45.7625,46.4774,47.1966,47.9201,48.648,49.3803,50.117,50.8581,51.6038,52.3539,53.1085,53.8677,54.6315,55.3999,56.173,56.9507,57.7331,58.5202,59.3121,60.1087,60.9102,61.7165,62.5276,63.3437,64.1647,64.9906,65.8216,66.6575,67.4985,68.3446,69.1957,70.052,70.9135,71.7802,72.6521,73.5293,74.4118,75.2996,76.1927,77.0913,77.9952,78.9047,79.8196,80.74,81.666,82.5976,83.5348,84.4777,85.4262,86.3805,87.3406,88.3064,89.2781,90.0151,90.5847,91.0329,91.3911,91.6816,91.9206,92.1195,92.2869,92.4293,92.5516,92.6575,92.7498,92.831,92.9028,92.966,93
31.7027,32.3327,32.9665,33.6041,34.2456,34.8909,35.5401,36.1933,36.8504,37.5115,38.1765,38.8456,39.5187,40.1959,40.8772,41.5625,42.252,42.9457,43.6436,44.3457,45.052,45.7625,46.4774,47.1966,47.9201,48.648,49.3803,50.117,50.8581,51.6038,52.3539,53.1085,53.8677,54.6315,55.3999,56.173,56.9507,57.7331,58.5202,59.3121,60.1087,60.9102,61.7165,62.5276,63.3437,64.1647,64.9906,65.8216,66.6575,67.4985,68.3446,69.1957,70.052,70.9135,71.7802,72.6521,73.5293,74.4118,75.2996,76.1927,77.0913,77.9952,78.9047,79.8196,80.74,81.666,82.5976,83.5348,84.4777,85.4262,86.3805,87.3406,88.3064,89.2781,90.0151,90.5847,91.0329,91.3911,91.6816,91.9206,92.1195,92.2869,92.4293,92.5516,92.6575,92.7498,92.831,92.9028,92.966,93
31.7027,32.3327,32.9665,33.6041,34.2456,34.8909,35.5401,36.1933,36.8504,37.5115,38.1765,38.8456,39.5187,40.1959,40.8772,41.5625,42.252,42.9457,43.6436,44.3457,45.052,45.7625,46.4774,47.1966,47.9201,48.648,49.3803,50.117,50.8581,51.6038,52.3539,53.1085,53.8677,54.6315,55.3999,56.173,56.9507,57.7331,58.5202,59.3121,60.1087,60.9102,61.7165,62.5276,63.3437,64.1647,64.9906,65.8216,66.6575,67.4985,68.3446,69.1957,70.052,70.9135,71.7802,72.6521,73.5293,74.4118,75.2996,76.1927,77.0913,77.9952,78.9047,79.8196,80.74,81.666,82.5976,83.5348,84.4777,85.4262,86.3805,87.3406,88.3064,89.2781,90.0151,90.5847,91.0329,91.3911,91.6816,91.9206,92.1195,92.2869,92.4293,92.5516,92.6575,92.7498,92.831,92.9028,92.966,93
31.7027,32.3327,32.9665,33.6041,34.2456,34.8909,35.5401,36.1933,36.8504,37.5115,38.1765,38.8456,39.5187,40.1959,40.8772,41.5625,42.252,42.9457,43.6436,44.3457,45.052,45.7625,46.4774,47.1966,47.9201,48.648,49.3803,50.117,50.8581,51.6038,52.3539,53.1085,53.8677,54.6315,55.3999,56.173,56.9507,57.7331,58.5202,59.3121,60.1087,60.9102,61.7165,62.5276,63.3437,64.1647,64.9906,65.8216,66.6575,67.4985,68.3446,69.1957,70.052,70.9135,71.7802,72.6521,73.5293,74.4118,75.2996,76.1927,77.0913,77.9952,78.9047,79.8196,80.74,81.666,82.5976,83.5348,84.4777,85.4262,86.3805,87.3406,88.3064,89.2781,90.0151,90.5847,91.0329,91.3911,91.6816,91.9206,92.1195,92.2869,92.4293,92.5516,92.6575,92.7498,92.831,92.9028,92.966,93
31.7027,32.3327,32.9665,33.6041,34.2456,34.8909,35.5401,36.1933,36.8504,37.5115,38.1765,38.8456,39.5187,40.1959,40.8772,41.5625,42.252,42.9457,43.6436,44.3457,45.052,45.7625,46.4774,47.1966,47.9201,48.648,49.3803,50.117,50.8581,51.6038,52.3539,53.1085,53.8677,54.6315,55.3999,56.173,56.9507,57.7331,58.5202,59.3121,60.1087,60.9102,61.7165,62.5276,63.3437,64.1647,64.9906,65.8216,66.6575,67.4985,68.3446,69.1957,70.052,70.9135,71.7802,72.6521,73.5293,74.4118,75.2996,76.1927,77.0913,77.9952,78.9047,79.8196,80.74,81.666,82.5976,83.5348,84.4777,85.4262,86.3805,87.3406,88.3064,89.2781,90.0151,90.5847,91.0329,91.3911,91.6816,91.9206,92.1195,92.2869,92.4293,92.5516,92.6575,92.7498,92.831,92.9028,92.966,93
31.7027,32.3327,32.9665,33.6041,34.2456,34.8909,35.5401,36.1933,36.8504,37.5115,38.1765,38.8456,39.5187,40.1959,40.8772,41.5625,42.252,42.9457,43.6436,44.3457,45.052,45.7625,46.4774,47.1966,47.9201,48.648,49.3803,50.117,50.8581,51.6038,52.3539,53.1085,53.8677,54.6315,55.3999,56.173,56.9507,57.7331,58.5202,59.3121,60.1087,60.9102,61.7165,62.5276,63.3437,64.1647,64.9906,65.8216,66.6575,67.4985,68.3446,69.1957,70.052,70.9135,71.7802,72.6521,73.5293,74.4118,75.2996,76.1927,77.0913,77.9952,78.9047,79.8196,80.74,81.666,82.5976,83.5348,84.4777,85.4262,86.3805,87.3406,88.3064,89.2781,90.0151,90.5847,91.0329,91.3911,91.6816,91.9206,92.1195,92.2869,92.4293,92.5516,92.6575,92.7498,92.831,92.9028,92.966,93
31.7027,32.3327,32.9665,33.6041,34.2456,34.8909,35.5401,36.1933,36.8504,37.5115,38.1765,38.8456,39.5187,40.1959,40.8772,41.5625,42.252,42.9457,43.6436,44.3457,45.052,45.7625,46.4774,47.1966,47.9201,48.648,49.3803,50.117,50.8581,51.6038,52.3539,53.1085,53.8677,54.6315,55.3999,56.173,56.9507,57.7331,58.5202,59.3121,60.1087,60.9102,61.7165,62.5276,63.3437,64.1647,64.9906,65.8216,66.6575,67.4985,68.3446,69.1957,70.052,70.9135,71.7802,72.6521,73.5293,74.4118,75.2996,76.1927,77.0913,77.9952,78.9047,79.8196,80.74,81.666,82.5976,83.5348,84.4777,85.4262,86.3805,87.3406,88.3064,89.2781,90.0151,90.5847,91.0329,91.3911,91.6816,91.9206,92.1195,92.2869,92.4293,92.5516,92.6575,92.7498,92.831,92.9028,92.966,93
31.7027,32.3327,32.9665,33.6041,34.2456,34.8909,35.5401,36.1933,36.8504,37.5115,38.1765,38.8456,39.5187,40.1959,40.8772,41.5625,42.252,42.9457,43.6436,44.3457,45.052,45.7625,46.4774,47.1966,47.9201,48.648,49.3803,50.117,50.8581,51.6038,52.3539,53.1085,53.8677,54.6315,55.3999,56.173,56.9507,57.7331,58.5202,59.3121,60.1087,60.9102,61.7165,62.5276,63.3437,64.1647,64.9906,65.8216,66.6575,67.4985,68.3446,69.1957,70.052,70.9135,71.7802,72.6521,73.5293,74.4118,75.2996,76.1927,77.0913,77.9952,78.9047,79.8196,80.74,81.666,82.5976,83.5348,84.4777,85.4262,86.3805,87.3406,88.3064,89.2781,90.0151,90.5847,91.0329,91.3911,91.6816,91.9206,92.1195,92.2869,92.4293,92.5516,92.6575,92.7498,92.831,92.9028,92.966,93
31.7027,32.3327,32.9665,33.6041,34.2456,34.8909,35.5401,36.1933,36.8504,37.5115,38.1765,38.8456,39.5187,40.1959,40.8772,41.5625,42.252,42.9457,43.6436,44.3457,45.052,45.7625,46.4774,47.1966,47.9201,48.648,49.3803,50.117,50.8581,51.6038,52.3539,53.1085,53.8677,54.6315,55.3999,56.173,56.9507,57.7331,58.5202,59.3121,60.1087,60.9102,61.7165,62.5276,63.3437,64.1647,64.9906,65.8216,66.6575,67.4985,68.3446,69.1957,70.052,70.9135,71.7802,72.6521,73.5293,74.4118,75.2996,76.1927,77.0913,77.9952,78.9047,79.8196,80.74,81.666,82.5976,83.5348,84.4777,85.4262,86.3805,87.3406,88.3064,89.2781,90.0151,90.5847,91.0329,91.3911,91.6816,91.9206,92.1195,92.2869,92.4293,92.5516,92.6575,92.7498,92.831,92.9028,92.966,93
31.7027,32.3327,32.9665,33.6041,34.2456,34.8909,35.5401,36.1933,36.8504,37.5115,38.1765,38.8456,39.5187,40.1959,40.8772,41.5625,42.252,42.9457,43.6436,44.3457,45.052,45.7625,46.4774,47.1966,47.9201,48.648,49.3803,50.117,50.8581,51.6038,52.3539,53.1085,53.8677,54.6315,55.3999,56.173,56.9507,57.7331,58.5202,59.3121,60.1087,60.9102,61.7165,62.5276,63.3437,64.1647,64.9906,65.8216,66.6575,67.4985,68.3446,69.1957,70.052,70.9135,71.7802,72.6521,73.5293,74.4118,75.2996,76.1927,77.0913,77.9952,78.9047,79.8196,80.74,81.666,82.5976,83.5348,84.4777,85.4262,86.3805,87.3406,88.3064,89.2781,90.0151,90.5847,91.0329,91.3911,91.6816,91.9206,92.1195,92.2869,92.4293,92.5516,92.6575,92.7498,92.831,92.9028,92.966,93
31.7027,32.3327,32.9665,33.6041,34.2456,34.8909,35.5401,36.1933,36.8504,37.5115,38.1765,38.8456,39.5187,40.1959,40.8772,41.5625,42.252,42.9457,43.6436,44.3457,45.052,45.7625,46.4774,47.1966,47.9201,48.648,49.3803,50.117,50.8581,51.6038,52.3539,53.1085,53.8677,54.6315,55.3999,56.173,56.9507,57.7331,58.5202,59.3121,60.1087,60.9102,61.7165,62.5276,63.3437,64.1647,64.9906,65.8216,66.6575,67.4985,68.3446,69.1957,70.052,70.9135,71.7802,72.6521,73.5293,74.4118,75.2996,76.1927,77.0913,77.9952,78.9047,79.8196,80.74,81.666,82.5976,83.5348,84.4777,85.4262,86.3805,87.3406,88.3064,89.2781,90.0151,90.5847,91.0329,91.3911,91.6816,91.9206,92.1195,92.2869,92.4293,92.5516,92.6575,92.7498,92.831,92.9028,92.966,93
31.7027,32.3327,32.9665,33.6041,34.2456,34.8909,35.5401,36.1933,36.8504,37.5115,38.1765,38.8456,39.5187,40.1959,40.8772,41.5625,42.252,42.9457,43.6436,44.3457,45.052,45.7625,46.4774,47.1966,47.9201,48.648,49.3803,50.117,50.8581,51.6038,52.3539,53.1085,53.8677,54.6315,55.3999,56.173,56.9507,57.7331,58.5202,59.3121,60.1087,60.9102,61.7165,62.5276,63.3437,64.1647,64.9906,65.8216,66.6575,67.4985,68.3446,69.1957,70.052,70.9135,71.7802,72.6521,73.5293,74.4118,75.2996,76.1927,77.0913,77.9952,78.9047,79.8196,80.74,81.666,82.5976,83.5348,84.4777,85.4262,86.3805,87.3406,88.3064,89.2781,90.0151,90.5847,91.0329,91.3911,91.6816,91.9206,92.1195,92.2869,92.4293,92.5516,92.6575,92.7498,92.831,92.9028,92.966,93
31.7027,32.3327,32.9665,33.6041,34.2456,34.8909,35.5401,36.1933,36.8504,37.5115,38.1765,38.8456,39.5187,40.1959,40.8772,41.5625,42.252,42.9457,43.6436,44.3457,45.052,45.7625,46.4774,47.1966,47.9201,48.648,49.3803,50.117,50.8581,51.6038,52.3539,53.1085,53.8677,54.6315,55.3999,56.173,56.9507,57.7331,58.5202,59.3121,60.1087,60.9102,61.7165,62.5276,63.3437,64.1647,64.9906,65.8216,66.6575,67.4985,68.3446,69.1957,70.052,70.9135,71.7802,72.6521,73.5293,74.4118,75.2996,76.1927,77.0913,77.9952,78.9047,79.8196,80.74,81.666,82.5976,83.5348,84.4777,85.4262,86.3805,87.3406,88.3064,89.2781,90.0151,90.5847,91.0329,91.3911,91.6816,91.9206,92.1195,92.2869,92.4293,92.5516,92.6575,92.7498,92.831,92.9028,92.966,93
31.7027,32.3327,32.9665,33.6041,34.2456,34.8909,35.5401,36.1933,36.8504,37.5115,38.1765,38.8456,39.5187,40.1959,40.8772,41.5625,42.252,42.9457,43.6436,44.3457,45.052,45.7625,46.4774,47.1966,47.9201,48.648,49.3803,50.117,50.8581,51.6038,52.3539,53.1085,53.8677,54.6315,55.3999,56.173,56.9507,57.7331,58.5202,59.3121,60.1087,60.9102,61.7165,62.5276,63.3437,64.1647,64.9906,65.8216,66.6575,67.4985,68.3446,69.1957,70.052,70.9135,71.7802,72.6521,73.5293,74.4118,75.2996,76.1927,77.0913,77.9952,78.9047,79.8196,80.74,81.666,82.5976,83.5348,84.4777,85.4262,86.3805,87.3406,88.3064,89.2781,90.0151,90.5847,91.0329,91.3911,91.6816,91.9206,92.1195,92.2869,92.4293,92.5516,92.6575,92.7498,92.831,92.9028,92.966,93
31.7027,32.3327,32.9665,33.6041,34.2456,34.8909,35.5401,36.1933,36.8504,37.5115,38.1765,38.8456,39.5187,40.1959,40.8772,41.5625,42.252,42.9457,43.6436,44.3457,45.052,45.7625,46.4774,47.1966,47.9201,48.648,49.3803,50.117,50.8581,51.6038,52.3539,53.1085,53.8677,54.6315,55.3999,56.173,56.9507,57.7331,58.5202,59.3121,60.1087,60.9102,61.7165,62.5276,63.3437,64.1647,64.9906,65.8216,66.6575,67.4985,68.3446,69.1957,70.052,70.9135,71.7802,72.6521,73.5293,74.4118,75.2996,76.1927,77.0913,77.9952,78.9047,79.8196,80.74,81.666,82.5976,83.5348,84.4777,85.4262,86.3805,87.3406,88.3064,89.2781,90.0151,90.5847,91.0329,91.3911,91.6816,91.9206,92.1195,92.2869,92.4293,92.5516,92.6575,92.7498,92.831,92.9028,92.966,93
31.7027,32.3327,32.9665,33.6041,34.2456,34.8909,35.5401,36.1933,36.8504,37.5115,38.1765,38.8456,39.5187,40.1959,40.8772,41.5625,42.252,42.9457,43.6436,44.3457,45.052,45.7625,46.4774,47.1966,47.9201,48.648,49.3803,50.117,50.8581,51.6038,52.3539,53.1085,53.8677,54.6315,55.3999,56.173,56.9507,57.7331,58.5202,59.3121,60.1087,60.9102,61.7165,62.5276,63.3437,64.1647,64.9906,65.8216,66.6575,67.4985,68.3446,69.1957,70.052,70.9135,71.7802,72.6521,73.5293,74.4118,75.2996,76.1927,77.0913,77.9952,78.9047,79.8196,80.74,81.666,82.5976,83.5348,84.4777,85.4262,86.3805,87.3406,88.3064,89.2781,90.0151,90.5847,91.0329,91.3911,91.6816,91.9206,92.1195,92.2869,92.4293,92.5516,92.6575,92.7498,92.831,92.9028,92.966,93
31.7027,32.3327,32.9665,33.6041,34.2456,34.8909,35.5401,36.1933,36.8504,37.5115,38.1765,38.8456,39.5187,40.1959,40.8772,41.5625,42.252,42.9457,43.6436,44.3457,45.052,45.7625,46.4774,47.1966,47.9201,48.648,49.3803,50.117,50.8581,51.6038,52.3539,53.1085,53.8677,54.6315,55.3999,56.173,56.9507,57.7331,58.5202,59.3121,60.1087,60.9102,61.7165,62.5276,63.3437,64.1647,64.9906,65.8216,66.6575,67.4985,68.3446,69.1957,70.052,70.9135,71.7802,72.6521,73.5293,74.4118,75.2996,76.1927,77.0913,77.9952,78.9047,79.8196,80.74,81.666,82.5976,83.5348,84.4777,85.4262,86.3805,87.3406,88.3064,89.2781,90.0151,90.5847,91.0329,91.3911,91.6816,91.9206,92.1195,92.2869,92.4293,92.5516,92.6575,92.7498,92.831,92.9028,92.966,93
31.7027,32.3327,32.9665,33.6041,34.2456,34.8909,35.5401,36.1933,36.8504,37.5115,38.1765,38.8456,39.5187,40.1959,40.8772,41.5625,42.252,42.9457,43.6436,44.3457,45.052,45.7625,46.4774,47.1966,47.9201,48.648,49.3803,50.117,50.8581,51.6038,52.3539,53.1085,53.8677,54.6315,55.3999,56.173,56.9507,57.7331,58.5202,59.3121,60.1087,60.9102,61.7165,62.5276,63.3437,64.1647,64.9906,65.8216,66.6575,67.4985,68.3446,69.1957,70.052,70.9135,71.7802,72.6521,73.5293,74.4118,75.2996,76.1927,77.0913,77.9952,78.9047,79.8196,80.74,81.666,82.5976,83.5348,84.4777,85.4262,86.3805,87.3406,88.3064,89.2781,90.0151,90.5847,91.0329,91.3911,91.6816,91.9206,92.1195,92.2869,92.4293,92.5516,92.6575,92.7498,92.831,92.9028,92.966,93
31.7027,32.3327,32.9665,33.6041,34.2456,34.8909,35.5401,36.1933,36.8504,37.5115,38.1765,38.8456,39.5187,40.1959,40.8772,41.5625,42.252,42.9457,43.6436,44.3457,45.052,45.7625,46.4774,47.1966,47.9201,48.648,49.3803,50.117,50.8581,51.6038,52.3539,53.1085,53.8677,54.6315,55.3999,56.173,56.9507,57.7331,58.5202,59.3121,60.1087,60.9102,61.7165,62.5276,63.3437,64.1647,64.9906,65.8216,66.6575,67.4985,68.3446,69.1957,70.052,70.9135,71.7802,72.6521,73.5293,74.4118,75.2996,76.1927,77.0913,77.9952,78.9047,79.8196,80.74,81.666,82.5976,83.5348,84.4777,85.4262,86.3805,87.3406,88.3064,89.2781,90.0151,90.5847,91.0329,91.3911,91.6816,91.9206,92.1195,92.2869,92.4293,92.5516,92.6575,92.7498,92.831,92.9028,92.966,93
31.7027,32.3327,32.9665,33.6041,34.2456,34.8909,35.5401,36.1933,36.8504,37.5115,38.1765,38.8456,39.5187,40.1959,40.8772,41.5625,42.252,42.9457,43.6436,44.3457,45.052,45.7625,46.4774,47.1966,47.9201,48.648,49.3803,50.117,50.8581,51.6038,52.3539,53.1085,53.8677,54.6315,55.3999,56.173,56.9507,57.7331,58.5202,59.3121,60.1087,60.9102,61.7165,62.5276,63.3437,64.1647,64.9906,65.8216,66.6575,67.4985,68.3446,69.1957,70.052,70.9135,71.7802,72.6521,73.5293,74.4118,75.2996,76.1927,77.0913,77.9952,78.9047,79.8196,80.74,81.666,82.5976,83.5348,84.4777,85.4262,86.3805,87.3406,88.3064,89.2781,90.0151,90.5847,91.0329,91.3911,91.6816,91.9206,92.1195,92.2869,92.4293,92.5516,92.6575,92.7498,92.831,92.9028,92.966,93
31.7027,32.3327,32.9665,33.6041,34.2456,34.8909,35.5401,36.1933,36.8504,37.5115,38.1765,38.8456,39.5187,40.1959,40.8772,41.5625,42.252,42.9457,43.6436,44.3457,45.052,45.7625,46.4774,47.1966,47.9201,48.648,49.3803,50.117,50.8581,51.6038,52.3539,53.1085,53.8677,54.6315,55.3999,56.173,56.9507,57.7331,58.5202,59.3121,60.1087,60.9102,61.7165,62.5276,63.3437,64.1647,64.9906,65.8216,66.6575,67.4985,68.3446,69.1957,70.052,70.9135,71.7802,72.6521,73.5293,74.4118,75.2996,76.1927,77.0913,77.9952,78.9047,79.8196,80.74,81.666,82.5976,83.5348,84.4777,85.4262,86.3805,87.3406,88.3064,89.2781,90.0151,90.5847,91.0329,91.3911,91.6816,91.9206,92.1195,92.2869,92.4293,92.5516,92.6575,92.7498,92.831,92.9028,92.966,93
